{"type": "FeatureCollection", "features": [{"type": "Feature", "id": "1", "geometry": {"type": "Point", "coordinates": [98.25, 8.8]}, "properties": {"id": 1, "author": "Hori, K., R. Kuzumoto, D. Hirouchi, M. Umitsu, N. Janjirawuttikul, and B. Patanakanog", "year": "2007", "referenceId": 3407, "publicationType": 4, "event": "2004 Indian Ocean Earthquake & Tsunami", "geologicAgeId": 15, "yearBegin": 2004, "yearEnd": 2004, "locationName": "Nam Khem and Khao Lak, W. Thailand", "country": "THAILAND", "bodyOfWater": "Indian Ocean", "description": "no landward decrease in sediment, moved large amounts of sediment from sea floor to shore", "environment": "low lying coastal plain", "publish": true, "ageDescription": "December 26, 2004", "numTsunamiEvents": 0}}, {"type": "Feature", "id": "2", "geometry": {"type": "Point", "coordinates": [15.25, 37.25]}, "properties": {"id": 2, "author": "Scicchitano, Giovanni, Carmelo Monaco, and Luigi Tortorici", "year": "2007", "referenceId": 4255, "publicationType": 4, "event": "Storm versus tsunami", "geologicAgeId": 15, "locationName": "Ionian coast, southeast Sicily between Augusta and Siracusa", "country": "ITALY", "bodyOfWater": "Mediterranean Sea", "description": "boulders; show karst pools exposed fracture surfaces=detached from mid supralittoral zone", "publish": true, "ageDescription": "Holocene", "numTsunamiEvents": 0}}, {"type": "Feature", "id": "3", "geometry": {"type": "Point", "coordinates": [17.0, 40.0]}, "properties": {"id": 3, "author": "Mastronuzzi, Giuseppe and Paolo Sanso", "year": "2004", "referenceId": 3135, "publicationType": 4, "event": "1667 and 1743 Earthquake Tsunami", "geologicAgeId": 15, "yearBegin": 1667, "yearEnd": 1743, "locationName": "SE Salento (Apulia region, Italy)", "country": "ITALY", "bodyOfWater": "Mediterranean Sea", "description": "deposits overlay platform, 2 boulder ridges", "publish": true, "ageDescription": "1743", "numTsunamiEvents": 0}}, {"type": "Feature", "id": "4", "geometry": {"type": "Point", "coordinates": [-16.3, 21.6]}, "properties": {"id": 4, "author": "Hearty, Paul J.", "year": "2002", "referenceId": 4254, "publicationType": 4, "event": "Hawaii uplift", "geologicAgeId": 15, "locationName": "Kaena Point, Oahu, Hawaii", "country": "USA", "bodyOfWater": "Pacific Ocean", "description": "Marine to subaerial 28M", "environment": "Uplifted Beach Rock", "publish": true, "ageDescription": "Late Pleistocene", "numTsunamiEvents": 0}}, {"type": "Feature", "id": "5", "geometry": {"type": "Point", "coordinates": [-98.5, 22.0]}, "properties": {"id": 5, "author": "Schulte, Peter, Wolfgang Stinnesbeck, Agnes Kontny, Doris Stueben, Utz Kramar, and Markus Harting", "year": "2002", "referenceId": 4861, "publicationType": 1, "event": "K/T Boundary Impact", "geologicAgeId": 13, "locationName": "Mexico (northeast)", "country": "MEXICO", "bodyOfWater": "Tethys", "description": "submarine; turbidite / proximal ejecta", "environment": "Slump deposit", "publish": true, "ageDescription": "Cretaceous-Tertiary (K/T) Boundary", "numTsunamiEvents": 0}}, {"type": "Feature", "id": "6", "geometry": {"type": "Point", "coordinates": [-100.0, 43.0]}, "properties": {"id": 6, "author": "Harries, Peter J., Kirk R. Johnson, William A. Cobban, and Douglas J. Nichols", "year": "2002", "referenceId": 5062, "publicationType": 4, "event": "K/T Boundary Impact", "geologicAgeId": 13, "locationName": "South Dakota, USA", "country": "USA", "bodyOfWater": "Tethys", "description": "deltaic; disrupted sediments", "environment": "Delta deposit", "publish": true, "ageDescription": "Cretaceous-Tertiary (K/T) Boundary", "numTsunamiEvents": 0}}, {"type": "Feature", "id": "7", "geometry": {"type": "Point", "coordinates": [-76.0, 30.0]}, "properties": {"id": 7, "author": "MacLeod, K.G., Huber, B.T., and Fullagar, P.D.", "year": "2001", "referenceId": 4257, "publicationType": 4, "event": "K/T Boundary Impact", "geologicAgeId": 13, "locationName": "ODP Hole 1049C", "country": "USA", "bodyOfWater": "Tethys", "description": "deep sea; clay layer in ooze", "environment": "Pelagic ooze", "publish": true, "ageDescription": "Cretaceous-Tertiary (K/T) Boundary", "numTsunamiEvents": 0}}, {"type": "Feature", "id": "8", "geometry": {"type": "Point", "coordinates": [-100.0, 25.0]}, "properties": {"id": 8, "author": "Soria, A.R., C.L. Liesa, M.P.Mata, J.A. Arz, L. Alegret, I. Arenillas, A. Melendez", "year": "2001", "referenceId": 4258, "publicationType": 4, "event": "K/T Boundary Impact", "geologicAgeId": 13, "locationName": "El Tecolote, NE Mexico", "country": "MEXICO", "bodyOfWater": "Tethys", "description": "shallow to deep", "environment": "Submarine Turbidite Flow", "publish": true, "ageDescription": "Cretaceous-Tertiary (K/T) Boundary", "numTsunamiEvents": 0}}, {"type": "Feature", "id": "10", "geometry": {"type": "Point", "coordinates": [-97.0, 32.0]}, "properties": {"id": 10, "author": "Bourgeois, J., Hansen, T. A., Wiberg, P.L. and Kauffman, E.G.", "year": "1988", "referenceId": 4261, "publicationType": 4, "event": "K/T Boundary Impact", "geologicAgeId": 13, "locationName": "Brazos River, Texas, USA", "country": "USA", "bodyOfWater": "Tethys", "description": "turbidity current", "environment": "Midshelf 200m Submarine", "publish": true, "ageDescription": "Cretaceous-Tertiary (K/T) Boundary", "numTsunamiEvents": 0}}, {"type": "Feature", "id": "11", "geometry": {"type": "Point", "coordinates": [-85.4, 23.8]}, "properties": {"id": 11, "author": "Bralower, Timolhy J., Charles K. Paull, R. Mark Leckie", "year": "1998", "referenceId": 4397, "publicationType": 4, "event": "K/T Boundary Impact", "geologicAgeId": 13, "locationName": "Gulf of Mexico,ODP 537,538", "country": "MEXICO", "bodyOfWater": "Tethys", "environment": "shallow to deep", "publish": true, "ageDescription": "Cretaceous-Tertiary (K/T) Boundary", "numTsunamiEvents": 0}}, {"type": "Feature", "id": "12", "geometry": {"type": "Point", "coordinates": [-73.0, 20.0]}, "properties": {"id": 12, "author": "Smit, J., T.B. Roep, W. Alvarez, A. Montanari, P. Claeys, J.M. Grajales-Nishimura and\r\n J. Bermudez", "year": "1996", "referenceId": 3084, "publicationType": 4, "event": "K/T Boundary Impact", "geologicAgeId": 13, "locationName": "Gulf of Mexico", "country": "MEXICO", "bodyOfWater": "Tethys", "environment": "Coarse Grain sandstone", "publish": true, "ageDescription": "Cretaceous-Tertiary (K/T) Boundary", "numTsunamiEvents": 0}}, {"type": "Feature", "id": "13", "geometry": {"type": "Point", "coordinates": [-1.0, 6.5]}, "properties": {"id": 13, "author": "Scholz, C.A., Karp, T., Brooks, K.M., Milkereit, B., Amoako, P.Y.O., and Arko, J.A.", "year": "2002", "referenceId": 4265, "publicationType": 4, "event": "Bosumtwi Impact Structure", "geologicAgeId": 13, "locationName": "Ghana", "country": "GHANA", "bodyOfWater": "Atlantic Ocean", "description": "Ivory Coast tektite field", "environment": "lake sediments in crater", "publish": true, "ageDescription": "Cretaceous-Tertiary (K/T) Boundary", "numTsunamiEvents": 0}}, {"type": "Feature", "id": "14", "geometry": {"type": "Point", "coordinates": [105.25, -6.0]}, "properties": {"id": 14, "author": "Nomanbhoy, Nazli, Kenji Satake", "year": "1995", "referenceId": 4266, "publicationType": 4, "event": "1883 Krakatau Eruption", "geologicAgeId": 15, "yearBegin": 1883, "yearEnd": 1883, "locationName": "Krakatau, Indonesia", "country": "INDONESIA", "bodyOfWater": "Indian Ocean", "publish": true, "ageDescription": "August 1883", "numTsunamiEvents": 0}}, {"type": "Feature", "id": "15", "geometry": {"type": "Point", "coordinates": [-176.0, -20.0]}, "properties": {"id": 15, "author": "Dickinson, William R., David V. Burley, and Richard Shutler, Jr.", "year": "1999", "referenceId": 3048, "publicationType": 4, "event": "1853 Christmas Eve Earthquake", "geologicAgeId": 15, "yearBegin": 1853, "yearEnd": 1853, "locationName": "Tongatapu Island (northwest), Tonga", "country": "TONGA", "bodyOfWater": "Pacific Ocean", "environment": "Displaced coral blocks", "publish": true, "ageDescription": "1853", "numTsunamiEvents": 0}}, {"type": "Feature", "id": "16", "geometry": {"type": "Point", "coordinates": [-100.0, 43.0]}, "properties": {"id": 16, "author": "Terry, Dennis O., Jr., John A. Chamberlain, Jr., Philip W. Stoffer, Paula Messina, and Patricia A. Jannett", "year": "2001", "referenceId": 5061, "publicationType": 4, "event": "K/T Boundary Impact", "geologicAgeId": 13, "locationName": "South Dakota, USA", "country": "USA", "bodyOfWater": "Tethys", "description": "land based; Fox Hills", "publish": true, "ageDescription": "Cretaceous-Tertiary (K/T) Boundary", "numTsunamiEvents": 0}}, {"type": "Feature", "id": "17", "geometry": {"type": "Point", "coordinates": [-157.0, 20.8]}, "properties": {"id": 17, "author": "Felton, E. Anne, Keith A.W. Crook, Barbara H. Keating, and E. Alison Kay", "year": "2006", "referenceId": 3267, "publicationType": 4, "event": "Megatsunami", "geologicAgeId": 15, "locationName": "Lanai (south flank), Hawaii", "country": "USA", "bodyOfWater": "Pacific Ocean", "description": "fills gullies & lower slopes;  glacio-eustasy", "environment": "rocky coast", "publish": true, "ageDescription": "Pleistocene", "numTsunamiEvents": 0}}, {"type": "Feature", "id": "18", "geometry": {"type": "Point", "coordinates": [-95.0, 22.0]}, "properties": {"id": 18, "author": "Alegret, L., E. Molina, and E. Thomas", "year": "2003", "referenceId": 4748, "publicationType": 4, "event": "K/T Boundary Impact", "geologicAgeId": 13, "locationName": "Mexico (northeast)", "country": "MEXICO", "bodyOfWater": "Tethys", "description": "Turbidity current", "environment": "shallow to deep sea", "publish": true, "ageDescription": "Cretaceous-Tertiary (K/T) Boundary", "numTsunamiEvents": 0}}, {"type": "Feature", "id": "19", "geometry": {"type": "Point", "coordinates": [-97.0, 31.25]}, "properties": {"id": 19, "author": "Gale, A.S.", "year": "2006", "referenceId": 4759, "publicationType": 4, "event": "K/T Boundary Impact", "geologicAgeId": 13, "locationName": "Brazos River, Texas, USA", "country": "USA", "bodyOfWater": "Tethys", "description": "transgressional sequence", "publish": true, "ageDescription": "Cretaceous-Tertiary (K/T) Boundary", "numTsunamiEvents": 0}}, {"type": "Feature", "id": "20", "geometry": {"type": "Point", "coordinates": [-1.2, 60.5]}, "properties": {"id": 20, "author": "Dawson, A.G., S. Dawson and S. Bondevik", "year": "2006", "referenceId": 4735, "publicationType": 4, "event": "Landslide tsunami", "geologicAgeId": 15, "locationName": "Basta Voe, Isle of Yell, Shetland Islands, England", "country": "UK", "bodyOfWater": "Atlantic Ocean", "publish": true, "ageDescription": "Holocene", "numTsunamiEvents": 0}}, {"type": "Feature", "id": "21", "geometry": {"type": "Point", "coordinates": [174.8, -35.5]}, "properties": {"id": 21, "author": "de Lange, Willem P., Peter J. de Lange, Vicki G. Moon", "year": "2006", "referenceId": 3187, "publicationType": 4, "event": "Boulders", "geologicAgeId": 15, "yearBegin": 1996, "yearEnd": 1996, "locationName": "Aorangi Island, Poor Knights Islands, north New Zealand", "country": "NEW ZEALAND", "bodyOfWater": "Pacific Ocean", "description": "boulder transport by waterspout in 1996 storm", "environment": "beach", "publish": true, "ageDescription": "1996", "numTsunamiEvents": 0}}, {"type": "Feature", "id": "22", "geometry": {"type": "Point", "coordinates": [-9.5, 38.0]}, "properties": {"id": 22, "author": "Gutscher, Marc-Andre", "year": "2005", "referenceId": 3161, "publicationType": 4, "event": "Earthquake and tsunami", "geologicAgeId": 15, "locationName": "Iberia (southwest)", "country": "PORTUGAL", "bodyOfWater": "Atlantic Ocean", "description": "avalanche; turbidite", "publish": true, "ageDescription": "11,600 BP", "numTsunamiEvents": 0}}, {"type": "Feature", "id": "23", "geometry": {"type": "Point", "coordinates": [-7.0, 36.5]}, "properties": {"id": 23, "author": "Wynn, R.B., and B.T. Cronin", "year": "2005", "referenceId": 4734, "publicationType": 2, "event": "Turbidites", "geologicAgeId": 15, "locationName": "Agadir Basin, Gulf of Cadiz southeast Spain, northwest African Margin", "country": "SPAIN", "bodyOfWater": "Atlantic Ocean", "description": "deep water gravity flow processes", "publish": true, "ageDescription": "200,000 BP", "numTsunamiEvents": 0}}, {"type": "Feature", "id": "24", "geometry": {"type": "Point", "coordinates": [30.0, 31.5]}, "properties": {"id": 24, "author": "Stanley, Jean-Daniel and Maria Pia Bernasconi", "year": "2006", "referenceId": 5073, "publicationType": 4, "event": "Trapped sediments in harbor", "geologicAgeId": 15, "locationName": "Alexandria's Eastern Harbor, Egypt", "country": "EGYPT", "bodyOfWater": "Mediterranean Sea", "description": "flooded during transgression at 8,000 yBP, sediments from shelf driven into basin", "environment": "lagoon", "publish": true, "ageDescription": "8000 BP", "numTsunamiEvents": 0}}, {"type": "Feature", "id": "25", "geometry": {"type": "Point", "coordinates": [96.0, 2.5]}, "properties": {"id": 25, "author": "Razzhigaeva, N.G., L.A. Ganzei, T.A. Grebennikova, E.D. Ivanova, and V.M. Kaistrenko", "year": "2006", "referenceId": 4951, "publicationType": 4, "event": "2004 Indian Ocean Earthquake & Tsunami", "geologicAgeId": 15, "yearBegin": 2004, "yearEnd": 2004, "locationName": "Simelue Island, Medan coast West Sumatra", "country": "INDONESIA", "bodyOfWater": "Indian Ocean", "publish": true, "ageDescription": "December 26, 2004", "numTsunamiEvents": 0}}, {"type": "Feature", "id": "26", "geometry": {"type": "Point", "coordinates": [-16.0, 28.0]}, "properties": {"id": 26, "author": "Hildenbrand, A., P.-Y. Gillot, V. Soler, and P. Lahitte", "year": "2003", "referenceId": 4348, "publicationType": 4, "event": "Island uplift versus megatsunami", "locationName": "Canary Islands", "country": "SPAIN", "bodyOfWater": "Atlantic Ocean", "description": "MC on Terraces", "publish": true, "ageDescription": "Geologic", "numTsunamiEvents": 0}}, {"type": "Feature", "id": "27", "geometry": {"type": "Point", "coordinates": [144.8, 43.0]}, "properties": {"id": 27, "author": "Sawai, Yuki", "year": "2001", "referenceId": 4942, "publicationType": 4, "event": "Hokkaido recurrence rate", "geologicAgeId": 15, "locationName": "Akkeshi estuary, E. Hokkaido", "country": "JAPAN", "bodyOfWater": "Pacific Ocean", "description": "uplifted marine terraces while tide gauges show submergences", "environment": "estuary", "publish": true, "ageDescription": "Last 3000 years", "numTsunamiEvents": 0}}, {"type": "Feature", "id": "28", "geometry": {"type": "Point", "coordinates": [145.5, 43.25]}, "properties": {"id": 28, "author": "Sawai, Yuki and Hiroo Nasu", "year": "2005", "referenceId": 4941, "publicationType": 4, "event": "Kuril Subduction Zone", "geologicAgeId": 15, "locationName": "Onnetoh, SE Hokkaido, N. Japan", "country": "JAPAN", "bodyOfWater": "Pacific Ocean", "environment": "freshwater forests, high & low marsh tidal channels", "publish": true, "ageDescription": "Late Holocene", "numTsunamiEvents": 0}}, {"type": "Feature", "id": "29", "geometry": {"type": "Point", "coordinates": [-85.0, 22.0]}, "properties": {"id": 29, "author": "Matsui, Takafumi, F. Imamura, Eiichi Tajika, Y. Nakano, and Y. Fujisawa", "year": "2002", "referenceId": 4777, "publicationType": 4, "event": "K/T Boundary Impact", "geologicAgeId": 13, "locationName": "Gulf of Mexico", "country": "MEXICO", "bodyOfWater": "Tethys", "description": "model", "environment": "open ocean", "publish": true, "ageDescription": "Cretaceous-Tertiary (K/T) Boundary", "numTsunamiEvents": 0}}, {"type": "Feature", "id": "31", "geometry": {"type": "Point", "coordinates": [-70.0, 21.0]}, "properties": {"id": 31, "author": "Nigam, R. and S.K. Chaturvedi", "year": "2006", "referenceId": 3172, "publicationType": 4, "event": "Storm versus tsunami", "geologicAgeId": 15, "locationName": "Kachchh coast, Gujarat Province, northwest India", "country": "INDIA", "bodyOfWater": "Indian Ocean", "description": "inverted depositional sequences; shallowing, deep water forms deposited in shallow water", "publish": true, "ageDescription": "8000 & 10000 BP", "numTsunamiEvents": 0}}, {"type": "Feature", "id": "32", "geometry": {"type": "Point", "coordinates": [1.0, 37.0]}, "properties": {"id": 32, "author": "Alfaro, P., J. Delgado, A. Estevez, J.M. Molina, M. Moretti, and J.M. Soria", "year": "2002", "referenceId": 5066, "publicationType": 4, "event": "Tempestite (storm waves) previously interpreted as seismites", "geologicAgeId": 14, "locationName": "Betic Cordillera, SE Spain", "country": "SPAIN", "bodyOfWater": "Mediterranean Sea", "publish": true, "ageDescription": "Upper Miocene", "numTsunamiEvents": 0}}, {"type": "Feature", "id": "33", "geometry": {"type": "Point", "coordinates": [-64.0, 31.0]}, "properties": {"id": 33, "author": "Norris, R.D., J. Firth, J.S. Blusztajn, G. Ravizza", "year": "2000", "referenceId": 4331, "publicationType": 4, "event": "K/T Boundary Impact", "geologicAgeId": 13, "locationName": "DSDP sites 386 and 387, Bermuda Rise", "country": "USA", "bodyOfWater": "Tethys", "description": "gravity current features; submarine slope failure", "environment": "2 Deep Sea Cores", "publish": true, "ageDescription": "Cretaceous-Paleogene", "numTsunamiEvents": 0}}, {"type": "Feature", "id": "35", "geometry": {"type": "Point", "coordinates": [-73.5, -16.0]}, "properties": {"id": 35, "author": "Stirling, Mark, Robert Langridge, Rafael Benites, and Hector Aleman", "year": "2003", "referenceId": 3010, "publicationType": 4, "event": "2001 Peru Earthquake & Tsunami", "geologicAgeId": 15, "yearBegin": 2001, "yearEnd": 2001, "locationName": "Peru (south)", "country": "PERU", "bodyOfWater": "Pacific Ocean", "description": "Sand bar breached, development of lagoons deposition of sands & gravels inland", "environment": "Beach", "publish": true, "ageDescription": "June 6, 2001", "numTsunamiEvents": 0}}, {"type": "Feature", "id": "36", "geometry": {"type": "Point", "coordinates": [40.0, -3.0]}, "properties": {"id": 36, "author": "Bahlburg, H., R. Weisz, and Kai W\u00fcnnemann", "year": "2003", "referenceId": 5064, "publicationType": 1, "event": "Chicxulub Impact", "geologicAgeId": 13, "locationName": "K/T Boundary", "country": "UNKNOWN", "bodyOfWater": "Tethys", "description": "modeling", "publish": true, "ageDescription": "Cretaceous-Tertiary (K/T) Boundary", "numTsunamiEvents": 0}}, {"type": "Feature", "id": "37", "geometry": {"type": "Point", "coordinates": [163.0, 56.0]}, "properties": {"id": 37, "author": "Dypvik, Henning and Lubomir F. Jansa", "year": "2003", "referenceId": 3191, "publicationType": 4, "event": "Bolide Impact tsunami", "geologicAgeId": 13, "locationName": "Bering Sea", "country": "RUSSIA", "bodyOfWater": "Pacific Ocean", "description": "large collapse features", "environment": "collapse struct. 100sM", "publish": true, "ageDescription": "Cretaceous-Tertiary (K/T) Boundary", "numTsunamiEvents": 0}}, {"type": "Feature", "id": "38", "geometry": {"type": "Point", "coordinates": [-98.3, 22.0]}, "properties": {"id": 38, "author": "Keller, G., W. Stinnesbeck, E. Adatte, and D. Stuben", "year": "2003", "referenceId": 4332, "publicationType": 4, "event": "K/T Boundary Impact", "geologicAgeId": 13, "locationName": "Mexico (northeast)", "country": "MEXICO", "bodyOfWater": "Tethys", "description": "wide spread erosion", "environment": "Deep Sea 500+ m", "publish": true, "ageDescription": "Cretaceous-Tertiary (K/T) Boundary", "numTsunamiEvents": 0}}, {"type": "Feature", "id": "39", "geometry": {"type": "Point", "coordinates": [76.0, 9.0]}, "properties": {"id": 39, "author": "Rasheed, K.A.A., Das, V.K., Revichandran, C., Vijayan, P.R., and Thottam, T.J.", "year": "2006", "referenceId": 4286, "publicationType": 4, "event": "2004 Indian Ocean Earthquake & Tsunami", "geologicAgeId": 15, "yearBegin": 2004, "yearEnd": 2004, "locationName": "Kollam, Alleppey, Ernakulam (southwest coast)", "country": "INDIA", "bodyOfWater": "Indian Ocean", "description": "landward transport of beach material during runup, berm height reduced", "publish": true, "ageDescription": "December 26, 2004", "numTsunamiEvents": 0}}, {"type": "Feature", "id": "40", "geometry": {"type": "Point", "coordinates": [-170.0, -14.0]}, "properties": {"id": 40, "author": "Goodwin, Ian D., Eric E. Grossman", "year": "2003", "referenceId": 4349, "publicationType": 4, "event": "Shift from coral to sand", "geologicAgeId": 15, "locationName": "S.  Upolu Island, Samoa", "country": "SAMOA", "bodyOfWater": "Pacific Ocean", "description": "transgression, regression; shallowing", "environment": "coastal", "publish": true, "ageDescription": "Late Holocene", "numTsunamiEvents": 0}}, {"type": "Feature", "id": "41", "geometry": {"type": "Point", "coordinates": [15.0, 38.0]}, "properties": {"id": 41, "author": "Piatanesi, A., S. Tinti, E. Bortolucci", "year": "1999", "referenceId": 4350, "publicationType": 4, "event": "1908 Messina Earthquake & Tsunami", "geologicAgeId": 15, "yearBegin": 1908, "yearEnd": 1908, "locationName": "Messina Strait, South Italy", "country": "ITALY", "bodyOfWater": "Mediterranean Sea", "publish": true, "ageDescription": "December 28, 1908", "numTsunamiEvents": 0}}, {"type": "Feature", "id": "42", "geometry": {"type": "Point", "coordinates": [24.0, 39.0]}, "properties": {"id": 42, "author": "Pirazzoli, P.A., S.C. Stiros, M. Arnold, J. Laborel, F. Laborel-Deguen", "year": "1999", "referenceId": 4351, "publicationType": 4, "event": "Tsunami deposits", "geologicAgeId": 15, "locationName": "Kynos, Gulf Euboea, Central Greece", "country": "GREECE", "bodyOfWater": "Mediterranean Sea", "description": "between 1380 and 965 B.C. and 360 B.C. and AD. 210", "publish": true, "ageDescription": "Late Holocene", "numTsunamiEvents": 0}}, {"type": "Feature", "id": "43", "geometry": {"type": "Point", "coordinates": [-124.0, 46.0]}, "properties": {"id": 43, "author": "Shennan, I., A.J. Long, M.M. Rutherford, F.M. Green, J.B. Innes, J.M. Lloyd, Y. Zong, K.J. Walker", "year": "1996", "referenceId": 4352, "publicationType": 4, "event": "Tsunami deposits", "geologicAgeId": 15, "locationName": "Washington, USA", "country": "USA", "bodyOfWater": "Pacific Ocean", "description": "subsidence", "publish": true, "ageDescription": "Last 5000 years", "numTsunamiEvents": 0}}, {"type": "Feature", "id": "46", "geometry": {"type": "Point", "coordinates": [175.7, -37.0]}, "properties": {"id": 46, "author": "Nichol, Scott L., Herve Regnauld, and James R. Goff", "year": "2004", "referenceId": 3171, "publicationType": 4, "event": "15th Century eruption of Mt Healy caldera", "geologicAgeId": 15, "yearBegin": 1343, "yearEnd": 1493, "locationName": "Henderson Bay, New Zealand", "country": "NEW ZEALAND", "bodyOfWater": "Pacific Ocean", "environment": "sand dune & marsh", "publish": true, "ageDescription": "660\u0096510 years BP", "numTsunamiEvents": 0}}, {"type": "Feature", "id": "47", "geometry": {"type": "Point", "coordinates": [168.0, -44.6]}, "properties": {"id": 47, "author": "Goff, J R; Wells, A; Chague-Goff, C; Nichol, S L; Devoy, R J N", "year": "2004", "referenceId": 5311, "publicationType": 4, "event": "1826 South Westland Tsunami", "geologicAgeId": 15, "yearBegin": 1826, "yearEnd": 1826, "locationName": "Milford Sound, New Zealand", "country": "NEW ZEALAND", "bodyOfWater": "Pacific Ocean", "description": "1826 Whaling Report; Timber Lag mountain slope", "publish": true, "ageDescription": "1826", "numTsunamiEvents": 0}}, {"type": "Feature", "id": "48", "geometry": {"type": "Point", "coordinates": [-157.7, 20.1]}, "properties": {"id": 48, "author": "McMurtry, G.M, G.J. Fryer, D.R. Tappin, I.P. Wilkinson, M. Williams, J. Fietzke, D. Garbe-Schoenberg, and P. Watts", "year": "2004", "referenceId": 2961, "publicationType": 4, "event": "Coral/Boulder Conglomerate 110  <u>+</U>10 ka", "geologicAgeId": 15, "locationName": "Kohala, Hawaii", "country": "USA", "bodyOfWater": "Pacific Ocean", "environment": "coastal", "publish": true, "ageDescription": "120 ka giant Alika 2 landslide from Mauna Loa volcano", "numTsunamiEvents": 0}}, {"type": "Feature", "id": "50", "geometry": {"type": "Point", "coordinates": [-89.0, 20.2]}, "properties": {"id": 50, "author": "Urrutia-Fucugauchi, Jaime, A.M. Soler-Arechalde, Mario Rebolledo-Vieyra, and P. Vera-Sanchez", "year": "2004", "referenceId": 4867, "publicationType": 4, "event": "K/T Boundary Impact", "geologicAgeId": 13, "locationName": "Yaxcopoil-1 borehole", "country": "MEXICO", "bodyOfWater": "Tethys", "description": "impact drill hole", "publish": true, "ageDescription": "Cretaceous-Tertiary (K/T) Boundary", "numTsunamiEvents": 0}}, {"type": "Feature", "id": "51", "geometry": {"type": "Point", "coordinates": [140.5, -3.0]}, "properties": {"id": 51, "author": "Tappin, D.R., Watts, P., Matsumoto, T.", "year": "2003", "referenceId": 4312, "publicationType": 4, "event": "1998 Papua New Guinea Earthquake & Tsunami", "geologicAgeId": 15, "yearBegin": 1998, "yearEnd": 1998, "locationName": "Sissano Lagoon, Aitape, Papua New Guinea", "country": "PAPUA NEW GUINEA", "bodyOfWater": "Pacific Ocean", "description": "Submarine Slump", "environment": "submarine slope", "publish": true, "ageDescription": "July 17, 1998", "numTsunamiEvents": 0}}, {"type": "Feature", "id": "52", "geometry": {"type": "Point", "coordinates": [-140.0, -10.0]}, "properties": {"id": 52, "author": "Okal, Emile A., Gerard J. Fryer, Jos\u00e9 C. Borrero, and Christophe Ruscher", "year": "2002", "referenceId": 3395, "publicationType": 4, "event": "1999 Fatu Hiva Landslide & Tsunami", "geologicAgeId": 15, "yearBegin": 1999, "yearEnd": 1999, "locationName": "Marquesas Islands", "country": "FRENCH POLYNESIA", "bodyOfWater": "Pacific Ocean", "description": "island landslide", "environment": "submarine/subaerial", "publish": true, "ageDescription": "September 1999", "numTsunamiEvents": 0}}, {"type": "Feature", "id": "53", "geometry": {"type": "Point", "coordinates": [15.0, 38.0]}, "properties": {"id": 53, "author": "Maramai, A., L. Graziani, G. Alessio, P. Burrato, L. Colini, L. Cucci, R. Nappi, A. Nardi, G. Vilardo", "year": "2005", "referenceId": 4395, "publicationType": 4, "event": "2002 Stromboli Eruption & Tsunami", "geologicAgeId": 15, "yearBegin": 2002, "yearEnd": 2002, "locationName": "Italy", "country": "ITALY", "bodyOfWater": "Mediterranean Sea", "description": "Island landslide", "environment": "submarine/subaerial", "publish": true, "ageDescription": "December 2002", "numTsunamiEvents": 0}}, {"type": "Feature", "id": "54", "geometry": {"type": "Point", "coordinates": [15.0, 38.0]}, "properties": {"id": 54, "author": "Tinti, Stefano and Armigliato, Alberto", "year": "2003", "referenceId": 4313, "publicationType": 4, "event": "2002 Stromboli Eruption & Tsunami", "geologicAgeId": 15, "yearBegin": 2002, "yearEnd": 2002, "locationName": "North of Sicily, Italy", "country": "ITALY", "bodyOfWater": "Mediterranean Sea", "description": "Island landslide", "environment": "submarine/subaerial", "publish": true, "ageDescription": "December 2002", "numTsunamiEvents": 0}}, {"type": "Feature", "id": "55", "geometry": {"type": "Point", "coordinates": [140.5, -3.0]}, "properties": {"id": 55, "author": "Okal, Emile A., Costas E. Synolakis", "year": "2001", "referenceId": 4290, "publicationType": 4, "event": "1998 Papua New Guinea Earthquake & Tsunami", "geologicAgeId": 15, "yearBegin": 1998, "yearEnd": 1998, "locationName": "Sissano Lagoon, Aitape, Papua New Guinea", "country": "PAPUA NEW GUINEA", "bodyOfWater": "Pacific Ocean", "description": "submarine slump", "environment": "submarine slump", "publish": true, "ageDescription": "July 17, 1998", "numTsunamiEvents": 0}}, {"type": "Feature", "id": "56", "geometry": {"type": "Point", "coordinates": [48.0, -19.0]}, "properties": {"id": 56, "author": "Okal, E.A., H.M. Fritz, R. Raveloson, G. Joelson, P. Pancoskova, and G. Rambolamanana", "year": "2006", "referenceId": 4288, "publicationType": 4, "event": "2004 Indian Ocean Earthquake & Tsunami", "geologicAgeId": 15, "yearBegin": 2004, "yearEnd": 2004, "locationName": "Madagascar", "country": "MADAGASCAR", "bodyOfWater": "Indian Ocean", "environment": "sandy beach", "publish": true, "ageDescription": "December 26, 2004", "numTsunamiEvents": 0}}, {"type": "Feature", "id": "57", "geometry": {"type": "Point", "coordinates": [140.0, 35.0]}, "properties": {"id": 57, "author": "Shishikura, M. and Toda, S.", "year": "2003", "referenceId": 4355, "publicationType": 1, "event": "1923 & 1703 Earthquake and Tsunami Events", "geologicAgeId": 15, "yearBegin": 1703, "yearEnd": 1923, "locationName": "Boso Peninsula, Japan", "country": "JAPAN", "bodyOfWater": "Pacific Ocean", "description": "Faulting", "environment": "submarine -subaerial", "publish": true, "ageDescription": "1923, 1703", "numTsunamiEvents": 0}}, {"type": "Feature", "id": "59", "geometry": {"type": "Point", "coordinates": [-117.0, 33.2]}, "properties": {"id": 59, "author": "Lee, H.J., W.R. Normark, M.A. Fisher, H.G. Greene, B.D. Edwards, and J. Locat", "year": "2003", "referenceId": 5078, "publicationType": 1, "event": "Submarine landslide", "geologicAgeId": 15, "locationName": "Southern California margin, USA", "country": "USA", "bodyOfWater": "Pacific Ocean", "environment": "submarine landslide", "publish": true, "ageDescription": "Historic / Geologic", "numTsunamiEvents": 0}}, {"type": "Feature", "id": "61", "geometry": {"type": "Point", "coordinates": [145.0, 44.0]}, "properties": {"id": 61, "author": "Nanayama, F., K. Satake, R. Furukawa, K. Shimokawa, B.F. Atwater, K. Shigeno, and S. Yamaki", "year": "2003", "referenceId": 3170, "publicationType": 4, "event": "Inundation Limits", "geologicAgeId": 15, "yearBegin": 1600, "yearEnd": 1700, "locationName": "Hokkaido (east)", "country": "JAPAN", "bodyOfWater": "Pacific Ocean", "description": "sand sheets; tsunami inundation", "environment": "estuary", "publish": true, "ageDescription": "17th Century", "numTsunamiEvents": 0}}, {"type": "Feature", "id": "62", "geometry": {"type": "Point", "coordinates": [145.0, 44.0]}, "properties": {"id": 62, "author": "Sawai, Y., Nasu, H., Satake, K., Shishikura, M., Kamataki, T. and Horton, B.P.", "year": "2003", "referenceId": 4357, "publicationType": 1, "event": "Emergence events", "geologicAgeId": 15, "locationName": "Hokkaido (east)", "country": "JAPAN", "bodyOfWater": "Pacific Ocean", "description": "repeated uplift", "environment": "salt marshes", "publish": true, "ageDescription": "Hist/Geol", "numTsunamiEvents": 0}}, {"type": "Feature", "id": "63", "geometry": {"type": "Point", "coordinates": [-101.0, 17.0]}, "properties": {"id": 63, "author": "Ramirez-Herrera, M. Teresa, Vladimir Kostoglodov, Douglas J. Kennett, Barbara Voorhies, Hector Neff, and John G. Jones", "year": "2003", "referenceId": 5058, "publicationType": 1, "event": "Tsunami markers", "locationName": "Guerrero coast, Mexico", "country": "MEXICO", "bodyOfWater": "Pacific Ocean", "description": "Repeated Subsidence", "environment": "marshes", "publish": true, "ageDescription": "Geologic", "numTsunamiEvents": 0}}, {"type": "Feature", "id": "64", "geometry": {"type": "Point", "coordinates": [-74.0, -35.0]}, "properties": {"id": 64, "author": "Salgado, Ignacio, Eipert, Annaliese, Atwater, Brian, Shishikura, Masanobu, Cisternas, Marco", "year": "2003", "referenceId": 4302, "publicationType": 1, "event": "1960 Chile Earthquake & Tsunami", "geologicAgeId": 15, "yearBegin": 1960, "yearEnd": 1960, "locationName": "Chile (south-central)", "country": "CHILE", "bodyOfWater": "Pacific Ocean", "description": "4 couplets", "environment": "marshes", "publish": true, "ageDescription": "May 1960", "numTsunamiEvents": 0}}, {"type": "Feature", "id": "65", "geometry": {"type": "Point", "coordinates": [-124.0, 46.0]}, "properties": {"id": 65, "author": "Peterson, C.D., M.E. Darienzo, S.F. Burns, W.K. Burris", "year": "1993", "referenceId": 4358, "publicationType": 4, "event": "Coseismic uplift/subsidence", "locationName": "Washington, USA (north)", "country": "USA", "bodyOfWater": "Pacific Ocean", "description": "Repeated Subsidence", "environment": "Tidal Flat deposition", "publish": true, "ageDescription": "Geologic", "numTsunamiEvents": 0}}, {"type": "Feature", "id": "67", "geometry": {"type": "Point", "coordinates": [-8.5, 37.5]}, "properties": {"id": 67, "author": "Kortekaas, S.; Dawson, A.G.", "year": "2007", "referenceId": 4849, "publicationType": 4, "event": "1755 Lisbon Earthquake & Tsunami", "geologicAgeId": 15, "yearBegin": 1755, "yearEnd": 1755, "locationName": "Martinal, southwest Portugal", "country": "PORTUGAL", "bodyOfWater": "Atlantic Ocean", "description": "storm versus tsunami; landward extent of tsunami deposit everywhere exceeds storm deposition", "publish": true, "ageDescription": "1755", "numTsunamiEvents": 0}}, {"type": "Feature", "id": "68", "geometry": {"type": "Point", "coordinates": [-86.0, 11.4]}, "properties": {"id": 68, "author": "Higman, Bretwood M.", "year": "2003", "referenceId": 4305, "publicationType": 1, "event": "1992 Nicaragua Earthquake & Tsunami", "geologicAgeId": 15, "yearBegin": 1992, "yearEnd": 1992, "locationName": "Playa de Popoyo", "country": "NICARAGUA", "bodyOfWater": "Pacific Ocean", "description": "sand sheets; 2 layer", "environment": "sediment slurry", "publish": true, "ageDescription": "September 1992", "numTsunamiEvents": 0}}, {"type": "Feature", "id": "72", "geometry": {"type": "Point", "coordinates": [-100.75, 26.0]}, "properties": {"id": 72, "author": "Shipley, K.W., J.L. Aschoff, T.F. Lawton, K.A. Giles, and F.J. Vega", "year": "2003", "referenceId": 5059, "publicationType": 1, "event": "K/T Boundary Impact", "geologicAgeId": 13, "locationName": "La Popa Basin, Mexico", "country": "MEXICO", "bodyOfWater": "Tethys", "description": "shallow-seep marine", "environment": "paleovalley", "publish": true, "ageDescription": "Cretaceous-Tertiary (K/T) Boundary", "numTsunamiEvents": 0}}, {"type": "Feature", "id": "75", "geometry": {"type": "Point", "coordinates": [-124.0, 43.0]}, "properties": {"id": 75, "author": "Leonard, Lucinda J.,  Hyndman, Roy D., and Mazzotti, Stephane", "year": "2004", "referenceId": 4362, "publicationType": 4, "event": "Cascadia Earthquake", "geologicAgeId": 15, "yearBegin": 1700, "yearEnd": 1700, "locationName": "Oregon and Washington, USA", "country": "USA", "bodyOfWater": "Pacific Ocean", "publish": true, "ageDescription": "1700", "numTsunamiEvents": 0}}, {"type": "Feature", "id": "77", "geometry": {"type": "Point", "coordinates": [1.5, 50.75]}, "properties": {"id": 77, "author": "Deconinck, J.F., F. Baudin, N. Tribovillard", "year": "2000", "referenceId": 6620, "publicationType": 4, "event": "Earthquake or impact", "geologicAgeId": 11, "locationName": "Purbeckian Facies, France", "country": "FRANCE", "description": "continental/marine", "publish": true, "ageDescription": "Jurassic-Cretaceous boundary", "numTsunamiEvents": 0}}, {"type": "Feature", "id": "78", "geometry": {"type": "Point", "coordinates": [-157.0, 20.7]}, "properties": {"id": 78, "author": "Keating, B.H., C.E. Helsley", "year": "2003", "referenceId": 4365, "publicationType": 4, "event": "Lanai conglomerates", "locationName": "Lanai, Hawaii", "country": "USA", "bodyOfWater": "Pacific Ocean", "publish": true, "ageDescription": "Geologic", "numTsunamiEvents": 0}}, {"type": "Feature", "id": "79", "geometry": {"type": "Point", "coordinates": [15.0, 38.0]}, "properties": {"id": 79, "author": "Calvari, S., A. Bonaccorso, L. Lodato, G. Garfi, D. Patene", "year": "2003", "referenceId": 4293, "publicationType": 1, "event": "2002 Stromboli Eruption & Tsunami", "geologicAgeId": 15, "yearBegin": 2002, "yearEnd": 2002, "locationName": "Italy", "country": "ITALY", "bodyOfWater": "Mediterranean Sea", "description": "landslide", "environment": "subaerial/submarine", "publish": true, "ageDescription": "December 2002", "numTsunamiEvents": 0}}, {"type": "Feature", "id": "80", "geometry": {"type": "Point", "coordinates": [175.5, -36.2]}, "properties": {"id": 80, "author": "Nichol, S.L., O.B. Lian,  and C.H. Carter", "year": "2003", "referenceId": 4347, "publicationType": 4, "event": "15th Century eruption of Mt Healy caldera", "geologicAgeId": 15, "yearBegin": 1343, "yearEnd": 1493, "locationName": "Great Barrier Island, New Zealand", "country": "NEW ZEALAND", "bodyOfWater": "Pacific Ocean", "description": "gravel sheet; draped on topography", "environment": "sand dune", "publish": true, "ageDescription": "660-510 years BP", "numTsunamiEvents": 0}}, {"type": "Feature", "id": "81", "geometry": {"type": "Point", "coordinates": [-68.0, -54.0]}, "properties": {"id": 81, "author": "Isla, F.I. and G.G. Bujalesky", "year": "2000", "referenceId": 2865, "publicationType": 4, "event": "Gravel Beach Ridge", "geologicAgeId": 15, "locationName": "Tierra del Fuego", "country": "ARGENTINA", "bodyOfWater": "Atlantic Ocean", "description": "coastal plain and ridge", "environment": "coastal", "publish": true, "ageDescription": "Holocene", "numTsunamiEvents": 0}}, {"type": "Feature", "id": "82", "geometry": {"type": "Point", "coordinates": [150.5, -35.0]}, "properties": {"id": 82, "author": "Saintilan, N. and K. Rogers", "year": "2005", "referenceId": 4801, "publicationType": 4, "event": "Storm versus tsunami", "geologicAgeId": 15, "locationName": "Beecroft Peninsula (Jervis Bay), Australia", "country": "AUSTRALIA", "bodyOfWater": "Pacific Ocean", "description": "boulders; step-like stacking", "publish": true, "ageDescription": "Holocene", "numTsunamiEvents": 0}}, {"type": "Feature", "id": "83", "geometry": {"type": "Point", "coordinates": [-73.5, -41.6]}, "properties": {"id": 83, "author": "Le Roux, J.P. and G. Vargas", "year": "2005", "referenceId": 4923, "publicationType": 4, "event": "Tsunami backflows", "geologicAgeId": 15, "locationName": "Chilean coast, Maullin estuary", "country": "CHILE", "bodyOfWater": "Pacific Ocean", "description": "review", "environment": "estuary", "publish": true, "ageDescription": "Miocene to modern times", "numTsunamiEvents": 0}}, {"type": "Feature", "id": "86", "geometry": {"type": "Point", "coordinates": [-17.5, 15.0]}, "properties": {"id": 86, "author": "Giresse, P., J.P. Barusseau, C. Causse, and B. Diouf", "year": "2000", "referenceId": 5077, "publicationType": 4, "event": "Uplift", "geologicAgeId": 15, "locationName": "Mauritania & Senegal", "country": "SENEGAL", "bodyOfWater": "Atlantic Ocean", "environment": "lake, sebkas", "publish": true, "ageDescription": "Pleistocene", "numTsunamiEvents": 0}}, {"type": "Feature", "id": "87", "geometry": {"type": "Point", "coordinates": [127.0, -8.0]}, "properties": {"id": 87, "author": "Chappell, J. and H.H. Veeh", "year": "1978", "referenceId": 4693, "publicationType": 4, "event": "Transgressive Regressive Sequences", "geologicAgeId": 15, "locationName": "East and North Timor", "country": "INDONESIA", "bodyOfWater": "Indian Ocean", "publish": true, "ageDescription": "Late Quaternary", "numTsunamiEvents": 0}}, {"type": "Feature", "id": "88", "geometry": {"type": "Point", "coordinates": [-74.5, 24.0]}, "properties": {"id": 88, "author": "Carew, James L. and John E. Mylroie", "year": "1997", "referenceId": 5054, "publicationType": 4, "event": "Subsidence", "locationName": "Bahamas", "country": "BAHAMAS", "bodyOfWater": "Caribbean Sea", "description": "notches", "environment": "coastal", "publish": true, "ageDescription": "Geologic", "numTsunamiEvents": 0}}, {"type": "Feature", "id": "90", "geometry": {"type": "Point", "coordinates": [-74.5, 24.0]}, "properties": {"id": 90, "author": "Hearty, Paul J.", "year": "1997", "referenceId": 3404, "publicationType": 4, "event": "Transgressive, Non Tsunami", "locationName": "North Eleuthera Island, Bahamas", "country": "BAHAMAS", "bodyOfWater": "Caribbean Sea", "description": "dissolution", "environment": "Sea cliff, karstnotches", "publish": true, "ageDescription": "Geologic", "numTsunamiEvents": 0}}, {"type": "Feature", "id": "91", "geometry": {"type": "Point", "coordinates": [147.0, -7.0]}, "properties": {"id": 91, "author": "Chappell, J. and H.A. Polach", "year": "1976", "referenceId": 4694, "publicationType": 4, "event": "Subsidence", "geologicAgeId": 15, "locationName": "Huon Peninsula, Papua New Guinea", "country": "PAPUA NEW GUINEA", "bodyOfWater": "Pacific Ocean", "publish": true, "ageDescription": "Holocene", "numTsunamiEvents": 0}}, {"type": "Feature", "id": "92", "geometry": {"type": "Point", "coordinates": [-70.0, -23.0]}, "properties": {"id": 92, "author": "Ortlieb, L., C. Zazo, J. Goy, C. Hillaire-Marcel, B. Ghaleb, and L. Cournoyer", "year": "1996", "referenceId": 4730, "publicationType": 4, "event": "1995 Antofagasta Earthquake", "geologicAgeId": 15, "yearBegin": 1995, "yearEnd": 1995, "locationName": "Chile (north)", "country": "CHILE", "bodyOfWater": "Pacific Ocean", "description": "emergent", "environment": "finging coral/algael", "publish": true, "ageDescription": "July 30, 1995", "numTsunamiEvents": 0}}, {"type": "Feature", "id": "93", "geometry": {"type": "Point", "coordinates": [-156.4, 20.75]}, "properties": {"id": 93, "author": "Rooney, John J.B. and Charles H. Fletcher, III", "year": "2005", "referenceId": 5075, "publicationType": 4, "event": "Shoreline change", "geologicAgeId": 15, "locationName": "Kihei coast, Maui, Hawaii", "country": "USA", "bodyOfWater": "Pacific Ocean", "environment": "sandy beach/rocky coast", "publish": true, "ageDescription": "Holocene", "numTsunamiEvents": 0}}, {"type": "Feature", "id": "94", "geometry": {"type": "Point", "coordinates": [86.3, 22.5]}, "properties": {"id": 94, "author": "Bhattacharya, H.N. and Bandyopadhyay, Sandip", "year": "1998", "referenceId": 4366, "publicationType": 4, "event": "Seismites", "geologicAgeId": 1, "locationName": "Bihar, India", "country": "INDIA", "bodyOfWater": "Indian Ocean", "description": "deformation graben", "environment": "cyclic deformation", "publish": true, "ageDescription": "Proterozoic", "numTsunamiEvents": 0}}, {"type": "Feature", "id": "95", "geometry": {"type": "Point", "coordinates": [130.7, 31.5]}, "properties": {"id": 95, "author": "Koto, Bundjiro", "year": "1916", "referenceId": 2060, "publicationType": 4, "event": "1914 Sakurajima Eruption", "geologicAgeId": 15, "yearBegin": 1914, "yearEnd": 1914, "locationName": "Kagoshima, Japan", "country": "JAPAN", "bodyOfWater": "Pacific Ocean", "description": "seiche", "publish": true, "ageDescription": "January 12, 1914", "numTsunamiEvents": 0}}, {"type": "Feature", "id": "96", "geometry": {"type": "Point", "coordinates": [15.0, 38.0]}, "properties": {"id": 96, "author": "Rittmann, A.", "year": "1931", "referenceId": 5043, "publicationType": 4, "event": "1930 Stromboli Eruption & Tsunami", "geologicAgeId": 15, "yearBegin": 1930, "yearEnd": 1930, "locationName": "Stromboli Volcano, Italy", "country": "ITALY", "bodyOfWater": "Mediterranean Sea", "publish": true, "ageDescription": "1930", "numTsunamiEvents": 0}}, {"type": "Feature", "id": "97", "geometry": {"type": "Point", "coordinates": [25.0, 38.0]}, "properties": {"id": 97, "author": "Dominey-Howes, Dale T.M.", "year": "1996", "referenceId": 4876, "publicationType": 6, "event": "Tsunamis", "geologicAgeId": 15, "locationName": "Aegean Sea, Greece", "country": "GREECE", "bodyOfWater": "Mediterranean Sea", "description": "review", "publish": true, "ageDescription": "Holocene", "numTsunamiEvents": 0}}, {"type": "Feature", "id": "98", "geometry": {"type": "Point", "coordinates": [-66.0, 18.0]}, "properties": {"id": 98, "author": "Moya, Juan-Carlos", "year": "1998", "referenceId": 4724, "publicationType": 6, "event": "Paleoearthquakes", "geologicAgeId": 14, "locationName": "Puerto Rico", "country": "USA TERRITORY", "bodyOfWater": "Caribbean Sea", "publish": true, "ageDescription": "Miocene-Pliocene", "numTsunamiEvents": 0}}, {"type": "Feature", "id": "99", "geometry": {"type": "Point", "coordinates": [23.0, 38.0]}, "properties": {"id": 99, "author": "Kershaw, S. and L. Guo", "year": "2001", "referenceId": 4704, "publicationType": 4, "event": "Sea level change", "locationName": "Perachora Peninsula, central Greece", "country": "GREECE", "bodyOfWater": "Mediterranean Sea", "description": "Wave cut notches", "environment": "coastal cliffs", "publish": true, "ageDescription": "Geologic", "numTsunamiEvents": 0}}, {"type": "Feature", "id": "100", "geometry": {"type": "Point", "coordinates": [-124.0, 39.8]}, "properties": {"id": 100, "author": "Spinelli, Glenn A. and Michael E. Field", "year": "2003", "referenceId": 4043, "publicationType": 4, "event": "Transgressive Regressive Sequences", "locationName": "Eel River, California, USA", "country": "USA", "bodyOfWater": "Pacific Ocean", "description": "inner shelf", "environment": "inner shelf", "publish": true, "ageDescription": "Geologic", "numTsunamiEvents": 0}}, {"type": "Feature", "id": "101", "geometry": {"type": "Point", "coordinates": [-157.0, 20.7]}, "properties": {"id": 101, "author": "Keating, Barbara H., and Charles E. Helsley", "year": "2002", "referenceId": 2937, "publicationType": 4, "event": "Megatsunami", "locationName": "Lanai, Hawaii", "country": "USA", "bodyOfWater": "Pacific Ocean", "description": "marine gully fillings", "environment": "sublittoral/subaerial", "publish": true, "ageDescription": "Geologic", "numTsunamiEvents": 0}}, {"type": "Feature", "id": "102", "geometry": {"type": "Point", "coordinates": [105.25, -6.0]}, "properties": {"id": 102, "author": "van den Bergh, G.D., W. Boer, H. de Haas, Tj.C.E. van Weering, and R. van Wijhe", "year": "2003", "referenceId": 2847, "publicationType": 4, "event": "1883 Krakatau Eruption", "geologicAgeId": 15, "yearBegin": 1883, "yearEnd": 1883, "locationName": "Java, Indonesia (northwest)", "country": "INDONESIA", "bodyOfWater": "Indian Ocean", "description": "tsunamiite", "environment": "shallow bay", "publish": true, "ageDescription": "August 1883", "numTsunamiEvents": 0}}, {"type": "Feature", "id": "103", "geometry": {"type": "Point", "coordinates": [78.0, 10.0]}, "properties": {"id": 103, "author": "Banerjee, P.K.", "year": "2000", "referenceId": 4740, "publicationType": 4, "event": "Uplift/Subsidence", "geologicAgeId": 15, "locationName": "India (east coast)", "country": "INDIA", "bodyOfWater": "Indian Ocean", "description": "marine to subaerial", "environment": "coastal terraces", "publish": true, "ageDescription": "Holocene and Late Pleistocene", "numTsunamiEvents": 0}}, {"type": "Feature", "id": "104", "geometry": {"type": "Point", "coordinates": [-157.0, 20.7]}, "properties": {"id": 104, "author": "Felton, E. Anne", "year": "2002", "referenceId": 3264, "publicationType": 4, "event": "Megatsunami", "locationName": "Lanai, Hawaii", "country": "USA", "bodyOfWater": "Pacific Ocean", "description": "marine to subaerial", "environment": "Rocky Shoreline", "publish": true, "ageDescription": "Geologic", "numTsunamiEvents": 0}}, {"type": "Feature", "id": "105", "geometry": {"type": "Point", "coordinates": [-118.5, 33.0]}, "properties": {"id": 105, "author": "Muhs, D.R. and B.J. Szabo", "year": "1982", "referenceId": 5072, "publicationType": 4, "event": "Terraces", "geologicAgeId": 15, "locationName": "San Clemente Island, California, USA", "country": "USA", "bodyOfWater": "Pacific Ocean", "environment": "coastal terraces", "publish": true, "ageDescription": "Holocene", "numTsunamiEvents": 0}}, {"type": "Feature", "id": "106", "geometry": {"type": "Point", "coordinates": [12.0, -15.0]}, "properties": {"id": 106, "author": "Giresse, Pierre, Chi-Trach Hoang, and Georges Kouyoumontzakis", "year": "1984", "referenceId": 5069, "publicationType": 4, "event": "Marine terraces", "geologicAgeId": 15, "locationName": "Lobito-Benguela and Mossamedes, Angola (south coast)", "country": "ANGOLA", "bodyOfWater": "Atlantic Ocean", "environment": "coastal terraces", "publish": true, "ageDescription": "Holocene", "numTsunamiEvents": 0}}, {"type": "Feature", "id": "107", "geometry": {"type": "Point", "coordinates": [35.0, 30.0]}, "properties": {"id": 107, "author": "Gvirtzman, Gedaliahu, Joel Kronfeld, and Binyamin Buchbinder", "year": "1992", "referenceId": 5051, "publicationType": 4, "event": "Uplift", "locationName": "S. Sinai (Red Sea)", "country": "ISRAEL", "bodyOfWater": "Indian Ocean", "description": "uplifted coral reef", "environment": "Reef corals", "publish": true, "ageDescription": "Geologic", "numTsunamiEvents": 0}}, {"type": "Feature", "id": "108", "geometry": {"type": "Point", "coordinates": [-157.0, 20.7]}, "properties": {"id": 108, "author": "Felton, E. Anne, Keith A.W. Crook, Barbara H. Keating, and E. Alison Kay", "year": "2006", "referenceId": 3267, "publicationType": 4, "event": "Shoreline change", "geologicAgeId": 15, "locationName": "Lanai, Hawaii", "country": "USA", "bodyOfWater": "Pacific Ocean", "description": "marine to subaerial; uplifted rocky shoreline", "environment": "Rocky Shoreline", "publish": true, "ageDescription": "Pleistocene", "numTsunamiEvents": 0}}, {"type": "Feature", "id": "109", "geometry": {"type": "Point", "coordinates": [-170.0, -14.0]}, "properties": {"id": 109, "author": "Dickinson, W.R. and R.C. Green", "year": "1997", "referenceId": 4737, "publicationType": 4, "event": "Island Subsidence", "geologicAgeId": 15, "locationName": "Samoa, southwest Pacific", "country": "SAMOA", "bodyOfWater": "Pacific Ocean", "description": "2 meter subsidence", "environment": "Beach", "publish": true, "ageDescription": "Holocene", "numTsunamiEvents": 0}}, {"type": "Feature", "id": "111", "geometry": {"type": "Point", "coordinates": [-16.0, 28.0]}, "properties": {"id": 111, "author": "Calvet, F., M.C. Cabrera, J.D. Carracedo, J. Mangas, F.J. Perez-Torrado, C. Recio, A. Trave", "year": "2003", "referenceId": 4367, "publicationType": 4, "event": "Megatsunami", "locationName": "La Palma, Canary Islands, Spain", "country": "SPAIN", "bodyOfWater": "Atlantic Ocean", "description": "marine to subaerial", "environment": "Beach rocks", "publish": true, "ageDescription": "Geologic", "numTsunamiEvents": 0}}, {"type": "Feature", "id": "114", "geometry": {"type": "Point", "coordinates": [-16.0, 28.0]}, "properties": {"id": 114, "author": "Perez-Torrado, F.J., M.C. Cabrera, R. Paris, J.L. Schneider, P. Wassmer, J.C. Carracedo, D. Gimeno, H. Guillou", "year": "2003", "referenceId": 4320, "publicationType": 1, "event": "Landslide tsunami", "locationName": "Canary Islands", "country": "SPAIN", "bodyOfWater": "Atlantic Ocean", "description": "island deposit", "environment": "alluvial-marine", "publish": true, "ageDescription": "Geologic", "numTsunamiEvents": 0}}, {"type": "Feature", "id": "116", "geometry": {"type": "Point", "coordinates": [-76.7, 37.0]}, "properties": {"id": 116, "author": "Simpson, Edward Leonard", "year": "1987", "referenceId": 4927, "publicationType": 6, "event": "Tsunami uncertainty", "geologicAgeId": 2, "locationName": "Southern & Central Virginia, USA", "country": "USA", "bodyOfWater": "Laurentia Iapetus Ocean", "description": "tsunami amplified by embayment", "publish": true, "ageDescription": "Late Proterozoic to Early Cambrian", "numTsunamiEvents": 0}}, {"type": "Feature", "id": "117", "geometry": {"type": "Point", "coordinates": [-124.0, 46.0]}, "properties": {"id": 117, "author": "Haley, Eileen Hemphill", "year": "1992", "referenceId": 4984, "publicationType": 6, "event": "Coseismic Uplift/Subsidence ~300yrs BP", "geologicAgeId": 15, "locationName": "Willapa Bay, Washington, USA", "country": "USA", "bodyOfWater": "Pacific Ocean", "description": "shallowing", "environment": "estuary", "publish": true, "ageDescription": "300 BP", "numTsunamiEvents": 0}}, {"type": "Feature", "id": "119", "geometry": {"type": "Point", "coordinates": [152.0, -32.0]}, "properties": {"id": 119, "author": "Bryant, E.A., R.W. Young, and D.M. Price", "year": "1996", "referenceId": 4746, "publicationType": 1, "event": "Maximum probable tsunami", "locationName": "New South Wales, Australia", "country": "AUSTRALIA", "bodyOfWater": "Pacific Ocean", "publish": true, "numTsunamiEvents": 0}}, {"type": "Feature", "id": "120", "geometry": {"type": "Point", "coordinates": [160.5, 54.0]}, "properties": {"id": 120, "author": "Pinegina, T.K., J. Bourgeois, L.I. Bazanova, I.V. Melekestsev, and O.A. Braitseva", "year": "2003", "referenceId": 3127, "publicationType": 4, "event": "Historic and prehistoric tsunamis", "geologicAgeId": 15, "locationName": "Kronotsky Bay, Kamchatka, Russia", "country": "RUSSIA", "bodyOfWater": "Pacific Ocean", "publish": true, "ageDescription": "Last 7000 years", "numTsunamiEvents": 0}}, {"type": "Feature", "id": "121", "geometry": {"type": "Point", "coordinates": [-40.0, -8.0]}, "properties": {"id": 121, "author": "Albertao, Gilberto A., Koutsoukos, Eduardo A.M., Regali, Marilia P.S., Attrep, Moses, Jr., Martins, Paulo P., Jr.", "year": "1994", "referenceId": 4333, "publicationType": 4, "event": "K/T Boundary Impact", "geologicAgeId": 13, "locationName": "Pernambueo, Brazil", "country": "BRAZIL", "bodyOfWater": "Tethys", "description": "Tsunamite - deep to deeper marine", "environment": "Deep Sea", "publish": true, "ageDescription": "Cretaceous-Tertiary (K/T) Boundary", "numTsunamiEvents": 0}}, {"type": "Feature", "id": "122", "geometry": {"type": "Point", "coordinates": [-88.0, 20.0]}, "properties": {"id": 122, "author": "Shaw, Charles E.", "year": "1996", "referenceId": 4723, "publicationType": 1, "event": "Coast geomorphology", "geologicAgeId": 15, "locationName": "Tulum & Playa del Carmen, Mexico", "country": "MEXICO", "bodyOfWater": "Atlantic Ocean", "description": "berm gravel draped across all coastal features", "environment": "sandy beach, rocky coast", "publish": true, "ageDescription": "Holocene tsunami & Pleistocene geomorphology", "numTsunamiEvents": 0}}, {"type": "Feature", "id": "123", "geometry": {"type": "Point", "coordinates": [-97.0, 32.0]}, "properties": {"id": 123, "author": "Montgomery, H., E. Pessagno, K. Soegaard, C. Smith, I. Munoz and J. Pessagno", "year": "1992", "referenceId": 2988, "publicationType": 4, "event": "K/T Boundary Impact", "geologicAgeId": 13, "locationName": "Brazos River, Texas, USA", "country": "USA", "bodyOfWater": "Tethys", "description": "tsunamite", "publish": true, "ageDescription": "Cretaceous-Tertiary (K/T) Boundary", "numTsunamiEvents": 0}}, {"type": "Feature", "id": "124", "geometry": {"type": "Point", "coordinates": [-92.0, 19.5]}, "properties": {"id": 124, "author": "Gisler, G., Weaver, R., Mader, C. and Gittings, M.L.", "year": "2003", "referenceId": 4334, "publicationType": 4, "event": "K/T Boundary Impact", "geologicAgeId": 13, "locationName": "Gulf of Mexico", "country": "MEXICO", "bodyOfWater": "Tethys", "description": "bathyal to deep sea", "environment": "500 m deep sea", "publish": true, "ageDescription": "Cretaceous-Tertiary (K/T) Boundary", "numTsunamiEvents": 0}}, {"type": "Feature", "id": "125", "geometry": {"type": "Point", "coordinates": [-74.4, 39.6]}, "properties": {"id": 125, "author": "Browning, James V, Richard K. Olsson, and Kenneth G. Miller", "year": "2000", "referenceId": 4755, "publicationType": 1, "event": "K/T Boundary Impact", "geologicAgeId": 13, "locationName": "Bass River borehole,  ODP Leg 174AV, New Jersey (coastal drilling), USA", "country": "USA", "bodyOfWater": "Tethys", "description": "ejecta & tsunami closely related in time", "environment": "submarine slope", "publish": true, "ageDescription": "Cretaceous-Tertiary (K/T) Boundary", "numTsunamiEvents": 0}}, {"type": "Feature", "id": "126", "geometry": {"type": "Point", "coordinates": [-98.5, 22.0]}, "properties": {"id": 126, "author": "Smit, Jan, Alessandro Montanari, Nicola H.M. Swinburne, Walter Alvarez, Alan R. Hildebrand, Stanley V. Margolis, Philippe Claeys, William Lowrie, and Frank Asaro", "year": "1992", "referenceId": 2888, "publicationType": 4, "event": "K/T Boundary Impact", "geologicAgeId": 13, "locationName": "Arroyo el Mimbral, Mexico", "country": "MEXICO", "bodyOfWater": "Tethys", "description": "bathyal marine", "environment": "submarine", "publish": true, "ageDescription": "Cretaceous-Tertiary (K/T) Boundary", "numTsunamiEvents": 0}}, {"type": "Feature", "id": "127", "geometry": {"type": "Point", "coordinates": [-100.7, 26.0]}, "properties": {"id": 127, "author": "Aschoff, J.L., K.A. Giles, and T.F. Lawton", "year": "2001", "referenceId": 4870, "publicationType": 1, "event": "K/T Boundary Impact", "geologicAgeId": 13, "locationName": "La Popa Basin, Nuevo Leon, Mexico", "country": "MEXICO", "bodyOfWater": "Tethys", "description": "marine lower to upper shoreface deposition, valley form features", "environment": "submarine channel", "publish": true, "ageDescription": "Cretaceous-Tertiary (K/T) Boundary", "numTsunamiEvents": 0}}, {"type": "Feature", "id": "128", "geometry": {"type": "Point", "coordinates": [-115.0, 37.0]}, "properties": {"id": 128, "author": "Racka, M.", "year": "1999", "referenceId": 4369, "publicationType": 4, "event": "Impact", "locationName": "Nevada, USA", "country": "USA", "bodyOfWater": "Tethys", "description": "tsunamite", "publish": true, "ageDescription": "Geologic", "numTsunamiEvents": 0}}, {"type": "Feature", "id": "129", "geometry": {"type": "Point", "coordinates": [-44.0, -4.0]}, "properties": {"id": 129, "author": "Koutsoukos, Eduardo A.M.", "year": "1998", "referenceId": 3052, "publicationType": 4, "event": "K/T Boundary Impact", "geologicAgeId": 13, "locationName": "Brazil (northeast)", "country": "BRAZIL", "bodyOfWater": "Tethys", "description": "tsunamite", "publish": true, "ageDescription": "Cretaceous-Tertiary (K/T) Boundary", "numTsunamiEvents": 0}}, {"type": "Feature", "id": "130", "geometry": {"type": "Point", "coordinates": [-81.0, 19.0]}, "properties": {"id": 130, "author": "Jones, Brian; Hunter, Ian G", "year": "1992", "referenceId": 4839, "publicationType": 4, "event": "Storm versus tsunami", "geologicAgeId": 15, "yearBegin": 1662, "yearEnd": 1662, "locationName": "Grand Cayman", "country": "CAYMAN ISLANDS", "bodyOfWater": "Caribbean Sea", "description": "shallow marine-subaerial", "environment": "rocky coast", "publish": true, "ageDescription": "1662", "numTsunamiEvents": 0}}, {"type": "Feature", "id": "131", "geometry": {"type": "Point", "coordinates": [-3.5, 56.5]}, "properties": {"id": 131, "author": "Cullingford, R.A., C.J. Caseldine, P.E. Gotts", "year": "1989", "referenceId": 4370, "publicationType": 4, "event": "Tidal surges", "locationName": "L. Strathearn, Scotland", "country": "UK", "bodyOfWater": "Atlantic Ocean", "description": "Estuarine", "publish": true, "ageDescription": "Geologic", "numTsunamiEvents": 0}}, {"type": "Feature", "id": "133", "geometry": {"type": "Point", "coordinates": [-158.15, 21.6]}, "properties": {"id": 133, "author": "Hearty, Paul J.", "year": "2002", "referenceId": 4254, "publicationType": 4, "event": "High stand?", "locationName": "Kaena Point, Oahu, Hawaii", "country": "USA", "bodyOfWater": "Pacific Ocean", "description": "marine to subaerial", "environment": "Coral Reef in-situ", "publish": true, "ageDescription": "Geologic", "numTsunamiEvents": 0}}, {"type": "Feature", "id": "134", "geometry": {"type": "Point", "coordinates": [-99.0, 24.0]}, "properties": {"id": 134, "author": "Schulte, Peter, W. Stinnesbeck, D. Stueben, U. Kramar, Z. Berner, G. Keller, and T. Adatte", "year": "2003", "referenceId": 4871, "publicationType": 4, "event": "K/T Boundary Impact", "geologicAgeId": 13, "locationName": "La Sierrita (north), Mexico (northeast)", "country": "MEXICO", "bodyOfWater": "Tethys", "description": "marine shelf", "publish": true, "ageDescription": "Cretaceous-Tertiary (K/T) Boundary", "numTsunamiEvents": 0}}, {"type": "Feature", "id": "135", "geometry": {"type": "Point", "coordinates": [-118.0, 32.0]}, "properties": {"id": 135, "author": "Dayton, P.K., R.J. Seymour, P.E. Parnell, and M.J. Tegner", "year": "1989", "referenceId": 5000, "publicationType": 4, "event": "1988 Winter Storm", "geologicAgeId": 15, "yearBegin": 1988, "yearEnd": 1988, "locationName": "San Diego, California, USA", "country": "USA", "bodyOfWater": "Pacific Ocean", "description": "movement of cobbles & boulders", "publish": true, "ageDescription": "January 17-18, 1988", "numTsunamiEvents": 0}}, {"type": "Feature", "id": "136", "geometry": {"type": "Point", "coordinates": [178.3, -37.95]}, "properties": {"id": 136, "author": "Collot, Jean-Yves, Keith Lewis, Geoffroy Lamarche, Serge Lallemand", "year": "2001", "referenceId": 4344, "publicationType": 4, "event": "Submarine landslide", "locationName": "Ruatoria", "country": "NEW ZEALAND", "bodyOfWater": "Pacific Ocean", "description": "slope to debris flow", "environment": "Deep Sea", "publish": true, "ageDescription": "Geologic", "numTsunamiEvents": 0}}, {"type": "Feature", "id": "137", "geometry": {"type": "Point", "coordinates": [-158.0, 21.5]}, "properties": {"id": 137, "author": "Fletcher, Charles H, III and Anthony T. Jones", "year": "1996", "referenceId": 5055, "publicationType": 4, "event": "Tsunamis", "locationName": "Oahu, Hawaii", "country": "USA", "bodyOfWater": "Pacific Ocean", "description": "tsunami? High stand?", "environment": "Beach deposit", "publish": true, "ageDescription": "Geologic", "numTsunamiEvents": 0}}, {"type": "Feature", "id": "139", "geometry": {"type": "Point", "coordinates": [151.0, -34.0]}, "properties": {"id": 139, "author": "Sussmilch, C.A.", "year": "1912", "referenceId": 4894, "publicationType": 4, "event": "1912 Winter Storm", "geologicAgeId": 15, "yearBegin": 1912, "yearEnd": 1912, "locationName": "Bondi Beach", "country": "AUSTRALIA", "bodyOfWater": "Pacific Ocean", "description": "storm versus tsunami", "environment": "rock platform", "publish": true, "ageDescription": "July 15, 1912", "numTsunamiEvents": 0}}, {"type": "Feature", "id": "140", "geometry": {"type": "Point", "coordinates": [146.25, 44.35]}, "properties": {"id": 140, "author": "Iliev, A. Ya, V.M. Keistrenko, E.V. Gretskaya, E.A. Tikhonchuk, N.G. Razjigaeva, T.A. Grebennikova, L.A. Ganzey, and A.A. Kharlamov", "year": "2005", "referenceId": 3805, "publicationType": 4, "event": "Kuril Subduction Zone", "geologicAgeId": 15, "locationName": "Kunashir Island, Kuril Subduction Zone, Izmena Bay", "country": "RUSSIA", "bodyOfWater": "Pacific Ocean", "environment": "rocky coast", "publish": true, "ageDescription": "Holocene", "numTsunamiEvents": 0}}, {"type": "Feature", "id": "142", "geometry": {"type": "Point", "coordinates": [-9.0, 37.0]}, "properties": {"id": 142, "author": "Andrade, C., Maria C. Freitas, J.M. Miranda, M.A. Baptista, M\u00e1rio Cach\u00e3o, Pedro Silva, Jos\u00e9 Munh\u00e1,", "year": "2003", "referenceId": 7098, "publicationType": 4, "event": "Tsunamis", "geologicAgeId": 15, "yearBegin": 1531, "yearEnd": 1755, "locationName": "Tagus Estuary, Portugal; Boca de Rio, Portugal", "country": "PORTUGAL", "bodyOfWater": "Atlantic Ocean", "description": "landward tapering sand, Portuguese littoral fringe", "environment": "marsh, estuary, tidal flats", "publish": true, "ageDescription": "1531 & 1755", "numTsunamiEvents": 0}}, {"type": "Feature", "id": "143", "geometry": {"type": "Point", "coordinates": [-159.6, 22.25]}, "properties": {"id": 143, "author": "Carson, Mike T.", "year": "2004", "referenceId": 4781, "publicationType": 4, "event": "Stratigraphic sequence", "geologicAgeId": 15, "yearBegin": 1030, "yearEnd": 1400, "locationName": "Wainiha Beach Site, Kauai, Hawaii", "country": "USA", "bodyOfWater": "Pacific Ocean", "description": "high energy events like tsunami, appear to have altered upper portions of deposit", "publish": true, "ageDescription": "1030-1400", "numTsunamiEvents": 0}}, {"type": "Feature", "id": "144", "geometry": {"type": "Point", "coordinates": [160.0, 55.0]}, "properties": {"id": 144, "author": "Melekestev, I.V., A. Kurbatov, M.M. Pevzner, and L.D. Sulerzhitskiy", "year": "1995", "referenceId": 3140, "publicationType": 4, "event": "1969 Kamchatka Earthquake & Tsunami", "geologicAgeId": 15, "yearBegin": 1969, "yearEnd": 1969, "locationName": "Kamchatka, Russia", "country": "RUSSIA", "bodyOfWater": "Pacific Ocean", "description": "landslide; slope to deep sea", "publish": true, "ageDescription": "Historic", "numTsunamiEvents": 0}}, {"type": "Feature", "id": "145", "geometry": {"type": "Point", "coordinates": [-156.0, 19.7]}, "properties": {"id": 145, "author": "McMurtry, G.M., E. Herrero-Bervera, M.D. Cremer, J.R. smith, J. Resig, C. Sherman, and M.E. Torresan", "year": "1999", "referenceId": 3138, "publicationType": 4, "event": "Submarine landslide", "locationName": "Kona, Hawaii", "country": "USA", "bodyOfWater": "Pacific Ocean", "description": "landslide turbidite; slope to deep sea", "environment": "deep sea", "publish": true, "ageDescription": "Geologic", "numTsunamiEvents": 0}}, {"type": "Feature", "id": "146", "geometry": {"type": "Point", "coordinates": [174.0, -35.0]}, "properties": {"id": 146, "author": "Davy, B., J.Y. Collot", "year": "2000", "referenceId": 4372, "publicationType": 4, "event": "Landslide tsunami", "locationName": "Rapuhia, North Hikurangi, New Zealand", "country": "NEW ZEALAND", "bodyOfWater": "Pacific Ocean", "description": "deep sea slope", "environment": "Deep Sea Scarp", "publish": true, "ageDescription": "Geologic", "numTsunamiEvents": 0}}, {"type": "Feature", "id": "147", "geometry": {"type": "Point", "coordinates": [-54.0, 47.0]}, "properties": {"id": 147, "author": "Fader, G.B.J.", "year": "1991", "referenceId": 4373, "publicationType": 4, "event": "Gas Discharge", "locationName": "Placentia Bay, Newfoundland, Canada", "country": "CANADA", "bodyOfWater": "Atlantic Ocean", "description": "pockmarks/megaflites", "environment": "Submarine", "publish": true, "ageDescription": "Geologic", "numTsunamiEvents": 0}}, {"type": "Feature", "id": "148", "geometry": {"type": "Point", "coordinates": [160.0, -32.0]}, "properties": {"id": 148, "author": "Woodroffe, C.D., C.V. Murray-Wallace, E.A. Bryant, B. Brooke, H. Heijinis, D.M. Price", "year": "1995", "referenceId": 4301, "publicationType": 4, "event": "Sea level change", "locationName": "Lord Howe Island, Australia (Tasman Sea)", "country": "AUSTRALIA", "bodyOfWater": "Pacific Ocean", "description": "marine to subaerial", "environment": "Beach Deposit", "publish": true, "ageDescription": "Geologic", "numTsunamiEvents": 0}}, {"type": "Feature", "id": "149", "geometry": {"type": "Point", "coordinates": [-124.0, 44.5]}, "properties": {"id": 149, "author": "Goldfinger, C., C. H. Nelson and J. E. Johnson", "year": "2003", "referenceId": 4831, "publicationType": 4, "event": "Cascadia Earthquake", "geologicAgeId": 15, "locationName": "Oregon and Washington, USA", "country": "USA", "bodyOfWater": "Pacific Ocean", "description": "18 events correlate along same region", "environment": "turbidite beds", "publish": true, "ageDescription": "Holocene", "numTsunamiEvents": 0}}, {"type": "Feature", "id": "150", "geometry": {"type": "Point", "coordinates": [150.0, -35.0]}, "properties": {"id": 150, "author": "Young, R.W. and Bryant, E.A.", "year": "1993", "referenceId": 4374, "publicationType": 4, "event": "Tsunami erosion", "locationName": "New South Wales, Australia", "country": "AUSTRALIA", "bodyOfWater": "Pacific Ocean", "description": "coastal plain and ridge", "environment": "coastal", "publish": true, "ageDescription": "Geologic", "numTsunamiEvents": 0}}, {"type": "Feature", "id": "151", "geometry": {"type": "Point", "coordinates": [-67.0, 16.5]}, "properties": {"id": 151, "author": "Moya, Juan C. and Aurelio Mercado", "year": "2004", "referenceId": 3586, "publicationType": 4, "event": "1918 Earthquake & Tsunami", "geologicAgeId": 15, "yearBegin": 1918, "yearEnd": 1918, "locationName": "Mona Passage, northwest Puerto Rico", "country": "USA TERRITORY", "bodyOfWater": "Caribbean Sea", "description": "series of flat swampy lowlands & beaches separated by cliffs, dunes broken down by sea wavesn formed fan", "environment": "swamp, sand dunes, cliffs, loose boulders", "publish": true, "ageDescription": "1918", "numTsunamiEvents": 0}}, {"type": "Feature", "id": "152", "geometry": {"type": "Point", "coordinates": [150.0, 45.0]}, "properties": {"id": 152, "author": "Tanakadate, H.", "year": "1934", "referenceId": 5042, "publicationType": 4, "event": "1933 Severgin Volcano", "geologicAgeId": 15, "yearBegin": 1933, "yearEnd": 1933, "locationName": "Kuril Islands", "country": "RUSSIA", "bodyOfWater": "Pacific Ocean", "publish": true, "ageDescription": "1933", "numTsunamiEvents": 0}}, {"type": "Feature", "id": "153", "geometry": {"type": "Point", "coordinates": [170.0, -15.0]}, "properties": {"id": 153, "author": "Fuchs, C.W.C.", "year": "1879", "referenceId": 4732, "publicationType": 4, "event": "1878 Yasur Eruption", "geologicAgeId": 15, "yearBegin": 1878, "yearEnd": 1878, "locationName": "New Hebrides", "country": "VANUATU", "bodyOfWater": "Pacific Ocean", "publish": true, "ageDescription": "1878", "numTsunamiEvents": 0}}, {"type": "Feature", "id": "154", "geometry": {"type": "Point", "coordinates": [-16.0, 28.0]}, "properties": {"id": 154, "author": "Wynn, R.B. and D.G. Masson", "year": "2003", "referenceId": 5177, "publicationType": 4, "event": "Landslide tsunami", "locationName": "Canary Islands", "country": "SPAIN", "bodyOfWater": "Atlantic Ocean", "publish": true, "ageDescription": "Geologic", "numTsunamiEvents": 0}}, {"type": "Feature", "id": "156", "geometry": {"type": "Point", "coordinates": [-16.0, 28.0]}, "properties": {"id": 156, "author": "Lietz, J. and H.-U. Schmincke", "year": "1975", "referenceId": 5052, "publicationType": 4, "event": "Sea level change", "locationName": "Gran Canaria Island", "country": "SPAIN", "bodyOfWater": "Atlantic Ocean", "description": "or tsunami?", "environment": "coastal", "publish": true, "ageDescription": "Geologic", "numTsunamiEvents": 0}}, {"type": "Feature", "id": "157", "geometry": {"type": "Point", "coordinates": [-91.15, 27.0]}, "properties": {"id": 157, "author": "Silva, A.J., C.D.P. Baxter, P.T. LaRosa, and W.R. Bryant", "year": "2004", "referenceId": 5053, "publicationType": 4, "event": "Landslide tsunami", "locationName": "Gulf of Mexico, shelf & rise?", "country": "MEXICO", "bodyOfWater": "Atlantic Ocean", "description": "slope", "environment": "submarine slope", "publish": true, "ageDescription": "Geologic", "numTsunamiEvents": 0}}, {"type": "Feature", "id": "158", "geometry": {"type": "Point", "coordinates": [-150.0, 61.0]}, "properties": {"id": 158, "author": "Siebert, Lee, Harry Glicken, and Juergen Kienle", "year": "1989", "referenceId": 2220, "publicationType": 4, "event": "Augustine Eruption", "geologicAgeId": 15, "yearBegin": 1883, "yearEnd": 1883, "locationName": "South Cook Inlet, Alaska, USA", "country": "USA", "bodyOfWater": "Pacific Ocean", "publish": true, "ageDescription": "October 6, 1883", "numTsunamiEvents": 0}}, {"type": "Feature", "id": "159", "geometry": {"type": "Point", "coordinates": [140.83, 42.5]}, "properties": {"id": 159, "author": "Nishimura, Y., Imamura, F. and Satake, K.", "year": "2003", "referenceId": 4376, "publicationType": 3, "event": "1993 SW Hokkaido Earthquake & Tsunami", "geologicAgeId": 15, "yearBegin": 1993, "yearEnd": 1993, "locationName": "Okushiri Island (southwest coast), Hokkaido", "country": "JAPAN", "bodyOfWater": "Pacific Ocean", "publish": true, "ageDescription": "July 12, 1993", "numTsunamiEvents": 0}}, {"type": "Feature", "id": "162", "geometry": {"type": "Point", "coordinates": [170.0, -15.0]}, "properties": {"id": 162, "author": "Carney, J.N., MacFarlanae", "year": "1979", "referenceId": 4731, "publicationType": 4, "event": "1878 Yasur Eruption", "geologicAgeId": 15, "yearBegin": 1878, "yearEnd": 1878, "locationName": "Vanuatu", "country": "VANUATU", "bodyOfWater": "Pacific Ocean", "publish": true, "ageDescription": "1878", "numTsunamiEvents": 0}}, {"type": "Feature", "id": "163", "geometry": {"type": "Point", "coordinates": [169.42, -19.52]}, "properties": {"id": 163, "author": "Hatori, Tokutaro", "year": "1979", "referenceId": 5080, "publicationType": 4, "event": "1741 Oshima-Osima Eruption & Tsunami", "geologicAgeId": 15, "yearBegin": 1741, "yearEnd": 1741, "locationName": "Japan", "country": "JAPAN", "bodyOfWater": "Pacific Ocean", "publish": true, "ageDescription": "1741", "numTsunamiEvents": 0}}, {"type": "Feature", "id": "164", "geometry": {"type": "Point", "coordinates": [140.681, 42.061]}, "properties": {"id": 164, "author": "Fisher, N.H.", "year": "1939", "referenceId": 4378, "publicationType": 4, "event": "1640 Komagatake Eruption & Tsunami", "geologicAgeId": 15, "yearBegin": 1640, "yearEnd": 1640, "locationName": "Japan", "country": "JAPAN", "bodyOfWater": "Pacific Ocean", "publish": true, "ageDescription": "1640", "numTsunamiEvents": 0}}, {"type": "Feature", "id": "165", "geometry": {"type": "Point", "coordinates": [25.4, 36.4]}, "properties": {"id": 165, "author": "Fisher, N.H.", "year": "1939", "referenceId": 4378, "publicationType": 4, "event": "Santorini Eruption & Tsunami", "geologicAgeId": 15, "yearBegin": 1650, "yearEnd": 1650, "locationName": "Italy", "country": "ITALY", "bodyOfWater": "Mediterranean Sea", "publish": true, "ageDescription": "1650", "numTsunamiEvents": 0}}, {"type": "Feature", "id": "166", "geometry": {"type": "Point", "coordinates": [-19.7, 63.9]}, "properties": {"id": 166, "author": "Fisher, N.H.", "year": "1939", "referenceId": 4378, "publicationType": 4, "event": "1693 Hekla Eruption & Tsunami", "geologicAgeId": 15, "yearBegin": 1693, "yearEnd": 1693, "locationName": "Iceland", "country": "ICELAND", "bodyOfWater": "Atlantic Ocean", "publish": true, "ageDescription": "1693", "numTsunamiEvents": 0}}, {"type": "Feature", "id": "167", "geometry": {"type": "Point", "coordinates": [158.8, 53.2]}, "properties": {"id": 167, "author": "Fisher, N.H.", "year": "1939", "referenceId": 4378, "publicationType": 4, "event": "1827 Avachinsky Eruption & Tsunami", "geologicAgeId": 15, "yearBegin": 1827, "yearEnd": 1827, "locationName": "Kamchatka", "country": "RUSSIA", "bodyOfWater": "Pacific Ocean", "publish": true, "ageDescription": "1827", "numTsunamiEvents": 0}}, {"type": "Feature", "id": "168", "geometry": {"type": "Point", "coordinates": [125.0, 1.0]}, "properties": {"id": 168, "author": "Fisher, N.H.", "year": "1939", "referenceId": 4378, "publicationType": 4, "event": "1845 Soputan Indonesia", "geologicAgeId": 15, "yearBegin": 1845, "yearEnd": 1845, "locationName": "Soputan Volcano, Indonesia", "country": "INDONESIA", "bodyOfWater": "Pacific Ocean", "publish": true, "ageDescription": "1845", "numTsunamiEvents": 0}}, {"type": "Feature", "id": "169", "geometry": {"type": "Point", "coordinates": [160.0, -9.5]}, "properties": {"id": 169, "author": "Fisher, N.H.", "year": "1939", "referenceId": 4378, "publicationType": 4, "event": "1971 Tinakula (Solomon Islands) Eruption & Tsunami", "geologicAgeId": 15, "yearBegin": 1971, "yearEnd": 1971, "locationName": "Solomon Islands", "country": "SOLOMON ISLANDS", "bodyOfWater": "Pacific Ocean", "publish": true, "ageDescription": "1971", "numTsunamiEvents": 0}}, {"type": "Feature", "id": "170", "geometry": {"type": "Point", "coordinates": [-139.37, 41.5]}, "properties": {"id": 170, "author": "Fisher, N.H.", "year": "1939", "referenceId": 4378, "publicationType": 4, "event": "1878 Okmok (Aleutian Islands, Alaska)", "geologicAgeId": 15, "yearBegin": 1878, "yearEnd": 1878, "locationName": "Alaska, USA", "country": "USA", "bodyOfWater": "Pacific Ocean", "publish": true, "ageDescription": "1878", "numTsunamiEvents": 0}}, {"type": "Feature", "id": "171", "geometry": {"type": "Point", "coordinates": [125.48, 2.78]}, "properties": {"id": 171, "author": "Fisher, N.H.", "year": "1939", "referenceId": 4378, "publicationType": 4, "event": "1889 Banua Wuhu Sangihe Islands", "geologicAgeId": 15, "yearBegin": 1889, "yearEnd": 1889, "locationName": "Sangihe Island, Indonesia", "country": "INDONESIA", "bodyOfWater": "Pacific Ocean", "publish": true, "ageDescription": "1889", "numTsunamiEvents": 0}}, {"type": "Feature", "id": "173", "geometry": {"type": "Point", "coordinates": [152.0, -4.3]}, "properties": {"id": 173, "author": "Fisher, N.H.", "year": "1939", "referenceId": 4378, "publicationType": 4, "event": "1937 Rabaul Seiches", "geologicAgeId": 15, "yearBegin": 1937, "yearEnd": 1937, "locationName": "Rabual, Papua New Guinea", "country": "PAPUA NEW GUINEA", "bodyOfWater": "Pacific Ocean", "description": "submarine eruption seiches", "publish": true, "ageDescription": "May 29, 1937", "numTsunamiEvents": 0}}, {"type": "Feature", "id": "174", "geometry": {"type": "Point", "coordinates": [105.0, -8.0]}, "properties": {"id": 174, "author": "Stehn, Ch.E.", "year": "1929", "referenceId": 4646, "publicationType": 4, "event": "1883 and 1928 Krakatau Eruptions & Tsunamis", "geologicAgeId": 15, "yearBegin": 1883, "yearEnd": 1928, "locationName": "Indonesia", "country": "INDONESIA", "bodyOfWater": "Indian Ocean", "publish": true, "ageDescription": "1928", "numTsunamiEvents": 0}}, {"type": "Feature", "id": "175", "geometry": {"type": "Point", "coordinates": [105.0, -8.0]}, "properties": {"id": 175, "author": "Stehn, Ch.E.", "year": "1929", "referenceId": 4646, "publicationType": 4, "event": "1929 Submarine Eruption", "geologicAgeId": 15, "yearBegin": 1929, "yearEnd": 1929, "locationName": "Anak Krakatoa", "country": "INDONESIA", "bodyOfWater": "Pacific Ocean", "publish": true, "ageDescription": "1929", "numTsunamiEvents": 0}}, {"type": "Feature", "id": "177", "geometry": {"type": "Point", "coordinates": [139.9, 35.2]}, "properties": {"id": 177, "author": "Niino, H.", "year": "1953", "referenceId": 4715, "publicationType": 4, "event": "1952 Bayonnaise Rocks SME", "geologicAgeId": 15, "yearBegin": 1952, "yearEnd": 1952, "locationName": "Myojin-sho, Japan", "country": "JAPAN", "bodyOfWater": "Pacific Ocean", "description": "submarine eruption local tsunami", "publish": true, "ageDescription": "1952", "numTsunamiEvents": 0}}, {"type": "Feature", "id": "178", "geometry": {"type": "Point", "coordinates": [139.85, 32.1]}, "properties": {"id": 178, "author": "Morimoto, R. and J. Ossaka", "year": "1955", "referenceId": 5170, "publicationType": 4, "event": "1952-1953 Myojin Submarine Volcanic Eruption & Tsunami", "geologicAgeId": 15, "yearBegin": 1952, "yearEnd": 1953, "country": "JAPAN", "bodyOfWater": "Pacific Ocean", "description": "submarine eruption local tsunami", "publish": true, "ageDescription": "1952", "numTsunamiEvents": 0}}, {"type": "Feature", "id": "181", "geometry": {"type": "Point", "coordinates": [147.35, -2.38]}, "properties": {"id": 181, "author": "M.A. Reynolds, J.G. best, R.W. Johnson", "year": "1980", "referenceId": 4714, "publicationType": 2, "event": "1953 Tuluman PNG", "geologicAgeId": 15, "yearBegin": 1953, "yearEnd": 1953, "locationName": "Volcana Tuluman, Papua New Guinea", "country": "PAPUA NEW GUINEA", "bodyOfWater": "Pacific Ocean", "description": "submarine eruption local tsunami", "publish": true, "ageDescription": "1953", "numTsunamiEvents": 0}}, {"type": "Feature", "id": "182", "geometry": {"type": "Point", "coordinates": [130.65, 31.58]}, "properties": {"id": 182, "author": "Omori, F.", "year": "1915", "referenceId": 5045, "publicationType": 4, "event": "1780 Sakurajima Eruption", "geologicAgeId": 15, "yearBegin": 1780, "yearEnd": 1780, "locationName": "Japan", "country": "JAPAN", "bodyOfWater": "Pacific Ocean", "description": "submarine eruption local tsunami", "publish": true, "ageDescription": "September 9, 1780", "numTsunamiEvents": 0}}, {"type": "Feature", "id": "183", "geometry": {"type": "Point", "coordinates": [130.65, 31.58]}, "properties": {"id": 183, "author": "Omori, F.", "year": "1915", "referenceId": 5045, "publicationType": 4, "event": "1781 Sakurajima Eruption", "geologicAgeId": 15, "yearBegin": 1781, "yearEnd": 1781, "locationName": "Japan", "country": "JAPAN", "bodyOfWater": "Pacific Ocean", "description": "submarine eruption local tsunami", "publish": true, "ageDescription": "April 11, 1781", "numTsunamiEvents": 0}}, {"type": "Feature", "id": "184", "geometry": {"type": "Point", "coordinates": [130.65, 31.58]}, "properties": {"id": 184, "author": "Koto, Bundjiro", "year": "1916", "referenceId": 2060, "publicationType": 4, "event": "1781 Sakurajima Eruption", "geologicAgeId": 15, "yearBegin": 1781, "yearEnd": 1781, "locationName": "Japan", "country": "JAPAN", "bodyOfWater": "Pacific Ocean", "description": "submarine eruption local tsunami", "publish": true, "ageDescription": "April 11, 1781", "numTsunamiEvents": 0}}, {"type": "Feature", "id": "185", "geometry": {"type": "Point", "coordinates": [15.0, 38.4]}, "properties": {"id": 185, "author": "Brown, G.", "year": "1908", "referenceId": 5168, "publicationType": 2, "event": "1878 Vulcan Volcano Eruption & Tsunami", "geologicAgeId": 15, "yearBegin": 1878, "yearEnd": 1878, "locationName": "Italy", "country": "ITALY", "bodyOfWater": "Mediterranean Sea", "description": "submarine eruption", "publish": true, "ageDescription": "February 1878", "numTsunamiEvents": 0}}, {"type": "Feature", "id": "186", "geometry": {"type": "Point", "coordinates": [123.68, 13.3]}, "properties": {"id": 186, "author": "Smithsonian Institution", "year": "1969", "referenceId": 5171, "publicationType": 2, "event": "1969 East Luzon Eruption & Tsunami", "geologicAgeId": 15, "yearBegin": 1969, "yearEnd": 1969, "locationName": "Elidices Island", "country": "PHILIPPINES", "bodyOfWater": "Pacific Ocean", "publish": true, "ageDescription": "March 1969", "numTsunamiEvents": 0}}, {"type": "Feature", "id": "187", "geometry": {"type": "Point", "coordinates": [105.0, -8.0]}, "properties": {"id": 187, "author": "Smithsonian Institution", "year": "1983", "referenceId": 5172, "publicationType": 2, "event": "1883 Krakatau Eruption", "geologicAgeId": 15, "yearBegin": 1883, "yearEnd": 1883, "locationName": "Indonesia", "country": "INDONESIA", "bodyOfWater": "Indian Ocean", "description": "pyroclastic flows", "publish": true, "ageDescription": "August 1883", "numTsunamiEvents": 0}}, {"type": "Feature", "id": "188", "geometry": {"type": "Point", "coordinates": [-61.2, 13.0]}, "properties": {"id": 188, "author": "Anderson, T., and Flett S.J.", "year": "1903", "referenceId": 3486, "publicationType": 4, "event": "1902 Soufriere Eruption & Tsunami", "geologicAgeId": 15, "yearBegin": 1902, "yearEnd": 1902, "locationName": "St. Vincent & St. Pierre", "country": "SAINT VINCENT AND THE GRENADINES", "bodyOfWater": "Caribbean Sea", "description": "Pyroclastic flows", "publish": true, "ageDescription": "May 7-8, 1902", "numTsunamiEvents": 0}}, {"type": "Feature", "id": "189", "geometry": {"type": "Point", "coordinates": [125.5, 3.67]}, "properties": {"id": 189, "author": "Meyer, A.B.", "year": "1871", "referenceId": 5167, "publicationType": 4, "event": "1856 Awu Volcano", "geologicAgeId": 15, "yearBegin": 1856, "yearEnd": 1856, "locationName": "Sangihe Island, Indonesia", "country": "INDONESIA", "bodyOfWater": "Pacific Ocean", "description": "pyroclastic flows", "publish": true, "ageDescription": "1856", "numTsunamiEvents": 0}}, {"type": "Feature", "id": "190", "geometry": {"type": "Point", "coordinates": [144.3, -8.1]}, "properties": {"id": 190, "author": "Meyer, A.B.", "year": "1871", "referenceId": 5167, "publicationType": 4, "event": "1871 Ruang Eruption & Tsunami", "geologicAgeId": 15, "yearBegin": 1871, "yearEnd": 1871, "locationName": "Celebes", "country": "INDONESIA", "bodyOfWater": "Pacific Ocean", "description": "pyroclastic flows", "publish": true, "ageDescription": "1871", "numTsunamiEvents": 0}}, {"type": "Feature", "id": "192", "geometry": {"type": "Point", "coordinates": [-150.0, 61.0]}, "properties": {"id": 192, "author": "Kienle, Jurgen and Samuel E Swanson", "year": "1985", "referenceId": 2701, "publicationType": 2, "event": "Augustine Eruption", "geologicAgeId": 15, "locationName": "Alaska, USA", "country": "USA", "bodyOfWater": "Pacific Ocean", "description": "pyroclastic flows", "publish": true, "ageDescription": "Historic", "numTsunamiEvents": 0}}, {"type": "Feature", "id": "193", "geometry": {"type": "Point", "coordinates": [140.0, -3.0]}, "properties": {"id": 193, "author": "Cooke, R.J.S., C.O. McKee, V.F. Dent, and D.A. Wallace", "year": "1976", "referenceId": 5081, "publicationType": 4, "event": "1888 Ritter Island Eruption & Tsunami", "geologicAgeId": 15, "yearBegin": 1888, "yearEnd": 1888, "locationName": "Bismarck Sea, Papua New Guinea", "country": "PAPUA NEW GUINEA", "bodyOfWater": "Pacific Ocean", "publish": true, "ageDescription": "1888", "numTsunamiEvents": 0}}, {"type": "Feature", "id": "194", "geometry": {"type": "Point", "coordinates": [140.0, -3.0]}, "properties": {"id": 194, "author": "Cooke, R.J.S., C.O. McKee, V.F. Dent, and D.A. Wallace", "year": "1976", "referenceId": 5081, "publicationType": 4, "event": "1972 Ritter Island Eruption & Tsunami", "geologicAgeId": 15, "yearBegin": 1972, "yearEnd": 1972, "locationName": "Bismarck Sea, Papua New Guinea", "country": "PAPUA NEW GUINEA", "bodyOfWater": "Pacific Ocean", "publish": true, "ageDescription": "1972", "numTsunamiEvents": 0}}, {"type": "Feature", "id": "195", "geometry": {"type": "Point", "coordinates": [140.0, -3.0]}, "properties": {"id": 195, "author": "Cooke, R.J.S., C.O. McKee, V.F. Dent, and D.A. Wallace", "year": "1976", "referenceId": 5081, "publicationType": 4, "event": "1974 Ritter Island Eruption & Tsunami", "geologicAgeId": 15, "yearBegin": 1974, "yearEnd": 1974, "locationName": "Bismarck Sea, Papua New Guinea", "country": "PAPUA NEW GUINEA", "bodyOfWater": "Pacific Ocean", "publish": true, "ageDescription": "1974", "numTsunamiEvents": 0}}, {"type": "Feature", "id": "196", "geometry": {"type": "Point", "coordinates": [14.0, 40.8]}, "properties": {"id": 196, "author": "Pliny (the Younger)", "year": "1890", "referenceId": 5079, "publicationType": 2, "event": "79 AD Vesuvius Eruption & Tsunami", "geologicAgeId": 15, "yearBegin": 79, "yearEnd": 79, "locationName": "Vesuvius", "country": "ITALY", "bodyOfWater": "Mediterranean Sea", "description": "Letters literally translated.", "publish": true, "ageDescription": "79", "numTsunamiEvents": 0}}, {"type": "Feature", "id": "197", "geometry": {"type": "Point", "coordinates": [118.0, -8.25]}, "properties": {"id": 197, "author": "Jaggar, T.A.", "year": "1949", "referenceId": 4736, "publicationType": 2, "event": "1815 Tambora Volcano", "geologicAgeId": 15, "yearBegin": 1815, "yearEnd": 1815, "locationName": "Java, Indonesia", "country": "INDONESIA", "bodyOfWater": "Indian Ocean", "description": "caldera collapse and subsidence", "publish": true, "ageDescription": "April 1815", "numTsunamiEvents": 0}}, {"type": "Feature", "id": "198", "geometry": {"type": "Point", "coordinates": [105.4, -6.0]}, "properties": {"id": 198, "author": "Jaggar, T.A.", "year": "1949", "referenceId": 4736, "publicationType": 2, "event": "1883 Krakatau Eruption", "geologicAgeId": 15, "yearBegin": 1883, "yearEnd": 1883, "locationName": "Indonesia", "country": "INDONESIA", "bodyOfWater": "Indian Ocean", "description": "caldera collapse and subsidence", "publish": true, "ageDescription": "August 1883", "numTsunamiEvents": 0}}, {"type": "Feature", "id": "199", "geometry": {"type": "Point", "coordinates": [-61.0, 14.7]}, "properties": {"id": 199, "author": "Jaggar, T.A.", "year": "1949", "referenceId": 4736, "publicationType": 2, "event": "1902 Martinique", "geologicAgeId": 15, "yearBegin": 1902, "yearEnd": 1902, "locationName": "Riviere Blanche", "country": "MARTINIQUE", "bodyOfWater": "Caribbean Sea", "description": "Lahar tsunami", "publish": true, "ageDescription": "May 5, 1902", "numTsunamiEvents": 0}}, {"type": "Feature", "id": "200", "geometry": {"type": "Point", "coordinates": [120.3, -7.43]}, "properties": {"id": 200, "author": "Kuno, Hisashi", "year": "1962", "referenceId": 2140, "publicationType": 2, "event": "1792 Shimabara Earthquake", "geologicAgeId": 15, "yearBegin": 1792, "yearEnd": 1792, "locationName": "Unzen Volcano, Japan", "country": "JAPAN", "bodyOfWater": "Pacific Ocean", "description": "landslide; avalanche", "publish": true, "ageDescription": "May 21, 1792", "numTsunamiEvents": 0}}, {"type": "Feature", "id": "203", "geometry": {"type": "Point", "coordinates": [123.6, -8.54]}, "properties": {"id": 203, "author": "Pararas-Carayannis, George", "year": "1979", "referenceId": 5087, "publicationType": 3, "event": "Ili Werung Volcano", "geologicAgeId": 15, "yearBegin": 1979, "yearEnd": 1979, "locationName": "Indonesia", "country": "INDONESIA", "bodyOfWater": "Indian Ocean", "description": "landslide; avalanche", "publish": true, "ageDescription": "July 18, 1979", "numTsunamiEvents": 0}}, {"type": "Feature", "id": "204", "geometry": {"type": "Point", "coordinates": [121.0, 14.0]}, "properties": {"id": 204, "author": "Moore,  J.G., K. Nakamura, and A. Alcaraz", "year": "1966", "referenceId": 5094, "publicationType": 4, "event": "1965 Lake Taal Eruption & Tsunami", "geologicAgeId": 15, "yearBegin": 1965, "yearEnd": 1965, "locationName": "Philippines", "country": "PHILIPPINES", "bodyOfWater": "Pacific Ocean", "description": "basesurge tsunami", "publish": true, "ageDescription": "1965", "numTsunamiEvents": 0}}, {"type": "Feature", "id": "209", "geometry": {"type": "Point", "coordinates": [121.0, 14.0]}, "properties": {"id": 209, "author": "Pratt, Walter E.", "year": "1911", "referenceId": 5093, "publicationType": 4, "event": "1911 Lake Taal Eruption & Tsunami", "geologicAgeId": 15, "yearBegin": 1911, "yearEnd": 1911, "locationName": "Philippines", "country": "PHILIPPINES", "bodyOfWater": "Pacific Ocean", "description": "basesurge tsunami", "publish": true, "ageDescription": "1911", "numTsunamiEvents": 0}}, {"type": "Feature", "id": "211", "geometry": {"type": "Point", "coordinates": [-156.0, 20.0]}, "properties": {"id": 211, "author": "Pararas-Carayannis, George, Jeffrey P. Calebaugh", "year": "1977", "referenceId": 335, "publicationType": 2, "event": "1868 Hawaii", "geologicAgeId": 15, "yearBegin": 1868, "yearEnd": 1868, "locationName": "Hawaii", "country": "USA", "bodyOfWater": "Pacific Ocean", "description": "Lahar tsunami", "publish": true, "ageDescription": "April 2, 1868", "numTsunamiEvents": 0}}, {"type": "Feature", "id": "212", "geometry": {"type": "Point", "coordinates": [14.0, 40.8]}, "properties": {"id": 212, "author": "Pliny (the Younger)", "year": "1890", "referenceId": 5079, "publicationType": 2, "event": "79 AD Vesuvius Eruption & Tsunami", "geologicAgeId": 15, "yearBegin": 79, "yearEnd": 79, "locationName": "Italy", "country": "ITALY", "bodyOfWater": "Mediterranean Sea", "description": "Lahar tsunami", "publish": true, "ageDescription": "79", "numTsunamiEvents": 0}}, {"type": "Feature", "id": "213", "geometry": {"type": "Point", "coordinates": [105.0, -5.0]}, "properties": {"id": 213, "author": "Iida, Kumizi, Doak C. Cox, and George Pararas-Carayannis", "year": "1967", "referenceId": 79, "publicationType": 2, "event": "1883 Krakatau Eruption", "geologicAgeId": 15, "yearBegin": 1883, "yearEnd": 1883, "locationName": "Tandjong Priok", "country": "INDONESIA", "bodyOfWater": "Indian Ocean", "description": "air wave explosion tsunami", "publish": true, "ageDescription": "August 1883", "numTsunamiEvents": 0}}, {"type": "Feature", "id": "214", "geometry": {"type": "Point", "coordinates": [161.0, 56.0]}, "properties": {"id": 214, "author": "Iida, Kumizi, Doak C. Cox, and George Pararas-Carayannis", "year": "1967", "referenceId": 79, "publicationType": 2, "event": "1956 Bezymianny Eruption & Tsunami", "geologicAgeId": 15, "yearBegin": 1956, "yearEnd": 1956, "locationName": "Attu Island, Kamchatka, Russia", "country": "RUSSIA", "bodyOfWater": "Pacific Ocean", "description": "air wave explosion tsunami", "publish": true, "ageDescription": "March 30, 1956", "numTsunamiEvents": 0}}, {"type": "Feature", "id": "233", "geometry": {"type": "Point", "coordinates": [132.5, 32.0]}, "properties": {"id": 233, "author": "Acharya, Hemendra", "year": "1989", "referenceId": 95, "publicationType": 4, "event": "1914 Sakurajima Eruption", "geologicAgeId": 15, "yearBegin": 1914, "yearEnd": 1914, "locationName": "Japan", "country": "JAPAN", "bodyOfWater": "Pacific Ocean", "publish": true, "ageDescription": "January 12, 1914", "numTsunamiEvents": 0}}, {"type": "Feature", "id": "235", "geometry": {"type": "Point", "coordinates": [14.4, 40.8]}, "properties": {"id": 235, "author": "Tinti, S., G. Pagnoni, A. Piatanesi", "year": "2003", "referenceId": 4379, "publicationType": 4, "event": "79 and 1631 AD Vesuvius Eruption & Tsunami", "geologicAgeId": 15, "yearBegin": 79, "yearEnd": 1631, "locationName": "Tyrrhenian coast", "country": "ITALY", "bodyOfWater": "Mediterranean Sea", "description": "model", "publish": true, "ageDescription": "79 and 1631", "numTsunamiEvents": 0}}, {"type": "Feature", "id": "236", "geometry": {"type": "Point", "coordinates": [144.5, 43.0]}, "properties": {"id": 236, "author": "Nanayama, F., K. Satake, R. Furukawa, K. Shimokawa, B.F. Atwater, K. Shigeno, and S. Yamaki", "year": "2003", "referenceId": 3170, "publicationType": 4, "event": "Historic tsunami", "geologicAgeId": 15, "locationName": "Japan (north)", "country": "JAPAN", "bodyOfWater": "Pacific Ocean", "description": "sand sheets", "environment": "coastal", "publish": true, "ageDescription": "Holocene", "numTsunamiEvents": 0}}, {"type": "Feature", "id": "237", "geometry": {"type": "Point", "coordinates": [23.0, -21.0]}, "properties": {"id": 237, "author": "Hassler, Scott W. and Bruce M. Simonson", "year": "2001", "referenceId": 3400, "publicationType": 4, "event": "Impact tsunami", "geologicAgeId": 1, "locationName": "Hamersley Basin, Australia (west)", "country": "AUSTRALIA", "bodyOfWater": "Epicontinental Sea", "description": "impact turbidite; Neo-Archean, paleo-proterzoic", "publish": true, "ageDescription": "2.54 Ga", "numTsunamiEvents": 0}}, {"type": "Feature", "id": "238", "geometry": {"type": "Point", "coordinates": [-64.75, 32.3]}, "properties": {"id": 238, "author": "Hearty, Paul J. and H. Leonard Vacher", "year": "1994", "referenceId": 3405, "publicationType": 4, "event": "Rock record", "geologicAgeId": 15, "locationName": "Bermuda", "country": "BERMUDA", "bodyOfWater": "Atlantic Ocean", "publish": true, "ageDescription": "Quaternary", "numTsunamiEvents": 0}}, {"type": "Feature", "id": "239", "geometry": {"type": "Point", "coordinates": [-74.5, 24.0]}, "properties": {"id": 239, "author": "Hearty, Paul J.", "year": "1997", "referenceId": 3404, "publicationType": 4, "event": "Boulders", "geologicAgeId": 15, "locationName": "North Eleuthera Island, Bahamas", "country": "BAHAMAS", "bodyOfWater": "Caribbean Sea", "description": "boulder bases buried in Holocene sands, undulating surface with plucking scars", "environment": "Limestone island deposits", "publish": true, "ageDescription": "Holocene", "numTsunamiEvents": 0}}, {"type": "Feature", "id": "240", "geometry": {"type": "Point", "coordinates": [-9.0, 37.0]}, "properties": {"id": 240, "author": "Hindson, R.A., C. Andrade, and A.G. Dawson", "year": "1996", "referenceId": 3033, "publicationType": 4, "event": "1755 Lisbon Earthquake & Tsunami", "geologicAgeId": 15, "yearBegin": 1755, "yearEnd": 1755, "locationName": "Boca do Rio, Algarve, Portugal", "country": "PORTUGAL", "bodyOfWater": "Atlantic Ocean", "description": "marine deposits; supratidal floodplain with ridges, occasional river flooding", "environment": "lowland & cliffed coast flow energy, mesotidal coast", "publish": true, "ageDescription": "1755", "numTsunamiEvents": 0}}, {"type": "Feature", "id": "245", "geometry": {"type": "Point", "coordinates": [-157.0, 20.7]}, "properties": {"id": 245, "author": "Keating, Barbara H., and Charles E. Helsley", "year": "2002", "referenceId": 2937, "publicationType": 4, "event": "Megatsunami versus island uplift", "locationName": "Lanai, Hawaii", "country": "USA", "bodyOfWater": "Pacific Ocean", "publish": true, "numTsunamiEvents": 0}}, {"type": "Feature", "id": "250", "geometry": {"type": "Point", "coordinates": [144.0, 43.0]}, "properties": {"id": 250, "author": "Kelsey, Harvey M., Kenji Satake, Yuki Sawai, Brian L. Sherrod, Koichi Shimokawa, and Masanobu Shishikura", "year": "2002", "referenceId": 4940, "publicationType": 4, "event": "7 uplift events in Japan", "geologicAgeId": 15, "locationName": "Hokkaido (east)", "country": "JAPAN", "bodyOfWater": "Pacific Ocean", "description": "uplift by unusually large earthquake", "environment": "estuary", "publish": true, "ageDescription": "Last 2800 years", "numTsunamiEvents": 0}}, {"type": "Feature", "id": "251", "geometry": {"type": "Point", "coordinates": [-7.5, 37.0]}, "properties": {"id": 251, "author": "Lario, J., C. Zazo, A.J. Plater, J.L. Goy, C.J. Dabrio, E. Borja, F.J. Sierro and L. Luque", "year": "2001", "referenceId": 3224, "publicationType": 4, "event": "Estuary deposits", "geologicAgeId": 15, "locationName": "Donana National Park, Iberia", "country": "PORTUGAL", "bodyOfWater": "Atlantic Ocean", "environment": "estuary", "publish": true, "ageDescription": "Holocene", "numTsunamiEvents": 0}}, {"type": "Feature", "id": "253", "geometry": {"type": "Point", "coordinates": [-77.0, 18.0]}, "properties": {"id": 253, "author": "Link, M.C.", "year": "1960", "referenceId": 4386, "publicationType": 4, "event": "1692 Port Royal, Jamaica Earthquake & Tsunami", "geologicAgeId": 15, "yearBegin": 1692, "yearEnd": 1692, "locationName": "Port Royal", "country": "JAMAICA", "bodyOfWater": "Caribbean Sea", "description": "drowning of the city", "publish": true, "ageDescription": "1692", "numTsunamiEvents": 0}}, {"type": "Feature", "id": "255", "geometry": {"type": "Point", "coordinates": [133.0, 35.0]}, "properties": {"id": 255, "author": "Minoura, K., Nakata, T.", "year": "1994", "referenceId": 4387, "publicationType": 4, "event": "1026 Earthquake & Tsunami", "geologicAgeId": 15, "yearBegin": 1026, "yearEnd": 1026, "locationName": "Masuda Plain, Japan", "country": "JAPAN", "bodyOfWater": "Pacific Ocean", "publish": true, "ageDescription": "1026", "numTsunamiEvents": 0}}, {"type": "Feature", "id": "257", "geometry": {"type": "Point", "coordinates": [138.0, 36.0]}, "properties": {"id": 257, "author": "Nasu, N.", "year": "1948", "referenceId": 4389, "publicationType": 4, "event": "Local tsunami phenomena", "locationName": "Japan", "country": "JAPAN", "bodyOfWater": "Pacific Ocean", "publish": true, "numTsunamiEvents": 0}}, {"type": "Feature", "id": "258", "geometry": {"type": "Point", "coordinates": [-65.0, 60.0]}, "properties": {"id": 258, "author": "Teller, James T., Tad Murty, N. Nirupama, and P. Chittibabu", "year": "2005", "referenceId": 4996, "publicationType": 4, "event": "Discharge of Lake Agassiz (hypothetical)", "geologicAgeId": 15, "locationName": "Glacial Lake Agassiz (Northern Canada)", "country": "CANADA", "bodyOfWater": "Atlantic Ocean", "description": "deposition along the Hudson River drainage", "environment": "lake/glacier/coast", "publish": true, "ageDescription": "8400 BP", "numTsunamiEvents": 0}}, {"type": "Feature", "id": "259", "geometry": {"type": "Point", "coordinates": [-124.0, 45.0]}, "properties": {"id": 259, "author": "Nelson, A.R. and Peronius, S.F.", "year": "1996", "referenceId": 4391, "publicationType": 4, "event": "Cascadia Earthquake", "geologicAgeId": 15, "locationName": "Central Cascadia Subduction zone", "country": "USA", "bodyOfWater": "Pacific Ocean", "publish": true, "ageDescription": "Holocene", "numTsunamiEvents": 0}}, {"type": "Feature", "id": "260", "geometry": {"type": "Point", "coordinates": [-124.4, 43.0]}, "properties": {"id": 260, "author": "Nelson, A.R., Y. Matushima, Y. Ota, M. Umitsu, and K. Kashima", "year": "1998", "referenceId": 2877, "publicationType": 4, "event": "Earthquake", "geologicAgeId": 15, "locationName": "Bradley Lake, Oregon, USA", "country": "USA", "bodyOfWater": "Pacific Ocean", "description": "History ,16 lake-wide disturbances", "environment": "tidal wetlands & coastal lakes", "publish": true, "ageDescription": "Last 7300 years", "numTsunamiEvents": 0}}, {"type": "Feature", "id": "261", "geometry": {"type": "Point", "coordinates": [-9.0, 39.0]}, "properties": {"id": 261, "author": "Reid, Harry F.", "year": "1914", "referenceId": 1888, "publicationType": 4, "event": "1755 Lisbon Earthquake & Tsunami", "geologicAgeId": 15, "yearBegin": 1755, "yearEnd": 1755, "locationName": "Lisbon, Portugal", "country": "PORTUGAL", "bodyOfWater": "Atlantic Ocean", "publish": true, "ageDescription": "1755", "numTsunamiEvents": 0}}, {"type": "Feature", "id": "262", "geometry": {"type": "Point", "coordinates": [98.0, 8.5]}, "properties": {"id": 262, "author": "Goto, K., Chavanich, S. A., Imamura, F., Kunthasap, P., Matsui, T., Minoura, K., Sugawara, D., Yanagisawa, H", "year": "2007", "referenceId": 4284, "publicationType": 4, "event": "2004 Indian Ocean Earthquake & Tsunami", "geologicAgeId": 15, "yearBegin": 2004, "yearEnd": 2004, "locationName": "Pakarang, Thailand", "country": "THAILAND", "bodyOfWater": "Indian Ocean", "environment": "Rocky coast, sandy beach", "publish": true, "ageDescription": "December 26, 2004", "numTsunamiEvents": 0}}, {"type": "Feature", "id": "263", "geometry": {"type": "Point", "coordinates": [-69.0, 12.0]}, "properties": {"id": 263, "author": "Schellmann, Gerhard, Ulrich Radtke, Anja Scheffers, Franziska Whelan, and Dieter Kelletat", "year": "2004", "referenceId": 4896, "publicationType": 4, "event": "Uplifted Terraces", "geologicAgeId": 15, "locationName": "Curacao, Netherlands Antilles", "country": "NETHERLANDS ANTILLES", "bodyOfWater": "Caribbean Sea", "description": "3 coral reef terraces; terrace uplift of 45m asl", "environment": "coral reef terrace", "publish": true, "ageDescription": "Late-Middle Pleistocene", "numTsunamiEvents": 0}}, {"type": "Feature", "id": "264", "geometry": {"type": "Point", "coordinates": [-16.0, 27.0]}, "properties": {"id": 264, "author": "Schmincke, Hans-Ulrich and Beate Segschneider", "year": "1998", "referenceId": 3231, "publicationType": 4, "event": "Baltic Shield", "locationName": "Gran Canaria Island", "country": "SPAIN", "bodyOfWater": "Atlantic Ocean", "environment": "submarine", "publish": true, "numTsunamiEvents": 0}}, {"type": "Feature", "id": "266", "geometry": {"type": "Point", "coordinates": [-69.06, 12.2]}, "properties": {"id": 266, "author": "Smith, M.S. and J.B. Shepherd", "year": "1996", "referenceId": 4402, "publicationType": 2, "event": "Kick 'em Jenny Landslides", "geologicAgeId": 15, "yearBegin": 1766, "yearEnd": 1968, "locationName": "Kick-em- Jenny seamount", "country": "NETHERLANDS ANTILLES", "bodyOfWater": "Caribbean Sea", "description": "volcanic", "publish": true, "numTsunamiEvents": 0}}, {"type": "Feature", "id": "267", "geometry": {"type": "Point", "coordinates": [121.1, 13.5]}, "properties": {"id": 267, "author": "Synolakis, Costas, and Fumihiko Imamura", "year": "1995", "referenceId": 424, "publicationType": 4, "event": "1994 Philippines Earthquake & Tsunami", "geologicAgeId": 15, "yearBegin": 1994, "yearEnd": 1994, "locationName": "Mindoro, Philippines", "country": "PHILIPPINES", "bodyOfWater": "Pacific Ocean", "publish": true, "ageDescription": "November 15, 1994", "numTsunamiEvents": 0}}, {"type": "Feature", "id": "271", "geometry": {"type": "Point", "coordinates": [141.767, 39.033]}, "properties": {"id": 271, "author": "Yagishita, Koji", "year": "2001", "referenceId": 4404, "publicationType": 4, "event": "1896 Sanriku, Japan Earthquake & Tsunami", "geologicAgeId": 15, "yearBegin": 1896, "yearEnd": 1896, "locationName": "Attari coast, Japan", "country": "JAPAN", "bodyOfWater": "Pacific Ocean", "description": "tsunami transport of gravels", "publish": true, "ageDescription": "June 1896", "numTsunamiEvents": 0}}, {"type": "Feature", "id": "272", "geometry": {"type": "Point", "coordinates": [139.5, 42.2]}, "properties": {"id": 272, "author": "Youd, T. Leslie, Riley M. Chung, and Edwin L. Harp", "year": "1995", "referenceId": 3096, "publicationType": 4, "event": "1993 SW Hokkaido Earthquake & Tsunami", "geologicAgeId": 15, "yearBegin": 1993, "yearEnd": 1993, "locationName": "Okushira Island, West Coast Hokkaido", "country": "JAPAN", "bodyOfWater": "Pacific Ocean", "environment": "Alluvial river valley", "publish": true, "ageDescription": "July 12, 1993", "numTsunamiEvents": 0}}, {"type": "Feature", "id": "273", "geometry": {"type": "Point", "coordinates": [-149.4, -17.7]}, "properties": {"id": 273, "author": "Talandier, J.", "year": "1972", "referenceId": 4672, "publicationType": 6, "event": "Study and prediction", "locationName": "French Polynesia", "country": "FRENCH POLYNESIA", "bodyOfWater": "Pacific Ocean", "publish": true, "numTsunamiEvents": 0}}, {"type": "Feature", "id": "275", "geometry": {"type": "Point", "coordinates": [25.4, 36.4]}, "properties": {"id": 275, "author": "Cita, Maria Biana, and Bianca Rimoldi", "year": "1997", "referenceId": 2851, "publicationType": 4, "event": "Santorini Eruption & Tsunami", "geologicAgeId": 15, "yearBegin": -1650, "yearEnd": -1490, "locationName": "East Mediterranean", "country": "GREECE", "bodyOfWater": "Mediterranean Sea", "description": "homogeneous", "environment": "submarine basin", "publish": true, "ageDescription": "3500 BP", "numTsunamiEvents": 0}}, {"type": "Feature", "id": "276", "geometry": {"type": "Point", "coordinates": [25.4, 36.4]}, "properties": {"id": 276, "author": "Cita, M.B., A. Camerlenghi, B. Rimoldi", "year": "1996", "referenceId": 4633, "publicationType": 4, "event": "Santorini Eruption & Tsunami", "geologicAgeId": 15, "yearBegin": -1650, "yearEnd": -1490, "locationName": "East Mediterranean", "country": "GREECE", "bodyOfWater": "Mediterranean Sea", "description": "basal grading", "environment": "submarine basin", "publish": true, "ageDescription": "3500 BP", "numTsunamiEvents": 0}}, {"type": "Feature", "id": "277", "geometry": {"type": "Point", "coordinates": [25.0, 34.0]}, "properties": {"id": 277, "author": "Erba, E., E. Parisi, and M.B. Cita", "year": "1987", "referenceId": 3411, "publicationType": 4, "event": "Santorini Eruption & Tsunami", "geologicAgeId": 15, "yearBegin": -1650, "yearEnd": -1490, "locationName": "East Mediterranean, Tyro & Krethen basins", "country": "GREECE", "bodyOfWater": "Mediterranean Sea", "description": "homogenite, turbidite, volcanogenic", "environment": "submarine basin", "publish": true, "ageDescription": "Bronze age", "numTsunamiEvents": 0}}, {"type": "Feature", "id": "278", "geometry": {"type": "Point", "coordinates": [-159.4, 21.9]}, "properties": {"id": 278, "author": "Burney, David A; James, Helen F; Burney, Lida Pigott; Olson, Storrs L; Kikuchi, William; Wagner, Warren L; Burney, Mara; McCloskey, Deirdre; Kikuchi, Delores; Grady, Frederick V; Gage, Reginald, II; Nishek, Robert", "year": "2001", "referenceId": 5074, "publicationType": 4, "event": "High energy event", "geologicAgeId": 15, "locationName": "Kauai (south coast), Hawaii", "country": "USA", "bodyOfWater": "Pacific Ocean", "description": "layers & overwash in cave", "environment": "sink hole & cave system in eolianite", "publish": true, "ageDescription": "Late Holocene", "numTsunamiEvents": 0}}, {"type": "Feature", "id": "279", "geometry": {"type": "Point", "coordinates": [-157.6, 21.2]}, "properties": {"id": 279, "author": "Keating, B.H., Whelan, F. and Bailey-Brock, J.", "year": "2004", "referenceId": 4406, "publicationType": 4, "event": "Queen's Beach, Oahu tsunami events", "geologicAgeId": 15, "yearBegin": 1946, "yearEnd": 1960, "locationName": "Queen's Beach, Oahu, Hawaii", "country": "USA", "bodyOfWater": "Pacific Ocean", "description": "beach & back beach, drape topography", "environment": "sandy beach", "publish": true, "ageDescription": "1946, 1952, 1957, 1960", "numTsunamiEvents": 0}}, {"type": "Feature", "id": "280", "geometry": {"type": "Point", "coordinates": [-69.0, 12.0]}, "properties": {"id": 280, "author": "Radtke, Ulrich, Gerhard Schellmann, Anja Scheffers, Dieter Kelletat, Bernd Kromer, and Haino Uwe Kasper", "year": "2003", "referenceId": 3131, "publicationType": 4, "event": "Tsunamis", "geologicAgeId": 15, "locationName": "Curacao, Bonaire & Aruba Netherlands Antilles", "country": "NETHERLANDS ANTILLES", "bodyOfWater": "Caribbean Sea", "description": "rubble ridges & rampart onshore, assemblages derived from last interglacial limestone terrace", "environment": "Carbonate ridge formation", "publish": true, "ageDescription": "Holocene", "numTsunamiEvents": 0}}, {"type": "Feature", "id": "281", "geometry": {"type": "Point", "coordinates": [-105.0, 37.0]}, "properties": {"id": 281, "author": "Scott, A.C., B.H. Lomax, M.E. Collinson, G.R. Upchurch, D.J. Beerling", "year": "2000", "referenceId": 4336, "publicationType": 4, "event": "K/T Boundary Impact", "geologicAgeId": 13, "locationName": "Sugarite Coal, New Mexico, USA", "country": "USA", "bodyOfWater": "Tethys", "environment": "marsh", "publish": true, "ageDescription": "Cretaceous-Tertiary (K/T) Boundary", "numTsunamiEvents": 0}}, {"type": "Feature", "id": "282", "geometry": {"type": "Point", "coordinates": [18.0, 59.25]}, "properties": {"id": 282, "author": "Morner, Nils-Axel", "year": "1999", "referenceId": 4345, "publicationType": 4, "event": "Tsunamis", "geologicAgeId": 15, "locationName": "Stockholm, Southern Malaren, Narke area, Sweden", "country": "SWEDEN", "bodyOfWater": "Baltic & North Seas", "description": "glacial outwash, sudden environment shift", "environment": "ice margin", "publish": true, "ageDescription": "10,430 BP", "numTsunamiEvents": 0}}, {"type": "Feature", "id": "283", "geometry": {"type": "Point", "coordinates": [15.0, 60.0]}, "properties": {"id": 283, "author": "Morner, Nils-Axel", "year": "1999", "referenceId": 4345, "publicationType": 4, "event": "Swedish Varve 9663 landslide event 2", "geologicAgeId": 15, "locationName": "Boda Cave, Sweden", "country": "SWEDEN", "bodyOfWater": "Baltic & North Seas", "description": "occurs over 8 drainage basins", "environment": "250m = sea bed condition out board of the ice margin", "publish": true, "ageDescription": "9700 BP", "numTsunamiEvents": 0}}, {"type": "Feature", "id": "284", "geometry": {"type": "Point", "coordinates": [-133.0, 35.0]}, "properties": {"id": 284, "author": "Smit, Jan", "year": "1999", "referenceId": 4263, "publicationType": 4, "event": "Chicxulub Impact", "geologicAgeId": 13, "locationName": "Yucatan/Belize/Gulf of Mexico cores", "country": "MEXICO", "bodyOfWater": "Atlantic Ocean", "description": "shallowing", "environment": "shallow marine", "publish": true, "ageDescription": "65 MY", "numTsunamiEvents": 0}}, {"type": "Feature", "id": "285", "geometry": {"type": "Point", "coordinates": [145.0, 42.0]}, "properties": {"id": 285, "author": "Nanayama, Futoshi, Shigeno, Kiyoyuki, Soeda, Yuji, Furukawa, Ryuta, Okahashi, Hisayo, Saito, Kenichi, Yokoyama, Yoshiharu, Satake, Kenji, Nakagawa, Mitsuru, Tsukuda, Eikichi and Sugiyama, Yuichi", "year": "2003", "referenceId": 4409, "publicationType": 4, "event": "Tsunami deposits", "geologicAgeId": 15, "yearEnd": 1694, "locationName": "Kuril Trench", "country": "RUSSIA", "bodyOfWater": "Pacific Ocean", "description": "enormous submarine landslide", "publish": true, "ageDescription": "2000-3000 BP, 1694", "numTsunamiEvents": 0}}, {"type": "Feature", "id": "288", "geometry": {"type": "Point", "coordinates": [-94.0, 42.0]}, "properties": {"id": 288, "author": "Izett, G., W. Cobban, G. Dalrymple, J. Obradovich", "year": "1998", "referenceId": 4410, "publicationType": 4, "event": "Manson Impact", "geologicAgeId": 12, "locationName": "Iowa, South Dakota, Nebraska, USA", "country": "USA", "bodyOfWater": "Epicontinental Sea", "description": "shallowing", "environment": "basin", "publish": true, "ageDescription": "74.1 \u00b1 0.1 Ma", "numTsunamiEvents": 0}}, {"type": "Feature", "id": "289", "geometry": {"type": "Point", "coordinates": [8.4, 63.5]}, "properties": {"id": 289, "author": "Solem, J.O., T. Solem, K. Aagaard, O. Hanssen", "year": "1997", "referenceId": 4411, "publicationType": 4, "event": "Storegga landslide", "geologicAgeId": 15, "locationName": "Litjvatnet, Norway (central coast)", "country": "NORWAY", "bodyOfWater": "North Sea & Atlantic", "environment": "4 lake, 1 with tsunami deposit", "publish": true, "ageDescription": "7200 BP", "numTsunamiEvents": 0}}, {"type": "Feature", "id": "290", "geometry": {"type": "Point", "coordinates": [145.0, 42.0]}, "properties": {"id": 290, "author": "Nishimura, Y., N. Miyaji, and M. Suzuki", "year": "1999", "referenceId": 3173, "publicationType": 4, "event": "Komoatake and Oshima Eruptions & Tsunamis", "geologicAgeId": 15, "yearBegin": 1640, "yearEnd": 1741, "locationName": "Hokkaido, Japan", "country": "JAPAN", "bodyOfWater": "Pacific Ocean", "publish": true, "ageDescription": "1640, 1741", "numTsunamiEvents": 0}}, {"type": "Feature", "id": "291", "geometry": {"type": "Point", "coordinates": [22.75, 59.0]}, "properties": {"id": 291, "author": "Ainsaar, Leho, Kalle Suuroja, and Maili Semidor", "year": "2002", "referenceId": 4918, "publicationType": 4, "event": "Kardla Impact Crater", "geologicAgeId": 3, "locationName": "Hiiumaa Island, Estonia", "country": "ESTONIA", "environment": "submarine basin", "publish": true, "ageDescription": "Late Ordovician 100 drillcores", "numTsunamiEvents": 0}}, {"type": "Feature", "id": "292", "geometry": {"type": "Point", "coordinates": [-90.0, 23.0]}, "properties": {"id": 292, "author": "Kruge, M.A., J.C. Crelling, A. Montanari, B.A. Stankiewicz, and D.F. Bensley", "year": "1994", "referenceId": 4917, "publicationType": 1, "event": "Chicxulub Impact", "geologicAgeId": 13, "locationName": "Arroyo el Mimbral, Mexico", "country": "MEXICO", "bodyOfWater": "Tethys", "environment": "submarine", "publish": true, "ageDescription": "End of Cretaceous", "numTsunamiEvents": 0}}, {"type": "Feature", "id": "293", "geometry": {"type": "Point", "coordinates": [-81.5, 22.5]}, "properties": {"id": 293, "author": "Takayama, H., R. Tada, T. Matsui, M.A. Iturralde-Vinent, T. Oji, E. Tajika, S. Kiyokawa, D. Garcia, H. Okada, T. Hasegawa, and K. Toyoda", "year": "2000", "referenceId": 2933, "publicationType": 4, "event": "Maastrichtian Penalver Formation", "geologicAgeId": 13, "locationName": "Cuba (northwest)", "country": "CUBA", "bodyOfWater": "Caribbean Sea", "description": "deepening", "environment": "submarine", "publish": true, "ageDescription": "Cretaceous-Tertiary (K/T) Boundary", "numTsunamiEvents": 0}}, {"type": "Feature", "id": "294", "geometry": {"type": "Point", "coordinates": [6.5, 62.75]}, "properties": {"id": 294, "author": "Bondevik, Stein", "year": "2003", "referenceId": 3112, "publicationType": 4, "event": "Storegga landslide", "geologicAgeId": 15, "locationName": "Harog, Norway (west)", "country": "NORWAY", "bodyOfWater": "Atlantic Ocean", "publish": true, "ageDescription": "Middle Holocene (Tapes)", "numTsunamiEvents": 0}}, {"type": "Feature", "id": "295", "geometry": {"type": "Point", "coordinates": [-7.0, 62.0]}, "properties": {"id": 295, "author": "Grauert, Marianne, Svante Bjorck, and Stein Bondevik", "year": "2001", "referenceId": 3163, "publicationType": 4, "event": "Storegga landslide", "geologicAgeId": 15, "locationName": "Suduroy, Faroe Islands", "country": "FAROE ISLANDS", "bodyOfWater": "Atlantic Ocean", "environment": "Coastal lake", "publish": true, "ageDescription": "7300-6400 BP", "numTsunamiEvents": 0}}, {"type": "Feature", "id": "296", "geometry": {"type": "Point", "coordinates": [7.0, 62.5]}, "properties": {"id": 296, "author": "Bondevik, S., J.I. Svendsen, and J. Mangerud", "year": "1998", "referenceId": 2848, "publicationType": 4, "event": "Storegga landslide", "geologicAgeId": 15, "locationName": "Norway (west)", "country": "NORWAY", "bodyOfWater": "Atlantic Ocean", "description": "eroded lake bottom", "environment": "lake", "publish": true, "ageDescription": "7000 BP", "numTsunamiEvents": 0}}, {"type": "Feature", "id": "297", "geometry": {"type": "Point", "coordinates": [140.5, -3.0]}, "properties": {"id": 297, "author": "Lynett, P.J., Borrero, J.C., Liu, P. and Synolakis, C.", "year": "2003", "referenceId": 4413, "publicationType": 4, "event": "1998 Papua New Guinea Earthquake & Tsunami", "geologicAgeId": 15, "yearBegin": 1998, "yearEnd": 1998, "locationName": "Sissano and nearby coastline, Papua New Guinea", "country": "PAPUA NEW GUINEA", "bodyOfWater": "Pacific Ocean", "description": "sediment on top of building foundation, marine water into lagoon", "environment": "sandy beach & sand spit", "publish": true, "ageDescription": "July 17, 1998", "numTsunamiEvents": 0}}, {"type": "Feature", "id": "298", "geometry": {"type": "Point", "coordinates": [-2.0, 57.4]}, "properties": {"id": 298, "author": "Smith, D.E., P.E.F. Collins, C.R. Firth, C.L. Brooks, and M. Robinson", "year": "1999", "referenceId": 2999, "publicationType": 4, "event": "Storegga landslide", "geologicAgeId": 15, "locationName": "Scotland (northeast)", "country": "UK", "bodyOfWater": "Atlantic Ocean", "publish": true, "ageDescription": "8300 BP", "numTsunamiEvents": 0}}, {"type": "Feature", "id": "299", "geometry": {"type": "Point", "coordinates": [5.5, 62.0]}, "properties": {"id": 299, "author": "Bondevik, Stein, John Inge Svendsen, and Jan Mangerud", "year": "1997", "referenceId": 2917, "publicationType": 4, "event": "Norwegian Coastline tsunami", "geologicAgeId": 15, "locationName": "Norwegian Continental slope", "country": "NORWAY", "bodyOfWater": "Atlantic Ocean", "environment": "lake basin", "publish": true, "ageDescription": "7200 BP", "numTsunamiEvents": 0}}, {"type": "Feature", "id": "300", "geometry": {"type": "Point", "coordinates": [-155.7, 20.1]}, "properties": {"id": 300, "author": "McMurtry, G.M., P. Watts, G.J. Fryer, J.R. Smith, and F. Imamura", "year": "2003", "referenceId": 4060, "publicationType": 4, "event": "Alika 2 landslide", "geologicAgeId": 15, "locationName": "Kohala Volcano, Big Island, Hawaii", "country": "USA", "bodyOfWater": "Pacific Ocean", "description": "submarine landslide", "publish": true, "ageDescription": "100-120 ka", "numTsunamiEvents": 0}}, {"type": "Feature", "id": "302", "geometry": {"type": "Point", "coordinates": [25.0, 37.0]}, "properties": {"id": 302, "author": "Dominey-Howes, Dale T.M.", "year": "2002", "referenceId": 2723, "publicationType": 4, "event": "Historical and Paleotsunami catalogs compared", "geologicAgeId": 15, "yearBegin": -1628, "yearEnd": 1996, "locationName": "Aegean Sea, Greece", "country": "GREECE", "bodyOfWater": "Mediterranean Sea", "description": "review", "publish": true, "ageDescription": "Last 3500 years", "numTsunamiEvents": 0}}, {"type": "Feature", "id": "305", "geometry": {"type": "Point", "coordinates": [-124.0, 46.4]}, "properties": {"id": 305, "author": "Atwater, Brian F., Eileen Hemphil-Haley", "year": "1997", "referenceId": 4270, "publicationType": 2, "event": "Cascadia Earthquake", "geologicAgeId": 15, "locationName": "Willapa Bay, Washington, USA", "country": "USA", "bodyOfWater": "Pacific Ocean", "environment": "marsh of forest, estuary", "publish": true, "ageDescription": "3500 BP", "numTsunamiEvents": 0}}, {"type": "Feature", "id": "306", "geometry": {"type": "Point", "coordinates": [138.2, 35.0]}, "properties": {"id": 306, "author": "Takashimizu, Y. and F. Masuda", "year": "2000", "referenceId": 2934, "publicationType": 4, "event": "Seismite, tsunamiite", "geologicAgeId": 15, "locationName": "Makinohara Upland, Shizuoka, Japan", "country": "JAPAN", "bodyOfWater": "Pacific Ocean", "description": "incised valley fills; shallowing", "environment": "valley", "publish": true, "ageDescription": "Upper Pleistocene", "numTsunamiEvents": 0}}, {"type": "Feature", "id": "307", "geometry": {"type": "Point", "coordinates": [145.7, 43.2]}, "properties": {"id": 307, "author": "Nanayama, F., A. Makino, R. Furukawa, K. Shigeno, K. Satake and K. Shimokawa", "year": "2000", "referenceId": 4948, "publicationType": 1, "event": "Kuril Subduction Zone", "geologicAgeId": 15, "yearBegin": 1739, "yearEnd": 1739, "locationName": "Nemuro and Tokachi coast, North Japan, Kiritappu marsh", "country": "JAPAN", "bodyOfWater": "Pacific Ocean", "description": "7 sequences of sand", "publish": true, "ageDescription": "1739", "numTsunamiEvents": 0}}, {"type": "Feature", "id": "308", "geometry": {"type": "Point", "coordinates": [141.0, 41.0]}, "properties": {"id": 308, "author": "Minoura, Koji, Shu Nakaya, and Masao Uchida", "year": "1994", "referenceId": 4834, "publicationType": 4, "event": "Tsunami deposits", "geologicAgeId": 15, "yearBegin": 1710, "yearEnd": 1948, "locationName": "Sanriku coast, Japan (southwest)", "country": "JAPAN", "bodyOfWater": "Pacific Ocean", "description": "shallowing, rapid soil erosion; 13 events", "environment": "marsh, ponds", "publish": true, "ageDescription": "1710, 1742, 1769, 1772, 1787, 1805, 1843,1853,1861,1887,1905,1930,1948", "numTsunamiEvents": 0}}, {"type": "Feature", "id": "309", "geometry": {"type": "Point", "coordinates": [138.0, -2.0]}, "properties": {"id": 309, "author": "McSaveney, M.J., J.R. Goff, D.J. Darby, P. Goldsmith, A. Barnett, S. Elliott, and M. Nongkas", "year": "2000", "referenceId": 2928, "publicationType": 4, "event": "1998 Papua New Guinea Earthquake & Tsunami", "geologicAgeId": 15, "yearBegin": 1998, "yearEnd": 1998, "locationName": "Papua New Guinea (north coast)", "country": "PAPUA NEW GUINEA", "bodyOfWater": "Pacific Ocean", "description": "scour 2m deep", "environment": "Lagoon, sediment basin", "publish": true, "ageDescription": "July 17, 1998", "numTsunamiEvents": 0}}, {"type": "Feature", "id": "310", "geometry": {"type": "Point", "coordinates": [25.4, 36.4]}, "properties": {"id": 310, "author": "Pararas-Carayannis, George", "year": "1988", "referenceId": 2759, "publicationType": 4, "event": "Santorini Eruption & Tsunami", "geologicAgeId": 15, "yearBegin": -1650, "yearEnd": -1490, "locationName": "Santorini Volcano", "country": "GREECE", "bodyOfWater": "Mediterranean Sea", "description": "vent collapse", "environment": "volcanic island", "publish": true, "ageDescription": "1490 BC", "numTsunamiEvents": 0}}, {"type": "Feature", "id": "311", "geometry": {"type": "Point", "coordinates": [174.5, -41.4]}, "properties": {"id": 311, "author": "Goff, J.R. and B.G. McFadgen", "year": "2001", "referenceId": 3159, "publicationType": 4, "event": "1855 Wellington Earthquake", "geologicAgeId": 15, "yearEnd": 1855, "locationName": "Cook Strait, New Zealand", "country": "NEW ZEALAND", "bodyOfWater": "Pacific Ocean", "publish": true, "ageDescription": "Last 700 years", "numTsunamiEvents": 0}}, {"type": "Feature", "id": "312", "geometry": {"type": "Point", "coordinates": [-97.0, 31.5]}, "properties": {"id": 312, "author": "Bourgeois, Joanne", "year": "1994", "referenceId": 4416, "publicationType": 1, "event": "K/T Boundary Impact", "geologicAgeId": 13, "locationName": "No specific site", "country": "UNKNOWN", "bodyOfWater": "Tethys", "environment": "submarine", "publish": true, "ageDescription": "Cretaceous-Tertiary (K/T) Boundary", "numTsunamiEvents": 0}}, {"type": "Feature", "id": "313", "geometry": {"type": "Point", "coordinates": [150.0, -34.0]}, "properties": {"id": 313, "author": "Price, David M., Edward A. Bryant, and Robert W. Young", "year": "1999", "referenceId": 2940, "publicationType": 4, "event": "Tsunami wave action", "geologicAgeId": 15, "locationName": "New South Wales, Australia", "country": "AUSTRALIA", "bodyOfWater": "Pacific Ocean", "description": "deposition of coastal sediments by tsunami; deposit dating", "publish": true, "numTsunamiEvents": 0}}, {"type": "Feature", "id": "314", "geometry": {"type": "Point", "coordinates": [18.0, 62.0]}, "properties": {"id": 314, "author": "Morner, N-A, P.E. Triften, R. Sjoberg, D. Grant, S. Dawson, C. Bronge, O. Kvamsdal, and A. Siden", "year": "2000", "referenceId": 3145, "publicationType": 4, "event": "Iggesund event", "geologicAgeId": 15, "locationName": "Iggesund, Sweden", "country": "SWEDEN", "bodyOfWater": "Atlantic Ocean", "description": "turbidite", "environment": "coastal zone", "publish": true, "ageDescription": "9663 BP", "numTsunamiEvents": 0}}, {"type": "Feature", "id": "315", "geometry": {"type": "Point", "coordinates": [-118.0, 36.6]}, "properties": {"id": 315, "author": "Smoot, J.P., R.J. Litwin, J.L. Bischoff, and S.J. Lund", "year": "2000", "referenceId": 3086, "publicationType": 4, "event": "Earthquake and tsunami", "geologicAgeId": 15, "yearEnd": 1872, "locationName": "Owens Lake, California (southeast), USA", "country": "USA", "bodyOfWater": "Epicontinental Sea", "environment": "Lake", "publish": true, "ageDescription": "1872 & less than 3,000 years ago", "numTsunamiEvents": 0}}, {"type": "Feature", "id": "316", "geometry": {"type": "Point", "coordinates": [39.4, -9.75]}, "properties": {"id": 316, "author": "Bussert, Robert and Martin Aberhan", "year": "2004", "referenceId": 3116, "publicationType": 4, "event": "Morokweng Impact, Landslide tsunami", "geologicAgeId": 10, "locationName": "Mandawa Basin, Tanzania (southeast)", "country": "TANZANIA", "bodyOfWater": "Epicontinental Sea", "description": "storm versus tsunami", "publish": true, "ageDescription": "Late Jurassic", "numTsunamiEvents": 0}}, {"type": "Feature", "id": "317", "geometry": {"type": "Point", "coordinates": [39.4, -9.75]}, "properties": {"id": 317, "author": "Bussert, Robert and Martin Aberhan", "year": "2004", "referenceId": 3116, "publicationType": 4, "event": "Tempestite Beds", "locationName": "Tanzania", "country": "TANZANIA", "bodyOfWater": "Epicontinental Sea", "description": "tidal and/or shoreline perpendicular unidirectional flow components", "publish": true, "numTsunamiEvents": 0}}, {"type": "Feature", "id": "318", "geometry": {"type": "Point", "coordinates": [39.4, -9.75]}, "properties": {"id": 318, "author": "Bussert, Robert and Martin Aberhan", "year": "2004", "referenceId": 3116, "publicationType": 4, "event": "Tsunami deposits", "locationName": "Tendagura, Tanzania", "country": "TANZANIA", "bodyOfWater": "Epicontinental Sea", "description": "mix continental & marine origin & landward transported marine components, continuous & discontinuous sediment sheets", "publish": true, "numTsunamiEvents": 0}}, {"type": "Feature", "id": "319", "geometry": {"type": "Point", "coordinates": [-65.0, 18.5]}, "properties": {"id": 319, "author": "Zahibo, N., E. Pelinovsky, A. Yalciner, A. Kurkin, A. Koselkov, and A. Zaitsev", "year": "2003", "referenceId": 4528, "publicationType": 4, "event": "1867 Virgin Islands Earthquake & Tsunami", "geologicAgeId": 15, "yearBegin": 1867, "yearEnd": 1867, "locationName": "Caribbean", "country": "UK TERRITORY", "bodyOfWater": "Caribbean Sea", "publish": true, "ageDescription": "1867", "numTsunamiEvents": 0}}, {"type": "Feature", "id": "320", "geometry": {"type": "Point", "coordinates": [-61.5, 14.5]}, "properties": {"id": 320, "author": "Le Friant, Anne, Georges Boudon, Jean-Christophe Komorowski, and Christine Deplus", "year": "2002", "referenceId": 2856, "publicationType": 4, "event": "Megablocks", "locationName": "Dominica, Lesser Antillies", "country": "DOMINICA", "bodyOfWater": "Caribbean Sea", "description": "landslide", "environment": "volcano", "publish": true, "numTsunamiEvents": 0}}, {"type": "Feature", "id": "321", "geometry": {"type": "Point", "coordinates": [22.5, -21.2]}, "properties": {"id": 321, "author": "Byerly, G., D. Lowe, J. Wooden, W. Xie", "year": "2002", "referenceId": 4529, "publicationType": 4, "event": "Global impact events", "geologicAgeId": 1, "locationName": "Barberton Greenstone Belt, South Africa", "country": "SOUTH AFRICA", "bodyOfWater": "Panthalassic Ocean", "environment": "volcanic flows Apex Fm.", "publish": true, "ageDescription": "Billions of years ago", "numTsunamiEvents": 0}}, {"type": "Feature", "id": "322", "geometry": {"type": "Point", "coordinates": [119.0, -21.2]}, "properties": {"id": 322, "author": "Byerly, G., D. Lowe, J. Wooden, W. Xie", "year": "2002", "referenceId": 4529, "publicationType": 4, "event": "Global impact events", "geologicAgeId": 1, "locationName": "Pilbara Craton, Australia (west)", "country": "AUSTRALIA", "bodyOfWater": "Panthalassic Ocean", "publish": true, "ageDescription": "Billions of years ago", "numTsunamiEvents": 0}}, {"type": "Feature", "id": "323", "geometry": {"type": "Point", "coordinates": [-126.5, 49.75]}, "properties": {"id": 323, "author": "Hutchinson, I., J.-P. Guilbault, J.J. Clague, and P.T. Bobrowsky", "year": "2000", "referenceId": 2908, "publicationType": 4, "event": "Cascadia Margin Deformation", "geologicAgeId": 15, "locationName": "Deserted Lake, British Columbia, Canada", "country": "CANADA", "bodyOfWater": "Pacific Ocean", "description": "shallowing/ up/sub", "environment": "lake", "publish": true, "ageDescription": "Last 3000 years", "numTsunamiEvents": 0}}, {"type": "Feature", "id": "324", "geometry": {"type": "Point", "coordinates": [-124.5, 47.0]}, "properties": {"id": 324, "author": "Hutchinson, Ian and Alan D. McMillan", "year": "1997", "referenceId": 2864, "publicationType": 4, "event": "Cascadia Earthquake", "geologicAgeId": 15, "locationName": "Cascadia (northeast)", "country": "USA", "bodyOfWater": "Pacific Ocean", "publish": true, "ageDescription": "Late Holocene (6x in 3,000 years)", "numTsunamiEvents": 0}}, {"type": "Feature", "id": "325", "geometry": {"type": "Point", "coordinates": [-125.8, 49.2]}, "properties": {"id": 325, "author": "Guilbault, Jean-Pierre, John J. Clague, and Martine Lapointe", "year": "1996", "referenceId": 2947, "publicationType": 4, "event": "Vancouver Island Earthquake", "geologicAgeId": 15, "locationName": "Vancouver Island (west), British Columbia, Canada", "country": "CANADA", "bodyOfWater": "Pacific Ocean", "description": "Uplift/subsidence", "environment": "marsh", "publish": true, "ageDescription": "Holocene 100-400 years ago", "numTsunamiEvents": 0}}, {"type": "Feature", "id": "326", "geometry": {"type": "Point", "coordinates": [14.0, 37.0]}, "properties": {"id": 326, "author": "Foster, I.D.L., A.G. Dawson, S. Dawson, J.A. Lees, and L. Mansfield", "year": "1993", "referenceId": 2754, "publicationType": 4, "event": "1755 Lisbon Earthquake & Tsunami", "geologicAgeId": 15, "yearBegin": 1755, "yearEnd": 1755, "locationName": "Scilly Isles - 5 coastal lagoons", "country": "UK", "bodyOfWater": "Atlantic Ocean", "description": "storm versus tsunami", "environment": "coastal", "publish": true, "ageDescription": "1755", "numTsunamiEvents": 0}}, {"type": "Feature", "id": "327", "geometry": {"type": "Point", "coordinates": [-5.2, 50.3]}, "properties": {"id": 327, "author": "Foster, I.D.L., A.G. Dawson, S. Dawson, J.A. Lees, and L. Mansfield", "year": "1993", "referenceId": 2754, "publicationType": 4, "event": "1755 Lisbon Earthquake & Tsunami", "geologicAgeId": 15, "yearBegin": 1755, "yearEnd": 1755, "locationName": "Pool & marsh England", "country": "UK", "bodyOfWater": "Atlantic Ocean", "environment": "lake", "publish": true, "ageDescription": "1755", "numTsunamiEvents": 0}}, {"type": "Feature", "id": "328", "geometry": {"type": "Point", "coordinates": [-6.0, 50.0]}, "properties": {"id": 328, "author": "Foster, I.D.L., A.G. Dawson, S. Dawson, J.A. Lees, and L. Mansfield", "year": "1993", "referenceId": 2754, "publicationType": 4, "event": "Tsunami", "geologicAgeId": 15, "yearBegin": 1019, "yearEnd": 1216, "locationName": "Big Pool, St. Agnes, Scilly Isles", "country": "UK", "bodyOfWater": "Atlantic Ocean", "publish": true, "ageDescription": "1019-1216", "numTsunamiEvents": 0}}, {"type": "Feature", "id": "329", "geometry": {"type": "Point", "coordinates": [122.5, -8.5]}, "properties": {"id": 329, "author": "Dawson, S., D.E. Smith, A. Ruffman, and S. Shi", "year": "1996", "referenceId": 3038, "publicationType": 4, "event": "1992 Flores Earthquake & Tsunami", "geologicAgeId": 15, "yearBegin": 1992, "yearEnd": 1992, "locationName": "Flores Island, Indonesia", "country": "INDONESIA", "bodyOfWater": "Pacific Ocean", "publish": true, "ageDescription": "December 12, 1992", "numTsunamiEvents": 0}}, {"type": "Feature", "id": "330", "geometry": {"type": "Point", "coordinates": [-3.6, 58.1]}, "properties": {"id": 330, "author": "Dawson, S., D.E. Smith, A. Ruffman, and S. Shi", "year": "1996", "referenceId": 3038, "publicationType": 4, "event": "Tsunami deposits", "geologicAgeId": 15, "locationName": "Caithness (north), Scotland, Lower Wick River Valley", "country": "UK", "bodyOfWater": "Atlantic Ocean", "publish": true, "ageDescription": "Recent & Middle Holocene events", "numTsunamiEvents": 0}}, {"type": "Feature", "id": "331", "geometry": {"type": "Point", "coordinates": [-56.5, 47.0]}, "properties": {"id": 331, "author": "Dawson, S., D.E. Smith, A. Ruffman, and S. Shi", "year": "1996", "referenceId": 3038, "publicationType": 4, "event": "1929 Grand Banks Earthquake & Tsunami", "geologicAgeId": 15, "yearBegin": 1929, "yearEnd": 1929, "locationName": "Burin Peninsula, Newfoundland, Taylors Bay", "country": "CANADA", "bodyOfWater": "Atlantic Ocean", "environment": "funneled into embayment at head of peninsula", "publish": true, "ageDescription": "November 18, 1929", "numTsunamiEvents": 0}}, {"type": "Feature", "id": "333", "geometry": {"type": "Point", "coordinates": [-124.0, 45.0]}, "properties": {"id": 333, "author": "Darienzo, M.E. and C.D. Peterson", "year": "1990", "referenceId": 3148, "publicationType": 4, "event": "Cascadia Earthquake", "geologicAgeId": 15, "locationName": "Netarts Bay, Oregon, USA", "country": "USA", "bodyOfWater": "Pacific Ocean", "description": "Uplift/subsidence; 6 Tectonic subsidence", "environment": "marsh/lagoon", "publish": true, "ageDescription": "Late Holocene", "numTsunamiEvents": 0}}, {"type": "Feature", "id": "334", "geometry": {"type": "Point", "coordinates": [-124.0, 44.5]}, "properties": {"id": 334, "author": "Darienzo, Mark E., Curt D. Peterson, and Charles Clough", "year": "1994", "referenceId": 5070, "publicationType": 4, "event": "Subduction zone deposits", "geologicAgeId": 15, "locationName": "Oregon (north), USA", "country": "USA", "bodyOfWater": "Pacific Ocean", "environment": "estuary", "publish": true, "ageDescription": "6 events in top 3m in 3000 years", "numTsunamiEvents": 0}}, {"type": "Feature", "id": "335", "geometry": {"type": "Point", "coordinates": [-124.0, 46.0]}, "properties": {"id": 335, "author": "Witter, R.C., H.M. Kelsey, and E. Hemphill-Haley", "year": "2001", "referenceId": 2894, "publicationType": 4, "event": "Cascadia Earthquake", "geologicAgeId": 15, "yearEnd": 1700, "locationName": "Euchre Creek, Oregon, USA", "country": "USA", "bodyOfWater": "Pacific Ocean", "description": "washover probably result from storms; 4 sand sheets", "environment": "marsh", "publish": true, "ageDescription": "Last 600 years", "numTsunamiEvents": 0}}, {"type": "Feature", "id": "336", "geometry": {"type": "Point", "coordinates": [-126.0, 49.0]}, "properties": {"id": 336, "author": "Clague, John J., Peter T. Bobrowsky, T.S. Hamilton", "year": "1994", "referenceId": 3019, "publicationType": 4, "event": "1964 Alaskan Earthquake & Tsunami", "geologicAgeId": 15, "yearBegin": 1964, "yearEnd": 1964, "locationName": "Port Alberni, British Columbia, Canada", "country": "CANADA", "bodyOfWater": "Pacific Ocean", "environment": "marsh", "publish": true, "ageDescription": "March 27, 1964", "numTsunamiEvents": 0}}, {"type": "Feature", "id": "337", "geometry": {"type": "Point", "coordinates": [-126.0, 49.0]}, "properties": {"id": 337, "author": "Hughes, Jonathan F., Rolf W. Mathewes, and John J. Clague", "year": "2002", "referenceId": 2941, "publicationType": 4, "event": "Cascadia Earthquake", "geologicAgeId": 15, "yearBegin": 1700, "yearEnd": 1700, "locationName": "Tofino, British Columbia, Canada", "country": "CANADA", "bodyOfWater": "Pacific Ocean", "description": "shallowing/ up/sub", "environment": "marsh", "publish": true, "ageDescription": "1700", "numTsunamiEvents": 0}}, {"type": "Feature", "id": "338", "geometry": {"type": "Point", "coordinates": [-126.0, 49.0]}, "properties": {"id": 338, "author": "Clague, John J. and Peter T. Bobrowsky", "year": "1999", "referenceId": 2987, "publicationType": 4, "event": "Cascadia Earthquake", "geologicAgeId": 15, "yearBegin": 1700, "yearEnd": 1700, "locationName": "Canada (west)", "country": "CANADA", "bodyOfWater": "Pacific Ocean", "description": "shallowing", "environment": "marsh", "publish": true, "ageDescription": "1700", "numTsunamiEvents": 0}}, {"type": "Feature", "id": "339", "geometry": {"type": "Point", "coordinates": [-126.0, 49.0]}, "properties": {"id": 339, "author": "Clague, John J. and Peter T. Bobrowsky", "year": "1994", "referenceId": 4540, "publicationType": 4, "event": "Cascadia Earthquake", "geologicAgeId": 15, "yearBegin": 1700, "yearEnd": 1700, "locationName": "Vancouver Island (west), British Columbia, Canada", "country": "CANADA", "bodyOfWater": "Pacific Ocean", "description": "shallowing", "environment": "marsh", "publish": true, "ageDescription": "1700", "numTsunamiEvents": 0}}, {"type": "Feature", "id": "340", "geometry": {"type": "Point", "coordinates": [-127.5, 49.9]}, "properties": {"id": 340, "author": "Clague, J.J., I. Hutchinson, R.W. Matthewes, and R.T. Patterson", "year": "1999", "referenceId": 3047, "publicationType": 4, "event": "Cascadia Earthquake", "geologicAgeId": 15, "yearBegin": 1755, "yearEnd": 1755, "locationName": "Catala Lake, Catala Island, Vancouver Island, British Columbia, Canada", "country": "CANADA", "bodyOfWater": "Pacific Ocean", "description": "inundation", "environment": "lake", "publish": true, "ageDescription": "1755", "numTsunamiEvents": 0}}, {"type": "Feature", "id": "343", "geometry": {"type": "Point", "coordinates": [-124.0, 46.0]}, "properties": {"id": 343, "author": "Nelson, Alan R., Ian Shennan, and Antony J. Long", "year": "1996", "referenceId": 3008, "publicationType": 4, "event": "Earthquake and tsunami", "locationName": "Cascadia", "country": "USA", "bodyOfWater": "Pacific Ocean", "publish": true, "numTsunamiEvents": 0}}, {"type": "Feature", "id": "344", "geometry": {"type": "Point", "coordinates": [-123.0, 48.0]}, "properties": {"id": 344, "author": "Huntley, David J., John J. Clague", "year": "1996", "referenceId": 4536, "publicationType": 4, "event": "Cascadia Earthquake", "geologicAgeId": 15, "yearEnd": 1700, "locationName": "Cascadia", "country": "USA", "bodyOfWater": "Pacific Ocean", "environment": "marsh", "publish": true, "ageDescription": "Last 300 years, 1285 BP", "numTsunamiEvents": 0}}, {"type": "Feature", "id": "345", "geometry": {"type": "Point", "coordinates": [-124.0, 46.0]}, "properties": {"id": 345, "author": "Hemphill-Haley, Eileen", "year": "1995", "referenceId": 2861, "publicationType": 4, "event": "Cascadia Earthquake", "geologicAgeId": 15, "yearBegin": 1700, "yearEnd": 1700, "locationName": "Cascadia", "country": "USA", "bodyOfWater": "Pacific Ocean", "publish": true, "ageDescription": "300 BP", "numTsunamiEvents": 0}}, {"type": "Feature", "id": "346", "geometry": {"type": "Point", "coordinates": [-124.8, 49.25]}, "properties": {"id": 346, "author": "Clague, John J., Peter T. Bobrowsky, and Ian Hutchinson", "year": "2000", "referenceId": 3014, "publicationType": 4, "event": "Cascadia Earthquake", "geologicAgeId": 15, "yearBegin": 1700, "yearEnd": 1700, "locationName": "Vancouver Island, British Columbia, Canada", "country": "CANADA", "bodyOfWater": "Pacific Ocean", "environment": "lake, marsh", "publish": true, "ageDescription": "1700", "numTsunamiEvents": 0}}, {"type": "Feature", "id": "347", "geometry": {"type": "Point", "coordinates": [-124.8, 49.25]}, "properties": {"id": 347, "author": "Clague, John J., Peter T. Bobrowsky, and Ian Hutchinson", "year": "2000", "referenceId": 3014, "publicationType": 4, "event": "1964 Alaskan Earthquake & Tsunami", "geologicAgeId": 15, "yearBegin": 1964, "yearEnd": 1964, "locationName": "Vancouver Island, British Columbia, Canada", "country": "CANADA", "bodyOfWater": "Pacific Ocean", "description": "inundation coastal plane", "environment": "lake, marsh", "publish": true, "ageDescription": "March 27, 1964", "numTsunamiEvents": 0}}, {"type": "Feature", "id": "348", "geometry": {"type": "Point", "coordinates": [-124.8, 49.25]}, "properties": {"id": 348, "author": "Clague, John J., Peter T. Bobrowsky, and Ian Hutchinson", "year": "2000", "referenceId": 3014, "publicationType": 4, "event": "Coseismic event", "geologicAgeId": 15, "locationName": "Pt Alberni, British Columbia, Canada", "country": "CANADA", "bodyOfWater": "Pacific Ocean", "environment": "lake, marsh", "publish": true, "ageDescription": "3500-2000 BP", "numTsunamiEvents": 0}}, {"type": "Feature", "id": "349", "geometry": {"type": "Point", "coordinates": [-124.0, 43.0]}, "properties": {"id": 349, "author": "Kelsey, Harvey M., Robert C. Witter, and Eileen Hemphill-Haley", "year": "1998", "referenceId": 2867, "publicationType": 4, "event": "Cascadia Earthquake", "geologicAgeId": 15, "yearBegin": 1700, "yearEnd": 1700, "locationName": "Oregon (south coast), USA", "country": "USA", "bodyOfWater": "Pacific Ocean", "description": "shallowing", "environment": "estuary", "publish": true, "ageDescription": "1700", "numTsunamiEvents": 0}}, {"type": "Feature", "id": "350", "geometry": {"type": "Point", "coordinates": [150.0, -35.0]}, "properties": {"id": 350, "author": "Bryant, E.A. and R.W. Young", "year": "1996", "referenceId": 3015, "publicationType": 4, "event": "Bedrock sculpturing", "geologicAgeId": 15, "locationName": "New South Wales, Australia", "country": "AUSTRALIA", "bodyOfWater": "Pacific Ocean", "description": "erosional", "environment": "coastal", "publish": true, "ageDescription": "Late Holocene", "numTsunamiEvents": 0}}, {"type": "Feature", "id": "351", "geometry": {"type": "Point", "coordinates": [124.0, -16.0]}, "properties": {"id": 351, "author": "Nott, Jonathan", "year": "2003", "referenceId": 2906, "publicationType": 4, "event": "Storm versus tsunami", "locationName": "Australia", "country": "AUSTRALIA", "bodyOfWater": "Pacific Ocean", "description": "boulder deposits; transportation", "environment": "submarine vs subaerial", "publish": true, "numTsunamiEvents": 0}}, {"type": "Feature", "id": "352", "geometry": {"type": "Point", "coordinates": [140.0, -15.0]}, "properties": {"id": 352, "author": "Nott, Jonathan", "year": "2003", "referenceId": 2975, "publicationType": 4, "event": "Storm versus tsunami", "geologicAgeId": 1, "locationName": "Gulf of Carpentaria, Australia (north)", "country": "AUSTRALIA", "bodyOfWater": "Indian Ocean", "description": "well-imbricated boulders", "publish": true, "ageDescription": "Proterozoic", "numTsunamiEvents": 0}}, {"type": "Feature", "id": "353", "geometry": {"type": "Point", "coordinates": [150.0, -35.0]}, "properties": {"id": 353, "author": "Young, R.W., E.A. Bryant, and D.M. Price", "year": "1996", "referenceId": 3415, "publicationType": 4, "event": "Tsunami uncertainty", "geologicAgeId": 15, "locationName": "New South Wales, Australia", "country": "AUSTRALIA", "bodyOfWater": "Pacific Ocean", "description": "boulders moved by tsunami", "environment": "submarine coastal", "publish": true, "ageDescription": "9.5 ka", "numTsunamiEvents": 0}}, {"type": "Feature", "id": "354", "geometry": {"type": "Point", "coordinates": [150.0, -35.0]}, "properties": {"id": 354, "author": "Bryant, E., Young, R. and Price, D.", "year": "1997", "referenceId": 4538, "publicationType": 4, "event": "Impact tsunami", "geologicAgeId": 15, "locationName": "Jervis Bay, Australia", "country": "AUSTRALIA", "bodyOfWater": "Pacific Ocean", "description": "Boulders thrown up cliffs", "environment": "Bay/cliffs", "publish": true, "ageDescription": "Repetitive throughout the Holocene, 200 years ago", "numTsunamiEvents": 0}}, {"type": "Feature", "id": "355", "geometry": {"type": "Point", "coordinates": [157.0, -20.7]}, "properties": {"id": 355, "author": "Young, R.W. and E.A. Bryant", "year": "1992", "referenceId": 3097, "publicationType": 4, "event": "Submarine landslide", "geologicAgeId": 15, "locationName": "Lanai and Australia", "country": "AUSTRALIA", "bodyOfWater": "Pacific Ocean", "description": "wave erosion", "environment": "submarine, cliffs, ramps", "publish": true, "ageDescription": "105 ka", "numTsunamiEvents": 0}}, {"type": "Feature", "id": "356", "geometry": {"type": "Point", "coordinates": [147.6, -38.0]}, "properties": {"id": 356, "author": "Bryant, E., D. Price", "year": "1997", "referenceId": 4539, "publicationType": 4, "event": "Tsunami", "geologicAgeId": 15, "locationName": "Gippsland Lakes region, Australia", "country": "AUSTRALIA", "bodyOfWater": "Pacific Ocean", "description": "isolated remnants close to erosion", "environment": "uplift up to 40m asl", "publish": true, "ageDescription": "Middle Pleistocene", "numTsunamiEvents": 0}}, {"type": "Feature", "id": "357", "geometry": {"type": "Point", "coordinates": [-157.0, 21.1]}, "properties": {"id": 357, "author": "Moore, Andrew L.", "year": "2000", "referenceId": 2915, "publicationType": 4, "event": "Megatsunami", "geologicAgeId": 15, "locationName": "Molokai, Hawaii", "country": "USA", "bodyOfWater": "Pacific Ocean", "description": "gully filling", "environment": "plains", "publish": true, "ageDescription": "Late Pleistocene", "numTsunamiEvents": 0}}, {"type": "Feature", "id": "358", "geometry": {"type": "Point", "coordinates": [-149.6, 60.0]}, "properties": {"id": 358, "author": "Lemke, Richard W.", "year": "1966", "referenceId": 3628, "publicationType": 4, "event": "1964 Alaskan Earthquake & Tsunami", "geologicAgeId": 15, "yearBegin": 1964, "yearEnd": 1964, "locationName": "Seward, Alaska, USA", "country": "USA", "bodyOfWater": "Pacific Ocean", "description": "shallowing, sand boils;  seiche coastal zone waves", "environment": "Alluvial fan-delta, submarine", "publish": true, "ageDescription": "March 27, 1964", "numTsunamiEvents": 0}}, {"type": "Feature", "id": "359", "geometry": {"type": "Point", "coordinates": [-153.0, 59.5]}, "properties": {"id": 359, "author": "Waller, Rober M., and Kirk W. Stanley", "year": "1966", "referenceId": 3627, "publicationType": 4, "event": "1964 Alaskan Earthquake & Tsunami", "geologicAgeId": 15, "yearBegin": 1964, "yearEnd": 1964, "locationName": "Homer, Alaska", "country": "USA", "bodyOfWater": "Pacific Ocean", "description": "shallowing", "environment": "coastal", "publish": true, "ageDescription": "March 27, 1964", "numTsunamiEvents": 0}}, {"type": "Feature", "id": "360", "geometry": {"type": "Point", "coordinates": [-159.0, 58.5]}, "properties": {"id": 360, "author": "Waythomas, C.F and Neal, C.A", "year": "1998", "referenceId": 2419, "publicationType": 4, "event": "Aniakchak caldera-forming event", "geologicAgeId": 15, "locationName": "Aniakchak Volcano, Alaska, USA eruption", "country": "USA", "bodyOfWater": "Pacific Ocean", "description": "lacustrine", "environment": "coastal low bluff", "publish": true, "ageDescription": "3500 BP", "numTsunamiEvents": 0}}, {"type": "Feature", "id": "361", "geometry": {"type": "Point", "coordinates": [-125.0, 49.0]}, "properties": {"id": 361, "author": "Benson, Boyd E., John. J. Clague, and Kurt A. Grimm", "year": "1999", "referenceId": 2846, "publicationType": 4, "event": "Sea level change", "locationName": "Vancouver Island, British Columbia, Canada", "country": "CANADA", "bodyOfWater": "Pacific Ocean", "environment": "marsh", "publish": true, "numTsunamiEvents": 0}}, {"type": "Feature", "id": "362", "geometry": {"type": "Point", "coordinates": [-124.0, 45.0]}, "properties": {"id": 362, "author": "Atwater, Brian F., David K. Yamaguchi", "year": "1991", "referenceId": 2912, "publicationType": 4, "event": "Cascadia Earthquake", "geologicAgeId": 15, "yearEnd": 1700, "locationName": "Cascadia", "country": "USA", "bodyOfWater": "Pacific Ocean", "environment": "marsh", "publish": true, "ageDescription": "1700, 3100 yr ago, Holocene", "numTsunamiEvents": 0}}, {"type": "Feature", "id": "363", "geometry": {"type": "Point", "coordinates": [-124.1, 47.0]}, "properties": {"id": 363, "author": "Atwater, Brian F.", "year": "1992", "referenceId": 2958, "publicationType": 4, "event": "Turbidites", "geologicAgeId": 15, "locationName": "Washington (south coast), USA", "country": "USA", "bodyOfWater": "Pacific Ocean", "environment": "marsh", "publish": true, "ageDescription": "Last 300 years", "numTsunamiEvents": 0}}, {"type": "Feature", "id": "365", "geometry": {"type": "Point", "coordinates": [-124.3, 47.0]}, "properties": {"id": 365, "author": "Atwater, Brian F.", "year": "1987", "referenceId": 2911, "publicationType": 4, "event": "Earthquake and tsunami", "geologicAgeId": 15, "locationName": "Washington coast, USA", "country": "USA", "bodyOfWater": "Pacific Ocean", "publish": true, "ageDescription": "Last 7000 years", "numTsunamiEvents": 0}}, {"type": "Feature", "id": "366", "geometry": {"type": "Point", "coordinates": [-126.0, 49.0]}, "properties": {"id": 366, "author": "Clague, John J. and Peter T. Bobrowsky", "year": "1994", "referenceId": 4540, "publicationType": 4, "event": "1964 Alaskan Earthquake & Tsunami", "geologicAgeId": 15, "yearEnd": 1964, "locationName": "Vancouver Island, British Columbia, Canada", "country": "CANADA", "bodyOfWater": "Pacific Ocean", "environment": "marsh", "publish": true, "ageDescription": "1964, 500 years ago, 500-800 years ago", "numTsunamiEvents": 0}}, {"type": "Feature", "id": "367", "geometry": {"type": "Point", "coordinates": [-124.4, 42.7]}, "properties": {"id": 367, "author": "Kelsey, Harvey M., Ribert C. Witter and Eileen Hemphill-Haley", "year": "2002", "referenceId": 3199, "publicationType": 4, "event": "Cascadia Earthquake", "geologicAgeId": 15, "yearEnd": 1700, "locationName": "Lower Sixes River Valley, Southern Oregon, USA", "country": "USA", "bodyOfWater": "Pacific Ocean", "description": "shallowing", "environment": "estuary", "publish": true, "ageDescription": "Last 5500 years, 1700", "numTsunamiEvents": 0}}, {"type": "Feature", "id": "368", "geometry": {"type": "Point", "coordinates": [40.0, -3.0]}, "properties": {"id": 368, "author": "Bahlburg, Heinrich, Robert Weisz, Alessandro Bisaccia", "year": "2005", "referenceId": 4949, "publicationType": 1, "event": "2004 Indian Ocean Earthquake & Tsunami", "geologicAgeId": 15, "yearBegin": 2004, "yearEnd": 2004, "locationName": "North Malindi, Kenya", "country": "KENYA", "bodyOfWater": "Indian Ocean", "environment": "sandy beach", "publish": true, "ageDescription": "December 26, 2004", "numTsunamiEvents": 0}}, {"type": "Feature", "id": "369", "geometry": {"type": "Point", "coordinates": [81.0, 12.0]}, "properties": {"id": 369, "author": "Bahlburg, Heinrich, Robert Weisz, Alessandro Bisaccia", "year": "2005", "referenceId": 4949, "publicationType": 1, "event": "2004 Indian Ocean Earthquake & Tsunami", "geologicAgeId": 15, "yearBegin": 2004, "yearEnd": 2004, "locationName": "Pondicherry,Tamil Nadu, India", "country": "INDIA", "bodyOfWater": "Indian Ocean", "environment": "shelf sediments", "publish": true, "ageDescription": "December 26, 2004", "numTsunamiEvents": 0}}, {"type": "Feature", "id": "370", "geometry": {"type": "Point", "coordinates": [-123.5, 44.4]}, "properties": {"id": 370, "author": "Nelson, Alan R., Anne E. Jennings, Yuki Sawai, and Brian L. Sherrod", "year": "2005", "referenceId": 4988, "publicationType": 1, "event": "Cascadia Earthquake", "geologicAgeId": 15, "locationName": "Alsea Bay, Oregon, USA", "country": "USA", "bodyOfWater": "Pacific Ocean", "description": "sandsheets in marsh environment", "environment": "wetlands", "publish": true, "ageDescription": ".3, .8, 1.3, 1.6 ka", "numTsunamiEvents": 0}}, {"type": "Feature", "id": "371", "geometry": {"type": "Point", "coordinates": [-86.0, 11.43]}, "properties": {"id": 371, "author": "Higman, Bretwood M.", "year": "2004", "referenceId": 4726, "publicationType": 1, "event": "1992 Nicaragua Earthquake & Tsunami", "geologicAgeId": 15, "yearBegin": 1992, "yearEnd": 1992, "locationName": "Playa de Popoyo", "country": "NICARAGUA", "bodyOfWater": "Pacific Ocean", "description": "a beachridge prevented erosive withdrawal of water", "environment": "sandy beach", "publish": true, "ageDescription": "September 1992", "numTsunamiEvents": 0}}, {"type": "Feature", "id": "374", "geometry": {"type": "Point", "coordinates": [-5.2, 50.3]}, "properties": {"id": 374, "author": "Foster, I.D.L., A.J. Albon, K.M. Bardell, J.L. Fletcher, T.C. Jardine, R.J. Mothers, M.A. Pritchard, S.E. Turner", "year": "1991", "referenceId": 4296, "publicationType": 4, "event": "1755 Lisbon Earthquake & Tsunami", "geologicAgeId": 15, "yearEnd": 1755, "locationName": "Big Pool, St. Agnes, Scilly Isles", "country": "UK", "bodyOfWater": "Atlantic Ocean", "description": "grain surface morphology", "publish": true, "ageDescription": "0-250 BP", "numTsunamiEvents": 0}}, {"type": "Feature", "id": "375", "geometry": {"type": "Point", "coordinates": [-82.2, 23.0]}, "properties": {"id": 375, "author": "Goto, Kazuhisa, Yoichiro Nakano, Eiichi Tajika, Ryuji Tada, Manuel A. Iturralde-Vinent, and Takafumi Matsui", "year": "2002", "referenceId": 4760, "publicationType": 1, "event": "K/T Boundary Impact", "geologicAgeId": 13, "locationName": "Mantanzas and Santa Isabel, northwest Cuba", "country": "CUBA", "bodyOfWater": "Tethys", "description": "deep sea deposit", "publish": true, "ageDescription": "Late Maastrichtian", "numTsunamiEvents": 0}}, {"type": "Feature", "id": "376", "geometry": {"type": "Point", "coordinates": [-125.0, 47.0]}, "properties": {"id": 376, "author": "Benson, Boyd E., Kurt A. Grimm, and John J. Clague", "year": "1997", "referenceId": 2845, "publicationType": 4, "event": "Tidal marsh deposit", "geologicAgeId": 15, "yearBegin": 1700, "yearEnd": 1964, "locationName": "Vancouver Island, British Columbia, Canada", "country": "CANADA", "bodyOfWater": "Pacific Ocean", "description": "drapes topography", "environment": "tidal marsh", "publish": true, "ageDescription": "1700 Cascadia Earthquake and 1964 Alaska Earthquake", "numTsunamiEvents": 0}}, {"type": "Feature", "id": "377", "geometry": {"type": "Point", "coordinates": [-157.0, 20.8]}, "properties": {"id": 377, "author": "Keating, Barbara H.", "year": "2003", "referenceId": 5056, "publicationType": 1, "event": "Island Uplift", "locationName": "Lanai, Hawaii", "country": "USA", "bodyOfWater": "Pacific Ocean", "description": "boulder & coral platforms, surface lag of rocks from expansive soils", "environment": "rocky coast", "publish": true, "ageDescription": "Cluster of ages", "numTsunamiEvents": 0}}, {"type": "Feature", "id": "378", "geometry": {"type": "Point", "coordinates": [-42.0, -6.0]}, "properties": {"id": 378, "author": "Rossetti, D.F. and A.M. Goes", "year": "2000", "referenceId": 5060, "publicationType": 4, "event": "Scar-fill structures", "geologicAgeId": 12, "locationName": "Grajau Basin, Northern Brazil", "country": "BRAZIL", "bodyOfWater": "Atlantic Ocean", "description": "tsunami waves ebb currents & tidal currents; hummocky", "environment": "basin", "publish": true, "ageDescription": "Late Albian to Cenomanian (late Cretaceous)", "numTsunamiEvents": 0}}, {"type": "Feature", "id": "379", "geometry": {"type": "Point", "coordinates": [-124.0, 44.6]}, "properties": {"id": 379, "author": "Campbell, Adam Jared", "year": "2006", "referenceId": 4980, "publicationType": 1, "event": "Tsunamis", "geologicAgeId": 15, "locationName": "Newport, Oregon, USA", "country": "USA", "bodyOfWater": "Pacific Ocean", "description": "sand sheets; Nearfield tsunami runup", "publish": true, "ageDescription": "Holocene", "numTsunamiEvents": 0}}, {"type": "Feature", "id": "380", "geometry": {"type": "Point", "coordinates": [-89.0, 41.5]}, "properties": {"id": 380, "author": "Weibel, C. Pius", "year": "2005", "referenceId": 4998, "publicationType": 1, "event": "Tempesite or transgressive deposit", "geologicAgeId": 6, "locationName": "La Salle, near Marseilles, Illinois", "country": "USA", "bodyOfWater": "Inland waterway", "description": "forms closely spaced lenses", "environment": "submarine", "publish": true, "ageDescription": "Upper Carboniferous", "numTsunamiEvents": 0}}, {"type": "Feature", "id": "381", "geometry": {"type": "Point", "coordinates": [-48.0, -2.0]}, "properties": {"id": 381, "author": "Rossetti, Dilce F. and Antonio E. Santos Jr.", "year": "2003", "referenceId": 3093, "publicationType": 4, "event": "Sediment deformation event beds", "geologicAgeId": 12, "locationName": "Cameta Basin, Brazil", "country": "BRAZIL", "bodyOfWater": "Atlantic Ocean", "environment": "estuary", "publish": true, "ageDescription": "Late Cretaceous", "numTsunamiEvents": 0}}, {"type": "Feature", "id": "382", "geometry": {"type": "Point", "coordinates": [-73.3, -41.0]}, "properties": {"id": 382, "author": "Cisternas, M., B.F. Atwater, F. Torrejon, Y. Sawai, G. Machuca, M. Lagos, A. Eipert, C. Youlton, I. Salgado, T. Kamataki, M. Shishikura, C.P. Rajendran, J.K. Malik, Y. Rizal, M. Husni", "year": "2006", "referenceId": 3533, "publicationType": 4, "event": "1960 Chile Earthquake & Tsunami", "geologicAgeId": 15, "yearEnd": 1960, "locationName": "Rio Maull\u00edn, Chile", "country": "CHILE", "bodyOfWater": "Pacific Ocean", "environment": "marsh", "publish": true, "ageDescription": "1960 & 7 tsunamis in past 2000 years", "numTsunamiEvents": 0}}, {"type": "Feature", "id": "383", "geometry": {"type": "Point", "coordinates": [-82.0, -5.0]}, "properties": {"id": 383, "author": "Von Huene, Roland, Jacques Bourgois, John Miller, and Guy Pautot", "year": "1989", "referenceId": 2972, "publicationType": 4, "event": "Turbidites", "geologicAgeId": 14, "locationName": "Peru", "country": "PERU", "bodyOfWater": "Pacific Ocean", "description": "slope; debris flow along Peru trench", "environment": "landslide", "publish": true, "ageDescription": "Eocene", "numTsunamiEvents": 0}}, {"type": "Feature", "id": "384", "geometry": {"type": "Point", "coordinates": [145.7, 43.2]}, "properties": {"id": 384, "author": "Woodward, Stephen, Yuichi Nishimura, Kazuomi Hirakawa, and Andrew Lathrop Moore", "year": "2005", "referenceId": 4945, "publicationType": 1, "event": "Tsunami deposits", "geologicAgeId": 15, "locationName": "Tokachi coast, Hokkaido, Japan", "country": "JAPAN", "bodyOfWater": "Pacific Ocean", "environment": "Marsh", "publish": true, "ageDescription": "Late Holocene", "numTsunamiEvents": 0}}, {"type": "Feature", "id": "385", "geometry": {"type": "Point", "coordinates": [-72.0, -30.0]}, "properties": {"id": 385, "author": "Paskoff, Roland", "year": "1991", "referenceId": 3009, "publicationType": 4, "event": "Boulders", "geologicAgeId": 15, "locationName": "Coquimbo, Chile", "country": "CHILE", "bodyOfWater": "Pacific Ocean", "description": "uplift of continental margin", "publish": true, "ageDescription": "Middle Pleistocene", "numTsunamiEvents": 0}}, {"type": "Feature", "id": "386", "geometry": {"type": "Point", "coordinates": [-70.0, -22.0]}, "properties": {"id": 386, "author": "Hartley, Adrian, John Howell, Anne E. Mather, and Chong Guillermo", "year": "2001", "referenceId": 2939, "publicationType": 4, "event": "Tsunami deposits", "geologicAgeId": 15, "locationName": "Hornitos, Northern Chile", "country": "CHILE", "bodyOfWater": "Pacific Ocean", "description": "shallow marine tsunami deposit", "environment": "cliffs", "publish": true, "ageDescription": "Plio-Pleistocene", "numTsunamiEvents": 0}}, {"type": "Feature", "id": "387", "geometry": {"type": "Point", "coordinates": [25.4, 36.4]}, "properties": {"id": 387, "author": "Hieke, W., F. Werner", "year": "2000", "referenceId": 2931, "publicationType": 4, "event": "Augias Megatsunamian and the Santorini eruption", "geologicAgeId": 15, "yearBegin": -1650, "yearEnd": -1490, "locationName": "Central Ionian Sea (central Mediterranean)", "country": "UNKNOWN", "bodyOfWater": "Mediterranean Sea", "description": "megaturbidite derived from Gulf of Sirte", "environment": "shallow water", "publish": true, "ageDescription": "3500 BP", "numTsunamiEvents": 0}}, {"type": "Feature", "id": "388", "geometry": {"type": "Point", "coordinates": [25.0, 36.0]}, "properties": {"id": 388, "author": "Herak, Marijan, Mirko Orlic, and Mario Kunovec-Varga", "year": "2001", "referenceId": 2862, "publicationType": 4, "event": "1962 Makarsha Earthquake", "geologicAgeId": 15, "yearBegin": 1962, "yearEnd": 1962, "locationName": "Central Adriatic Archipelgo", "country": "GREECE", "bodyOfWater": "Mediterranean Sea", "environment": "shallow water, 10-100m", "publish": true, "ageDescription": "1962", "numTsunamiEvents": 0}}, {"type": "Feature", "id": "389", "geometry": {"type": "Point", "coordinates": [25.4, 36.4]}, "properties": {"id": 389, "author": "Minoura, K., F. Imamura, U. Kuran, T. Nakamura, G.A. Papadopoulos, T. Takahashi, A.C. Yalciner", "year": "2000", "referenceId": 2914, "publicationType": 4, "event": "Santorini Eruption & Tsunami", "geologicAgeId": 15, "yearBegin": -1650, "yearEnd": -1490, "locationName": "Thera, Crete, Aegean Sea", "country": "GREECE", "bodyOfWater": "Mediterranean Sea", "description": "shallowing", "environment": "coastal intertidal evaporite lagoon", "publish": true, "ageDescription": "1600-1300 BC", "numTsunamiEvents": 0}}, {"type": "Feature", "id": "390", "geometry": {"type": "Point", "coordinates": [23.0, 38.75]}, "properties": {"id": 390, "author": "Cundy, A.B., S. Kortekaas, T. Dewez, I.S. Stewart, P.E.F. Collins, I.W. Croudace, H. Maroukian, D. Papanastassiou, P. Gaki-Papanastassiou, K.Pavlopoulos and A. Dawson", "year": "2000", "referenceId": 4544, "publicationType": 4, "event": "1894 Gulf of Atalanti Earthquake", "geologicAgeId": 15, "yearBegin": 1894, "yearEnd": 1894, "locationName": "Greece, Gulf of Atalanti", "country": "GREECE", "bodyOfWater": "Mediterranean Sea", "description": "deepening, terrestrial-marine, major changes to coastal configuration", "environment": "wetlands", "publish": true, "ageDescription": "1894", "numTsunamiEvents": 0}}, {"type": "Feature", "id": "391", "geometry": {"type": "Point", "coordinates": [26.0, 37.0]}, "properties": {"id": 391, "author": "Dominey-Howes, Dale T.M. and A. Cundy", "year": "2001", "referenceId": 3182, "publicationType": 4, "event": "1956 Aegean Sea Earthquake & Tsunami", "geologicAgeId": 15, "yearBegin": 1956, "yearEnd": 1956, "locationName": "Astypalaea Island, Greece", "country": "GREECE", "bodyOfWater": "Mediterranean Sea", "publish": true, "ageDescription": "July 9, 1956", "numTsunamiEvents": 0}}, {"type": "Feature", "id": "392", "geometry": {"type": "Point", "coordinates": [20.0, 36.0]}, "properties": {"id": 392, "author": "Cita, M.B., G. Aloisi", "year": "2000", "referenceId": 4545, "publicationType": 4, "event": "Santorini Eruption & Tsunami", "geologicAgeId": 15, "yearBegin": -1650, "yearEnd": -1490, "locationName": "East Mediterranean", "country": "GREECE", "bodyOfWater": "Mediterranean Sea", "description": "deepening", "environment": "shallow water fauna of North Africa shelf", "publish": true, "ageDescription": "3500 BP", "numTsunamiEvents": 0}}, {"type": "Feature", "id": "393", "geometry": {"type": "Point", "coordinates": [15.0, 35.0]}, "properties": {"id": 393, "author": "Rothwell, R.G., M.S. Reeder,  G. Anastasakis, D.A.V. Stow, J. Thomson, and G. Kahler", "year": "2000", "referenceId": 4702, "publicationType": 4, "event": "Megaturbidites", "geologicAgeId": 15, "locationName": "Mediterranean (east and west)", "country": "UNKNOWN", "bodyOfWater": "Mediterranean Sea", "description": "destabilization of continental margins", "environment": "West Nile Delta, Libyan Egyptian Continental shelf", "publish": true, "ageDescription": "Late Pleistocene to Holocene", "numTsunamiEvents": 0}}, {"type": "Feature", "id": "394", "geometry": {"type": "Point", "coordinates": [-92.1, 38.6]}, "properties": {"id": 394, "author": "Campbell, Carl, Rick Poropat, and Thomas Lee", "year": "2004", "referenceId": 4757, "publicationType": 1, "event": "Submarine slump", "geologicAgeId": 13, "locationName": "Crowleys Ridge, Missouri", "country": "USA", "bodyOfWater": "Tethys", "description": "deep marine", "publish": true, "ageDescription": "Cretaceous-Tertiary (K/T) Boundary", "numTsunamiEvents": 0}}, {"type": "Feature", "id": "395", "geometry": {"type": "Point", "coordinates": [-92.1, 38.6]}, "properties": {"id": 395, "author": "Campbell, Carl", "year": "2002", "referenceId": 4758, "publicationType": 1, "event": "K/T Boundary Impact", "geologicAgeId": 13, "locationName": "Crowleys Ridge, Missouri", "country": "USA", "bodyOfWater": "Tethys", "description": "turbidite into marine basin", "publish": true, "ageDescription": "Cretaceous-Tertiary (K/T) Boundary", "numTsunamiEvents": 0}}, {"type": "Feature", "id": "396", "geometry": {"type": "Point", "coordinates": [23.0, 35.0]}, "properties": {"id": 396, "author": "Cita, M.B., A. Camerlenghi, K.A. Kastens, and F.W. McCoy", "year": "1984", "referenceId": 2971, "publicationType": 4, "event": "Santorini Eruption & Tsunami", "geologicAgeId": 15, "yearBegin": -1650, "yearEnd": -1490, "locationName": "Ionian Sea", "country": "GREECE", "bodyOfWater": "Mediterranean Sea", "description": "terrigenous-pelagic, cobblestone topography", "environment": "Abyssal Plain", "publish": true, "ageDescription": "Holocene", "numTsunamiEvents": 0}}, {"type": "Feature", "id": "397", "geometry": {"type": "Point", "coordinates": [139.5, 42.05]}, "properties": {"id": 397, "author": "Tsutsumi, Akito, Toshihiko Shimamoto, Eiko Kawamoto, John M. Logan", "year": "2000", "referenceId": 4946, "publicationType": 4, "event": "1993 SW Hokkaido Earthquake & Tsunami", "geologicAgeId": 15, "yearBegin": 1993, "yearEnd": 1993, "locationName": "Okushi Island, Hokkaido, Japan", "country": "JAPAN", "bodyOfWater": "Pacific Ocean", "publish": true, "ageDescription": "July 12, 1993", "numTsunamiEvents": 0}}, {"type": "Feature", "id": "398", "geometry": {"type": "Point", "coordinates": [-123.0, 48.0]}, "properties": {"id": 398, "author": "Williams, Harry F.L., Ian Hutchinson, and Alan R. Nelson", "year": "2005", "referenceId": 4992, "publicationType": 1, "event": "Tsunami record", "geologicAgeId": 15, "locationName": "Discovery Bay, Washington, USA", "country": "USA", "bodyOfWater": "Pacific Ocean", "description": "shallowing", "environment": "tidal marsh", "publish": true, "ageDescription": "Last 2500 years", "numTsunamiEvents": 0}}, {"type": "Feature", "id": "399", "geometry": {"type": "Point", "coordinates": [20.0, 35.0]}, "properties": {"id": 399, "author": "Kastens, Kim A. and Maria B. Cita", "year": "1981", "referenceId": 3222, "publicationType": 4, "event": "Santorini Eruption & Tsunami", "geologicAgeId": 15, "yearBegin": -1650, "yearEnd": -1490, "locationName": "Mediterranean (west)", "country": "GREECE", "bodyOfWater": "Mediterranean Sea", "description": "homogenite, megaturbidite, megatsunami", "publish": true, "ageDescription": "3500 BP", "numTsunamiEvents": 0}}, {"type": "Feature", "id": "400", "geometry": {"type": "Point", "coordinates": [15.0, 38.0]}, "properties": {"id": 400, "author": "Tanner, Lawrence H., and Sonia Calvari", "year": "2001", "referenceId": 3373, "publicationType": 4, "event": "Sciara del Fuoco Tsunami", "geologicAgeId": 15, "locationName": "Stromboli Volcano, Italy", "country": "ITALY", "bodyOfWater": "Mediterranean Sea", "publish": true, "ageDescription": "5000 BP", "numTsunamiEvents": 0}}, {"type": "Feature", "id": "401", "geometry": {"type": "Point", "coordinates": [160.0, 55.0]}, "properties": {"id": 401, "author": "Sawai, Yuki", "year": "2002", "referenceId": 2973, "publicationType": 4, "event": "Kamchatka Tsunami", "geologicAgeId": 15, "yearBegin": 1600, "yearEnd": 1700, "locationName": "Lake Tokotan, Hokkaido, Japan", "country": "JAPAN", "bodyOfWater": "Pacific Ocean", "environment": "Lake Tokotan a coastal lagoon", "publish": true, "ageDescription": "17th Century", "numTsunamiEvents": 0}}, {"type": "Feature", "id": "402", "geometry": {"type": "Point", "coordinates": [22.0, 38.0]}, "properties": {"id": 402, "author": "Kontopoulos, N. and P. Avramidis", "year": "2003", "referenceId": 4701, "publicationType": 4, "event": "Tsunamiite tectonic subsidence/uplift", "geologicAgeId": 15, "locationName": "Aliki Lagoon, Egion, North Peloponnesus, Greece", "country": "GREECE", "bodyOfWater": "Mediterranean Sea", "description": "deepening", "environment": "marsh", "publish": true, "ageDescription": "4700, 3000, 2500, 2000 BP", "numTsunamiEvents": 0}}, {"type": "Feature", "id": "403", "geometry": {"type": "Point", "coordinates": [-87.0, 32.1]}, "properties": {"id": 403, "author": "Pitakpaivan, Kasana, Gary R. Byerly, and Joseph E. Hazel", "year": "1994", "referenceId": 4833, "publicationType": 4, "event": "K/T Boundary Impact", "geologicAgeId": 13, "locationName": "Shell Creek Alabama, USA", "country": "USA", "bodyOfWater": "Tethys", "environment": "proximal deposit in submarine setting", "publish": true, "ageDescription": "Cretaceous-Tertiary (K/T) Boundary", "numTsunamiEvents": 0}}, {"type": "Feature", "id": "404", "geometry": {"type": "Point", "coordinates": [-81.5, 28.5]}, "properties": {"id": 404, "author": "Sedgwick, Peter E. and Richard A. Davis, Jr.", "year": "2003", "referenceId": 4930, "publicationType": 4, "event": "Storm versus tsunami - washover deposit", "locationName": "Gulf Coast, Florida, USA (west-central)", "country": "USA", "bodyOfWater": "Atlantic Ocean", "description": "reworking of small-scale stratification within a decade", "publish": true, "numTsunamiEvents": 0}}, {"type": "Feature", "id": "405", "geometry": {"type": "Point", "coordinates": [17.5, 40.0]}, "properties": {"id": 405, "author": "Mastronuzzi, G. and P. Sanso", "year": "2000", "referenceId": 3134, "publicationType": 4, "event": "1456 Earthquake", "geologicAgeId": 15, "yearBegin": 1421, "yearEnd": 1568, "locationName": "Ionian coast of Apulia (southern Italy)", "country": "ITALY", "bodyOfWater": "Mediterranean Sea", "description": "boulder transport/uplift/subsidence terraces & notches between 0-400m", "environment": "beaches, sloping, rocky coast & cliffs, swamps, dune belt", "publish": true, "ageDescription": "1421-1568 Holocene", "numTsunamiEvents": 0}}, {"type": "Feature", "id": "406", "geometry": {"type": "Point", "coordinates": [22.0, 38.0]}, "properties": {"id": 406, "author": "Perissoratis, C., D.J.W. Piper, and V. Lykousis", "year": "2000", "referenceId": 2879, "publicationType": 4, "event": "Lacustrine turbidites", "geologicAgeId": 15, "locationName": "Gulf of Corinth, Central Greece", "country": "GREECE", "bodyOfWater": "Mediterranean Sea", "description": "shallowing", "environment": "lacustrine, lake, basin, extensive submarine terrace", "publish": true, "ageDescription": "Holocene/Pleistocene", "numTsunamiEvents": 0}}, {"type": "Feature", "id": "407", "geometry": {"type": "Point", "coordinates": [-93.0, 18.0]}, "properties": {"id": 407, "author": "Salge, T., R. Tagle, and P. Claeys", "year": "2000", "referenceId": 4859, "publicationType": 4, "event": "K/T Boundary Impact", "geologicAgeId": 13, "locationName": "Guayal, Mexico", "country": "MEXICO", "bodyOfWater": "Tethys", "publish": true, "ageDescription": "Cretaceous-Tertiary (K/T) Boundary", "numTsunamiEvents": 0}}, {"type": "Feature", "id": "408", "geometry": {"type": "Point", "coordinates": [25.0, 36.0]}, "properties": {"id": 408, "author": "Perissoratis, C. and G. Papadopoulos", "year": "1999", "referenceId": 2880, "publicationType": 4, "event": "1956 Aegean Sea Earthquake & Tsunami", "geologicAgeId": 15, "yearBegin": 1956, "yearEnd": 1956, "locationName": "Amorgos Basin, Southern Aegean", "country": "GREECE", "bodyOfWater": "Mediterranean Sea", "description": "tsunamiite / turbidites", "environment": "deep sea basin", "publish": true, "ageDescription": "July 9, 1956", "numTsunamiEvents": 0}}, {"type": "Feature", "id": "409", "geometry": {"type": "Point", "coordinates": [15.25, 38.7]}, "properties": {"id": 409, "author": "Romagnoli, Claudia, Francesco Mancini, and Roberta Brunelli", "year": "2006", "referenceId": 4919, "publicationType": 4, "event": "Shoreline change", "geologicAgeId": 15, "yearBegin": 1938, "yearEnd": 2003, "locationName": "Stromboli Volcano, Italy", "country": "ITALY", "bodyOfWater": "Mediterranean Sea", "description": "movement of sediment along coast", "environment": "volcanic island coastal zone", "publish": true, "ageDescription": "1938-2003", "numTsunamiEvents": 0}}, {"type": "Feature", "id": "410", "geometry": {"type": "Point", "coordinates": [100.0, 13.25]}, "properties": {"id": 410, "author": "Harper, Stephen B.", "year": "2005", "referenceId": 4696, "publicationType": 1, "event": "Storm versus tsunami", "geologicAgeId": 15, "yearBegin": 1410, "yearEnd": 1425, "locationName": "Ao Nang Krabi, South Thailand, west coast of Thailand", "country": "THAILAND", "bodyOfWater": "Indian Ocean", "description": "lies at toe of cliff protected by rock & fallen debris", "environment": "rocky cliff, coastal deposit", "publish": true, "ageDescription": "1425, 1410", "numTsunamiEvents": 0}}, {"type": "Feature", "id": "411", "geometry": {"type": "Point", "coordinates": [96.0, 5.0]}, "properties": {"id": 411, "author": "Moore, Andrew L.", "year": "2005", "referenceId": 4695, "publicationType": 1, "event": "2004 Indian Ocean Earthquake & Tsunami", "geologicAgeId": 15, "yearBegin": 2004, "yearEnd": 2004, "locationName": "Sumatra (north), Indonesia", "country": "INDONESIA", "bodyOfWater": "Indian Ocean", "description": "selectively filling low spots & stream channels", "environment": "sandy beach", "publish": true, "ageDescription": "December 26, 2004", "numTsunamiEvents": 0}}, {"type": "Feature", "id": "413", "geometry": {"type": "Point", "coordinates": [-122.1, 47.9]}, "properties": {"id": 413, "author": "Bourgeois, J., and S.Y. Johnson", "year": "1999", "referenceId": 5002, "publicationType": 1, "event": "Tsunamis", "geologicAgeId": 15, "yearEnd": 800, "locationName": "Snohomish Delta, Everett, Washington, USA", "country": "USA", "bodyOfWater": "Pacific Ocean", "description": "coseismic, land level change & tsunami", "environment": "Snohomish Delta, Puget Sound lowlands", "publish": true, "ageDescription": "800", "numTsunamiEvents": 0}}, {"type": "Feature", "id": "414", "geometry": {"type": "Point", "coordinates": [105.0, -8.0]}, "properties": {"id": 414, "author": "Latter, J.H.", "year": "1981", "referenceId": 1686, "publicationType": 4, "event": "1883 Krakatau Eruption", "geologicAgeId": 15, "yearBegin": 1883, "yearEnd": 1883, "locationName": "Krakatau, Indonesia", "country": "INDONESIA", "bodyOfWater": "Indian Ocean", "publish": true, "ageDescription": "August 1883", "numTsunamiEvents": 0}}, {"type": "Feature", "id": "416", "geometry": {"type": "Point", "coordinates": [122.5, -8.5]}, "properties": {"id": 416, "author": "Minoura, K., F. Imamura, T. Takahashi, and N. Shuto", "year": "1997", "referenceId": 2916, "publicationType": 4, "event": "1992 Flores Earthquake & Tsunami", "geologicAgeId": 15, "yearBegin": 1992, "yearEnd": 1992, "locationName": "Flores, Babi Island, East Nusa Tenggara region", "country": "INDONESIA", "bodyOfWater": "Indian Ocean", "description": "erosion of seashore & widespread sedimentation on back shore", "environment": "island coastal zone", "publish": true, "ageDescription": "December 12, 1992", "numTsunamiEvents": 0}}, {"type": "Feature", "id": "417", "geometry": {"type": "Point", "coordinates": [114.0, -8.0]}, "properties": {"id": 417, "author": "Dawson, A.G., S.Shi, S. Dawson, T. Takahashi, and N. Shuto", "year": "1996", "referenceId": 2854, "publicationType": 4, "event": "1994 Java Earthquake & Tsunami", "geologicAgeId": 15, "yearBegin": 1994, "yearEnd": 1994, "locationName": "Rajequesi, Java", "country": "INDONESIA", "bodyOfWater": "Indian Ocean", "description": "flooding", "environment": "marsh", "publish": true, "ageDescription": "June 3, 1994", "numTsunamiEvents": 0}}, {"type": "Feature", "id": "418", "geometry": {"type": "Point", "coordinates": [137.75, 34.3]}, "properties": {"id": 418, "author": "Okahashi, Hisayo, Shusaku Yoshikawa, Muneki Mitamura, Masayuki Hyodo, Takashi Uchiyama, Mieko Uchiyama, Tsuyoshi Haraguchi", "year": "2001", "referenceId": 4546, "publicationType": 4, "event": "Tokai Earthquakes: 1707 Hoei tsunami, 1605 Keicho Tsunami", "geologicAgeId": 15, "yearBegin": 1605, "yearEnd": 1707, "locationName": "Osatsu, Central Toba, Kii Peninsula, Japan (southwest)", "country": "JAPAN", "bodyOfWater": "Pacific Ocean", "environment": "marsh", "publish": true, "ageDescription": "1605, 1707", "numTsunamiEvents": 0}}, {"type": "Feature", "id": "419", "geometry": {"type": "Point", "coordinates": [135.0, -25.0]}, "properties": {"id": 419, "author": "Sutherland, F.", "year": "1996", "referenceId": 4338, "publicationType": 4, "event": "K/T Boundary Impact", "geologicAgeId": 13, "locationName": "Australia", "country": "AUSTRALIA", "bodyOfWater": "Tethys", "description": "review", "publish": true, "ageDescription": "Cretaceous-Tertiary (K/T) Boundary", "numTsunamiEvents": 0}}, {"type": "Feature", "id": "420", "geometry": {"type": "Point", "coordinates": [115.0, -8.0]}, "properties": {"id": 420, "author": "Tsuji, Yoshinobu, Fumihiko Imamura, Hideo Matsutomi, Costas E. Synolakis, Puspito T. Nanang, Jumadi, Satoshi Harada, Se Sub Han, Ken'ichi Arai, and Benjamin Cook", "year": "1995", "referenceId": 456, "publicationType": 4, "event": "1994 Java Earthquake & Tsunami", "geologicAgeId": 15, "yearBegin": 1994, "yearEnd": 1994, "locationName": "East Java, Bali Island", "country": "INDONESIA", "bodyOfWater": "Indian Ocean", "description": "ground was seriously eroded", "environment": "coastline", "publish": true, "ageDescription": "June 3, 1994", "numTsunamiEvents": 0}}, {"type": "Feature", "id": "421", "geometry": {"type": "Point", "coordinates": [140.5, -3.0]}, "properties": {"id": 421, "author": "Gelfenbaum, Guy and Bruce Jaffe", "year": "2003", "referenceId": 2897, "publicationType": 4, "event": "1998 Papua New Guinea Earthquake & Tsunami", "geologicAgeId": 15, "yearBegin": 1998, "yearEnd": 1998, "locationName": "Papua New Guinea", "country": "PAPUA NEW GUINEA", "bodyOfWater": "Pacific Ocean", "description": "landslide tsunami; erosion and sedimentation", "publish": true, "ageDescription": "July 17, 1998", "numTsunamiEvents": 0}}, {"type": "Feature", "id": "423", "geometry": {"type": "Point", "coordinates": [137.5, 34.55]}, "properties": {"id": 423, "author": "Kumagai, Hiroyuki", "year": "1999", "referenceId": 4548, "publicationType": 1, "event": "Tsunami deposits", "geologicAgeId": 15, "yearBegin": 1498, "yearEnd": 1707, "locationName": "Hamana Lake, central Japan (Pacific coast)", "country": "JAPAN", "bodyOfWater": "Pacific Ocean", "publish": true, "ageDescription": "1707, 1605, 1498 +older", "numTsunamiEvents": 0}}, {"type": "Feature", "id": "425", "geometry": {"type": "Point", "coordinates": [10.8, 47.2]}, "properties": {"id": 425, "author": "Hermanns, R.L., L.H. Blikra, M. Naumann, B. Nilsen, K.K. Panthi, D. Stromeyer, and O. Longva", "year": "2006", "referenceId": 4921, "publicationType": 4, "event": "1934 Tafjord Fjord Tsunami", "geologicAgeId": 15, "yearEnd": 1934, "locationName": "Otz Valley, Austria", "country": "AUSTRIA", "bodyOfWater": "Inland waterway", "description": "multiple fjord landslides", "publish": true, "ageDescription": "Last 6000-8000 years to present", "numTsunamiEvents": 0}}, {"type": "Feature", "id": "427", "geometry": {"type": "Point", "coordinates": [105.0, -6.0]}, "properties": {"id": 427, "author": "Carey, Steven, David Morelli, Haraldur Sigurdsson, Suitikno Bronto", "year": "2001", "referenceId": 2913, "publicationType": 4, "event": "1883 Krakatau Eruption", "geologicAgeId": 15, "yearBegin": 1883, "yearEnd": 1883, "locationName": "Sunda Straits, Indonesia", "country": "INDONESIA", "bodyOfWater": "Indian Ocean", "environment": "coastal area", "publish": true, "ageDescription": "August 1883", "numTsunamiEvents": 0}}, {"type": "Feature", "id": "428", "geometry": {"type": "Point", "coordinates": [121.1, 13.5]}, "properties": {"id": 428, "author": "Imamura, Fumihiko, Costas E. Synolakis, Edison Gica, Vasily Titov, Eddie Listanco, and Ho Jun Lee", "year": "1995", "referenceId": 162, "publicationType": 4, "event": "1994 Philippines Earthquake & Tsunami", "geologicAgeId": 15, "yearBegin": 1994, "yearEnd": 1994, "locationName": "Mindoro Island, Philippines", "country": "PHILIPPINES", "bodyOfWater": "Pacific Ocean", "description": "5 landslides along steep cliffs", "environment": "tidal flats", "publish": true, "ageDescription": "November 15, 1994", "numTsunamiEvents": 0}}, {"type": "Feature", "id": "429", "geometry": {"type": "Point", "coordinates": [-7.0, 62.0]}, "properties": {"id": 429, "author": "Bondevik, S., J. Mangerud, S. Dawson, A. Dawson, and O. Lohne", "year": "2003", "referenceId": 3780, "publicationType": 4, "event": "Storegga landslide", "geologicAgeId": 15, "locationName": "Storegga offshore Norway, Shetland Islands", "country": "NORWAY", "bodyOfWater": "Atlantic Ocean", "environment": "submarine landslide, lake", "publish": true, "ageDescription": "Last 8000 years", "numTsunamiEvents": 0}}, {"type": "Feature", "id": "430", "geometry": {"type": "Point", "coordinates": [12.0, 55.5]}, "properties": {"id": 430, "author": "Bondevik, Stein", "year": "1996", "referenceId": 4550, "publicationType": 6, "event": "Tsunami deposits", "geologicAgeId": 15, "locationName": "Norway (west) and Svalbard, Denmark", "country": "NORWAY", "bodyOfWater": "North Sea, Baltic Sea", "description": "landslide", "environment": "lake", "publish": true, "ageDescription": "Last 8000 years", "numTsunamiEvents": 0}}, {"type": "Feature", "id": "431", "geometry": {"type": "Point", "coordinates": [119.0, -21.0]}, "properties": {"id": 431, "author": "Glikson, A.Y., C. Allen, and J. Vickers", "year": "2004", "referenceId": 4901, "publicationType": 4, "event": "Impact tsunami", "geologicAgeId": 1, "locationName": "Pilbara Craton, Australia (west)", "country": "AUSTRALIA", "bodyOfWater": "Epicontinental Sea", "description": "spherules in intercalated arenite & diamictite", "environment": "volcanic terrain of dolerite", "publish": true, "ageDescription": "3.47 Ga-old", "numTsunamiEvents": 0}}, {"type": "Feature", "id": "432", "geometry": {"type": "Point", "coordinates": [-89.3, 18.5]}, "properties": {"id": 432, "author": "Pope, K.O., A.C. Ocampo, A.G. Fischer", "year": "1999", "referenceId": 4260, "publicationType": 4, "event": "K/T Boundary Impact", "geologicAgeId": 13, "locationName": "Quarry Albion Island, Belize", "country": "BELIZE", "bodyOfWater": "Tethys", "description": "complex stratification in spheroid bed", "environment": "shallow marine platform environment, intertidal", "publish": true, "ageDescription": "Cretaceous-Tertiary (K/T) Boundary", "numTsunamiEvents": 0}}, {"type": "Feature", "id": "433", "geometry": {"type": "Point", "coordinates": [-104.2, 41.0]}, "properties": {"id": 433, "author": "Bohor, Bruce F., Don M. Triplehorn, Douglas J. Nichols, and Hugh T. Millard, Jr", "year": "1987", "referenceId": 4753, "publicationType": 4, "event": "K/T Boundary Impact", "geologicAgeId": 13, "locationName": "Dogie Creek, Wyoming, USA", "country": "USA", "bodyOfWater": "Tethys", "environment": "marsh, non-marine coastal zone", "publish": true, "ageDescription": "Cretaceous-Tertiary (K/T) Boundary", "numTsunamiEvents": 0}}, {"type": "Feature", "id": "434", "geometry": {"type": "Point", "coordinates": [-87.0, 32.1]}, "properties": {"id": 434, "author": "Jones, Douglas S., Paul A. Mueller, Jonathan R. Bryan, Jon P. Dobson, James E.T. Channell, James C. Zachos, and Michael A. Arthur", "year": "1987", "referenceId": 4774, "publicationType": 4, "event": "K/T Boundary Impact", "geologicAgeId": 13, "locationName": "Braggs, Alabama, USA", "country": "USA", "bodyOfWater": "Tethys", "description": "shallowing, marine to terrestrial flora", "environment": "shallow marine, gulf coast plain", "publish": true, "ageDescription": "Cretaceous-Tertiary (K/T) Boundary", "numTsunamiEvents": 0}}, {"type": "Feature", "id": "435", "geometry": {"type": "Point", "coordinates": [80.0, 8.0]}, "properties": {"id": 435, "author": "Jackson, K.L., F. Amelung, M.S. Andres, G. Eberli, C. Jayasena, K.W. Kehelpannala, L. Peterson, and E. Rankey", "year": "2005", "referenceId": 4697, "publicationType": 1, "event": "Paleotsunami & 2004 Indian Ocean tsunami", "geologicAgeId": 15, "yearBegin": 2004, "yearEnd": 2004, "locationName": "Kargan, Lunama, Rekawa lagoons, Sri Lanka (southeast)", "country": "SRI LANKA", "bodyOfWater": "Indian Ocean", "environment": "coastal lagoons", "publish": true, "ageDescription": "December 26, 2004", "numTsunamiEvents": 0}}, {"type": "Feature", "id": "436", "geometry": {"type": "Point", "coordinates": [124.0, 24.2]}, "properties": {"id": 436, "author": "Nakata, T., and T. Kawana", "year": "1995", "referenceId": 2781, "publicationType": 4, "event": "Boulders", "geologicAgeId": 15, "yearBegin": 1771, "yearEnd": 1771, "locationName": "Southern Ryukyus, Japan", "country": "JAPAN", "bodyOfWater": "Pacific Ocean", "publish": true, "ageDescription": "Holocene", "numTsunamiEvents": 0}}, {"type": "Feature", "id": "438", "geometry": {"type": "Point", "coordinates": [-74.4, 39.6]}, "properties": {"id": 438, "author": "Olsson, Richard K., Kenneth G. Miller, James V. Browning, Daniel Habib, and Peter J. Sugarman", "year": "1997", "referenceId": 3122, "publicationType": 4, "event": "K/T Boundary Impact", "geologicAgeId": 13, "locationName": "Bass River, New Jersey, USA", "country": "USA", "bodyOfWater": "Cretaceous Sea", "publish": true, "ageDescription": "Cretaceous-Tertiary (K/T) Boundary", "numTsunamiEvents": 0}}, {"type": "Feature", "id": "439", "geometry": {"type": "Point", "coordinates": [141.0, 38.0]}, "properties": {"id": 439, "author": "Minoura, Koji and Shy Nakaya", "year": "1991", "referenceId": 2968, "publicationType": 4, "event": "Japan Sea Earthquake", "geologicAgeId": 15, "yearBegin": 1983, "yearEnd": 1983, "locationName": "Tsugaru, Sendai Plains, Japan", "country": "JAPAN", "bodyOfWater": "Pacific Ocean", "description": "overtopped dunes", "environment": "Lake Jusan, marsh", "publish": true, "ageDescription": "May 26, 1983", "numTsunamiEvents": 0}}, {"type": "Feature", "id": "440", "geometry": {"type": "Point", "coordinates": [140.0, 35.0]}, "properties": {"id": 440, "author": "Shiki, Tsunemasa, and Teiji Yamazaki", "year": "1996", "referenceId": 2936, "publicationType": 4, "event": "Tsunamis", "geologicAgeId": 14, "locationName": "Chita Peninsula Japan", "country": "JAPAN", "bodyOfWater": "Pacific Ocean", "description": "submarine debris flow", "environment": "bay", "publish": true, "ageDescription": "Miocene", "numTsunamiEvents": 0}}, {"type": "Feature", "id": "441", "geometry": {"type": "Point", "coordinates": [131.0, 31.0]}, "properties": {"id": 441, "author": "Kagawa, Atushi, and Hiroyuki Otsuka", "year": "2000", "referenceId": 3426, "publicationType": 4, "event": "Volcanogenic deposit", "geologicAgeId": 15, "locationName": "Kagoshima Bay, South Kyushu Japan", "country": "JAPAN", "bodyOfWater": "Pacific Ocean", "description": "coastal deposits", "publish": true, "ageDescription": "Middle Pleistocene", "numTsunamiEvents": 0}}, {"type": "Feature", "id": "442", "geometry": {"type": "Point", "coordinates": [140.0, 42.0]}, "properties": {"id": 442, "author": "Sato, Hiroshi, Toshihiko Shimamoto, Akito Tsutsumi, and Eiko Kawamoto", "year": "1995", "referenceId": 381, "publicationType": 4, "event": "1993 SW Hokkaido and 1983 Japan Sea Earthquake (mags. 7.7, 7.8)", "geologicAgeId": 15, "yearBegin": 1983, "yearEnd": 1993, "locationName": "Hokkaido, Japan", "country": "JAPAN", "bodyOfWater": "Pacific Ocean", "description": "eroded dunes", "environment": "normal tidal zone", "publish": true, "ageDescription": "1983, 1993", "numTsunamiEvents": 0}}, {"type": "Feature", "id": "443", "geometry": {"type": "Point", "coordinates": [-7.5, 37.0]}, "properties": {"id": 443, "author": "Ruiz, F., A. Rodr\u00edguez-Ram\u00edrez, L.M. C\u00e1ceres, J. Rodr\u00edguez Vidal, M.I. Carretero, M. Abad, M. Ol\u00edas and M. Pozo", "year": "2005", "referenceId": 4647, "publicationType": 4, "event": "High energy event", "geologicAgeId": 15, "locationName": "Donana National Park, Spain (southwest)", "country": "SPAIN", "bodyOfWater": "Atlantic Ocean", "description": "erosion of the Donana spit, creation of cheniers", "environment": "sandy beach, lagoon", "publish": true, "ageDescription": ">5400-5500 BP", "numTsunamiEvents": 0}}, {"type": "Feature", "id": "444", "geometry": {"type": "Point", "coordinates": [-7.5, 37.0]}, "properties": {"id": 444, "author": "Ruiz, F., A. Rodr\u00edguez-Ram\u00edrez, L.M. C\u00e1ceres, J. Rodr\u00edguez Vidal, M.I. Carretero, M. Abad, M. Ol\u00edas and M. Pozo", "year": "2005", "referenceId": 4647, "publicationType": 4, "event": "Lagoon deposit", "geologicAgeId": 15, "locationName": "Donana National Park, Spain (southwest)", "country": "SPAIN", "bodyOfWater": "Atlantic Ocean", "description": "bottom of lagoon eroded", "publish": true, "ageDescription": "4100-3700 BP", "numTsunamiEvents": 0}}, {"type": "Feature", "id": "445", "geometry": {"type": "Point", "coordinates": [-7.5, 37.0]}, "properties": {"id": 445, "author": "Ruiz, F., A. Rodr\u00edguez-Ram\u00edrez, L.M. C\u00e1ceres, J. Rodr\u00edguez Vidal, M.I. Carretero, M. Abad, M. Ol\u00edas and M. Pozo", "year": "2005", "referenceId": 4647, "publicationType": 4, "event": "Marine deposit", "geologicAgeId": 15, "locationName": "Donana National Park, Spain (southwest)", "country": "SPAIN", "bodyOfWater": "Atlantic Ocean", "description": "storms and tsunami", "environment": "estuary, lagoon", "publish": true, "ageDescription": "4200 BP", "numTsunamiEvents": 0}}, {"type": "Feature", "id": "446", "geometry": {"type": "Point", "coordinates": [-7.5, 37.0]}, "properties": {"id": 446, "author": "Ruiz, F., A. Rodr\u00edguez-Ram\u00edrez, L.M. C\u00e1ceres, J. Rodr\u00edguez Vidal, M.I. Carretero, M. Abad, M. Ol\u00edas and M. Pozo", "year": "2005", "referenceId": 4647, "publicationType": 4, "event": "Storm versus tsunami", "geologicAgeId": 15, "locationName": "Donana National Park, Spain (southwest)", "country": "SPAIN", "bodyOfWater": "Atlantic Ocean", "description": "shell layer within salt marsh", "environment": "sandy beach", "publish": true, "ageDescription": "4200-4100 BP", "numTsunamiEvents": 0}}, {"type": "Feature", "id": "447", "geometry": {"type": "Point", "coordinates": [-7.5, 37.0]}, "properties": {"id": 447, "author": "Ruiz, F., A. Rodr\u00edguez-Ram\u00edrez, L.M. C\u00e1ceres, J. Rodr\u00edguez Vidal, M.I. Carretero, M. Abad, M. Ol\u00edas and M. Pozo", "year": "2005", "referenceId": 4647, "publicationType": 4, "event": "Paleotsunami", "geologicAgeId": 15, "locationName": "Donana National Park, Spain (southwest)", "country": "SPAIN", "bodyOfWater": "Atlantic Ocean", "description": "subtidal to intertidal, break through of the Donana spit", "environment": "sandy beach", "publish": true, "ageDescription": "5400-5200 BP", "numTsunamiEvents": 0}}, {"type": "Feature", "id": "448", "geometry": {"type": "Point", "coordinates": [140.5, 35.0]}, "properties": {"id": 448, "author": "Fujiwara, O., F. Masuda, T. Sakai, T. Irizuki, and K. Fuse", "year": "2000", "referenceId": 2932, "publicationType": 4, "event": "Emergence of marine terraces", "geologicAgeId": 15, "locationName": "Boso and Miura peninsulas, Philippine Sea", "country": "JAPAN", "bodyOfWater": "Pacific Ocean", "publish": true, "ageDescription": "Holocene", "numTsunamiEvents": 0}}, {"type": "Feature", "id": "449", "geometry": {"type": "Point", "coordinates": [177.0, -41.0]}, "properties": {"id": 449, "author": "Goff, J., C. Chague-Goff, and S. Nichol", "year": "2001", "referenceId": 3160, "publicationType": 4, "event": "Paleotsunami", "locationName": "New Zealand", "country": "NEW ZEALAND", "bodyOfWater": "Pacific Ocean", "description": "review", "publish": true, "numTsunamiEvents": 0}}, {"type": "Feature", "id": "450", "geometry": {"type": "Point", "coordinates": [116.5, 40.0]}, "properties": {"id": 450, "author": "Tianrui, Song", "year": "1988", "referenceId": 3374, "publicationType": 4, "event": "Earthquake and tsunami", "geologicAgeId": 1, "locationName": "Ming Tomb District, Bejing, China", "country": "CHINA", "bodyOfWater": "Pacific Ocean", "description": "hummocky cross - stratification", "publish": true, "ageDescription": "Precambrian", "numTsunamiEvents": 0}}, {"type": "Feature", "id": "451", "geometry": {"type": "Point", "coordinates": [32.0, 55.0]}, "properties": {"id": 451, "author": "Minoura, K., V.G. Guisiakov, A. Kurbato, S. Takeuti, J.I. Svendsen, S. Bondevik, and T. Oda", "year": "1996", "referenceId": 2935, "publicationType": 4, "event": "1923 Kamchatka Earthquake", "geologicAgeId": 15, "yearBegin": 1923, "yearEnd": 1923, "locationName": "Kamchatka, Russia", "country": "RUSSIA", "bodyOfWater": "Pacific Ocean", "publish": true, "ageDescription": "April 14, 1923", "numTsunamiEvents": 0}}, {"type": "Feature", "id": "452", "geometry": {"type": "Point", "coordinates": [5.0, 62.0]}, "properties": {"id": 452, "author": "Bondevik, Stein, John Inge Svendsen, Geir Johnsen, Jan Mangerud, and Peter Emil Kaland", "year": "1997", "referenceId": 2976, "publicationType": 4, "event": "Storegga landslide", "geologicAgeId": 15, "locationName": "Norway (coastal lakes, west coast)", "country": "NORWAY", "bodyOfWater": "Atlantic Ocean", "description": "tsunami sedimentary facies", "environment": "lake", "publish": true, "ageDescription": "7000 BP", "numTsunamiEvents": 0}}, {"type": "Feature", "id": "453", "geometry": {"type": "Point", "coordinates": [-6.0, 56.0]}, "properties": {"id": 453, "author": "Long, David, David E. Smith, and Alastair G. Dawson", "year": "1989", "referenceId": 3000, "publicationType": 4, "event": "Storegga landslide (2nd)", "geologicAgeId": 15, "locationName": "Scotland (east)", "country": "UK", "bodyOfWater": "Atlantic Ocean", "publish": true, "ageDescription": "Holocene", "numTsunamiEvents": 0}}, {"type": "Feature", "id": "455", "geometry": {"type": "Point", "coordinates": [22.5, -28.5]}, "properties": {"id": 455, "author": "Glikson, Andrew Y.", "year": "2006", "referenceId": 4899, "publicationType": 4, "event": "Asteroid Impact", "geologicAgeId": 1, "locationName": "Barberton Greenstone Belt, South Africa", "country": "SOUTH AFRICA", "bodyOfWater": "Epicontinental Sea", "publish": true, "ageDescription": "Early Precambrian", "numTsunamiEvents": 0}}, {"type": "Feature", "id": "457", "geometry": {"type": "Point", "coordinates": [118.5, -20.5]}, "properties": {"id": 457, "author": "Glikson, Andrew Y.", "year": "2006", "referenceId": 4899, "publicationType": 4, "event": "Asteroid Impact", "geologicAgeId": 1, "locationName": "Pilbara Craton, Australia (west)", "country": "AUSTRALIA", "bodyOfWater": "Epicontinental Sea", "publish": true, "ageDescription": "Early Precambrian", "numTsunamiEvents": 0}}, {"type": "Feature", "id": "458", "geometry": {"type": "Point", "coordinates": [23.0, -21.0]}, "properties": {"id": 458, "author": "Glikson, Andrew Y.", "year": "2006", "referenceId": 4899, "publicationType": 4, "event": "Asteroid Impact", "geologicAgeId": 1, "locationName": "Hamersley Basin, Australia (west)", "country": "AUSTRALIA", "bodyOfWater": "Epicontinental Sea", "publish": true, "ageDescription": "Early Precambrian", "numTsunamiEvents": 0}}, {"type": "Feature", "id": "460", "geometry": {"type": "Point", "coordinates": [-4.27, 58.52]}, "properties": {"id": 460, "author": "Dawson, S., and D.E. Smith", "year": "2000", "referenceId": 2926, "publicationType": 4, "event": "Storegga landslide (2nd)", "geologicAgeId": 15, "locationName": "Sutherland (north), Scotland", "country": "UK", "bodyOfWater": "Atlantic Ocean", "description": "tsunami facies", "environment": "shallow tidal lagoonal", "publish": true, "ageDescription": "Middle Holocene", "numTsunamiEvents": 0}}, {"type": "Feature", "id": "461", "geometry": {"type": "Point", "coordinates": [-2.5, 56.5]}, "properties": {"id": 461, "author": "Dawson, A.G., D. Long, and D.E. Smith", "year": "1988", "referenceId": 3011, "publicationType": 4, "event": "Storegga landslide (2nd)", "geologicAgeId": 15, "locationName": "Scotland (east)", "country": "UK", "bodyOfWater": "North Sea", "environment": "lake", "publish": true, "ageDescription": "8000-5000 BP", "numTsunamiEvents": 0}}, {"type": "Feature", "id": "462", "geometry": {"type": "Point", "coordinates": [-4.0, 57.0]}, "properties": {"id": 462, "author": "Dawson, A.G., D.E. Smith, and D. Long", "year": "1990", "referenceId": 3007, "publicationType": 4, "event": "Storegga Collapse", "geologicAgeId": 15, "locationName": "Inverness, Scotland", "country": "UK", "bodyOfWater": "Atlantic Ocean", "description": "2 inundations", "environment": "estuarine - silt/clay", "publish": true, "ageDescription": "8000-5000 BP", "numTsunamiEvents": 0}}, {"type": "Feature", "id": "463", "geometry": {"type": "Point", "coordinates": [15.2, 40.2]}, "properties": {"id": 463, "author": "Massari, F. and A. D'Alessandro", "year": "2000", "referenceId": 2930, "publicationType": 4, "event": "Tsunamiites", "geologicAgeId": 14, "locationName": "Salento, southeast Italy", "country": "ITALY", "bodyOfWater": "Mediterranean Sea", "description": "transgression", "environment": "bay", "publish": true, "ageDescription": "Middle Pliocene", "numTsunamiEvents": 0}}, {"type": "Feature", "id": "464", "geometry": {"type": "Point", "coordinates": [150.0, -36.0]}, "properties": {"id": 464, "author": "Bryant, E.A., R.W. Young, D.M. Price, S.A. Short", "year": "1992", "referenceId": 4346, "publicationType": 4, "event": "Sea level change", "geologicAgeId": 15, "locationName": "Sandon Point, New South Wales, Australia", "country": "AUSTRALIA", "bodyOfWater": "Pacific Ocean", "description": "possible tsunami/boulders - receding barriers drive shorewards over lagoon", "environment": "beach estuarine deposit", "publish": true, "ageDescription": "Holocene/ Pleistocene, last interglacial", "numTsunamiEvents": 0}}, {"type": "Feature", "id": "465", "geometry": {"type": "Point", "coordinates": [150.0, -36.0]}, "properties": {"id": 465, "author": "Bryant, E.A., R.W. Young, and D.M. Price", "year": "1992", "referenceId": 3001, "publicationType": 4, "event": "Tsunami", "geologicAgeId": 15, "locationName": "Australia (southeast coast)", "country": "AUSTRALIA", "bodyOfWater": "Pacific Ocean", "description": "boulders - stranded runup ridges misidentified as cheniers", "environment": "beach estuaries", "publish": true, "ageDescription": "Holocene", "numTsunamiEvents": 0}}, {"type": "Feature", "id": "466", "geometry": {"type": "Point", "coordinates": [150.0, -35.0]}, "properties": {"id": 466, "author": "Kowalik, Z., T. S. Murty", "year": "1989", "referenceId": 1413, "publicationType": 4, "event": "Tsunami", "geologicAgeId": 15, "locationName": "Jervis Bay, Australia", "country": "AUSTRALIA", "bodyOfWater": "Pacific Ocean", "publish": true, "ageDescription": "Last 1000 years", "numTsunamiEvents": 0}}, {"type": "Feature", "id": "467", "geometry": {"type": "Point", "coordinates": [178.0, -38.0]}, "properties": {"id": 467, "author": "Ballance, Peter F., Murray R. Gregory, Graham W. Gibson", "year": "1981", "referenceId": 3017, "publicationType": 4, "event": "Turbidites", "geologicAgeId": 14, "locationName": "New Zealand (east)", "country": "NEW ZEALAND", "bodyOfWater": "Pacific Ocean", "description": "landslide tsunami turbidites", "environment": "submarine-fan", "publish": true, "ageDescription": "Miocene", "numTsunamiEvents": 0}}, {"type": "Feature", "id": "468", "geometry": {"type": "Point", "coordinates": [174.0, -41.0]}, "properties": {"id": 468, "author": "Goff, J.R., H.L. Rouse, S.L. Jones, B.W. Hawyard, U. Cochran, W. McLea, W.W. Dickinson, and M.S. Morley", "year": "2000", "referenceId": 2927, "publicationType": 4, "event": "Earthquake and tsunami", "geologicAgeId": 15, "locationName": "New Zealand", "country": "NEW ZEALAND", "bodyOfWater": "Pacific Ocean", "environment": "lagoonal", "publish": true, "ageDescription": "Last 3100-3400", "numTsunamiEvents": 0}}, {"type": "Feature", "id": "469", "geometry": {"type": "Point", "coordinates": [176.52, -39.3]}, "properties": {"id": 469, "author": "Chague-Goff, C., S.L. Nichol, A.V. Jenkinson, and H. Heijnis", "year": "2000", "referenceId": 4925, "publicationType": 4, "event": "Hawkes Bay Earthquake", "geologicAgeId": 15, "yearEnd": 1931, "locationName": "New Zealand", "country": "NEW ZEALAND", "bodyOfWater": "Pacific Ocean", "description": "silt to sand", "environment": "marsh, estuarine", "publish": true, "ageDescription": "1931", "numTsunamiEvents": 0}}, {"type": "Feature", "id": "470", "geometry": {"type": "Point", "coordinates": [-16.0, 27.0]}, "properties": {"id": 470, "author": "Schmincke, H.U. and Sumita, M.", "year": "1998", "referenceId": 4629, "publicationType": 4, "event": "Collapse of Gran Canaria Volcano", "geologicAgeId": 14, "locationName": "Gran Canaria Island", "country": "SPAIN", "bodyOfWater": "Atlantic Ocean", "publish": true, "ageDescription": "Middle Miocene", "numTsunamiEvents": 0}}, {"type": "Feature", "id": "471", "geometry": {"type": "Point", "coordinates": [-4.0, 52.0]}, "properties": {"id": 471, "author": "Simms, Michael J.", "year": "2007", "referenceId": 4810, "publicationType": 4, "event": "Earthquake or impact", "geologicAgeId": 9, "locationName": "Lilstock Fm., UK", "country": "UK", "bodyOfWater": "Epicontinental Sea", "description": "review", "publish": true, "ageDescription": "Latest Triassic, Rhaetian", "numTsunamiEvents": 0}}, {"type": "Feature", "id": "472", "geometry": {"type": "Point", "coordinates": [177.0, -38.0]}, "properties": {"id": 472, "author": "Goff, J.R., M. Crozier, V. Sutherland, U. Cochran, P. Shane", "year": "1998", "referenceId": 4630, "publicationType": 4, "event": "1855 Wellington Earthquake", "geologicAgeId": 15, "yearBegin": 1855, "yearEnd": 1855, "locationName": "North Island, New Zealand", "country": "NEW ZEALAND", "bodyOfWater": "Pacific Ocean", "environment": "coastal wetland", "publish": true, "ageDescription": "1855, Holocene", "numTsunamiEvents": 0}}, {"type": "Feature", "id": "473", "geometry": {"type": "Point", "coordinates": [172.5, -40.5]}, "properties": {"id": 473, "author": "Goff, J.R., and C. Chague-Goff", "year": "1999", "referenceId": 3165, "publicationType": 4, "event": "Tsunamis", "geologicAgeId": 15, "locationName": "Abel Tasman National Park, New Zealand", "country": "NEW ZEALAND", "bodyOfWater": "Pacific Ocean", "description": "short term environmental changes; tidal flat to mature salt marsh", "environment": "coastal wetland", "publish": true, "ageDescription": "Last 1700 years", "numTsunamiEvents": 0}}, {"type": "Feature", "id": "474", "geometry": {"type": "Point", "coordinates": [175.0, -41.0]}, "properties": {"id": 474, "author": "Goff, J., B.G. McFadgen, and C. Chague-Goff", "year": "2004", "referenceId": 2954, "publicationType": 4, "event": "Okoropunga Earthquake and tsunami, Easter 2002 storm", "geologicAgeId": 15, "yearBegin": 1400, "yearEnd": 2002, "locationName": "North Island, New Zealand", "country": "NEW ZEALAND", "bodyOfWater": "Pacific Ocean", "description": "storm versus tsunami", "publish": true, "ageDescription": "15th Century", "numTsunamiEvents": 0}}, {"type": "Feature", "id": "475", "geometry": {"type": "Point", "coordinates": [146.4, -17.03]}, "properties": {"id": 475, "author": "Nott, Jonathan", "year": "1997", "referenceId": 2929, "publicationType": 4, "event": "Storm versus tsunami", "geologicAgeId": 15, "locationName": "Cairns, Australia", "country": "AUSTRALIA", "bodyOfWater": "Pacific Ocean", "description": "boulder deposits", "environment": "reef flat, inter reef passage of great barrier reef", "publish": true, "ageDescription": "Last millennium", "numTsunamiEvents": 0}}, {"type": "Feature", "id": "476", "geometry": {"type": "Point", "coordinates": [142.0, -3.0]}, "properties": {"id": 476, "author": "Tappin, D.R., P. Watts, G.M. McMurtry, Y. Lafoy, and T. Matsumoto", "year": "2001", "referenceId": 2890, "publicationType": 4, "event": "1998 Papua New Guinea Earthquake & Tsunami", "geologicAgeId": 15, "yearBegin": 1998, "yearEnd": 1998, "locationName": "Papua New Guinea", "country": "PAPUA NEW GUINEA", "bodyOfWater": "Pacific Ocean", "description": "deepening", "environment": "lagoon", "publish": true, "ageDescription": "July 17, 1998", "numTsunamiEvents": 0}}, {"type": "Feature", "id": "478", "geometry": {"type": "Point", "coordinates": [-2.0, 60.0]}, "properties": {"id": 478, "author": "Bondevik, Stein, Finn Lovholt, Carl Harbitz, Jan Mangerud, Alastair Dawson, and John Inge Svendsen", "year": "2005", "referenceId": 2945, "publicationType": 4, "event": "Storegga landslide", "geologicAgeId": 15, "locationName": "Shetland Islands, Norway", "country": "NORWAY", "bodyOfWater": "Atlantic Ocean", "description": "sand layer 40km long", "environment": "lake", "publish": true, "ageDescription": "Holocene", "numTsunamiEvents": 0}}, {"type": "Feature", "id": "479", "geometry": {"type": "Point", "coordinates": [36.12, 54.3]}, "properties": {"id": 479, "author": "Masaitis, V.L.", "year": "2002", "referenceId": 2872, "publicationType": 4, "event": "Kaluga Impact tsunami", "geologicAgeId": 5, "locationName": "Russia (west)", "country": "RUSSIA", "bodyOfWater": "Pacific Ocean", "description": "Breccia deposits; prolonged sedimentation in a marine setting", "environment": "submarine, 300m, crater", "publish": true, "ageDescription": "Middle Devonian 380 ma", "numTsunamiEvents": 0}}, {"type": "Feature", "id": "480", "geometry": {"type": "Point", "coordinates": [-40.0, -8.0]}, "properties": {"id": 480, "author": "Albertao, G.A., and P.P. Martins", "year": "1996", "referenceId": 4749, "publicationType": 4, "event": "K/T Boundary Impact", "geologicAgeId": 13, "locationName": "Penambuco, NE Brazil", "country": "BRAZIL", "bodyOfWater": "Tethys", "environment": "middle-deep neritic", "publish": true, "ageDescription": "Cretaceous-Tertiary (K/T) Boundary", "numTsunamiEvents": 0}}, {"type": "Feature", "id": "482", "geometry": {"type": "Point", "coordinates": [35.5, 31.5]}, "properties": {"id": 482, "author": "Weidlich, O. and M. Bernecker", "year": "2003", "referenceId": 4515, "publicationType": 4, "event": "Paleoseismic", "locationName": "Dead Sea Basin, Lake Titicaca", "country": "ISRAEL", "bodyOfWater": "Dead Sea", "description": "tsunamites", "environment": "marine & limnic sediments", "publish": true, "numTsunamiEvents": 0}}, {"type": "Feature", "id": "483", "geometry": {"type": "Point", "coordinates": [-124.0, 45.0]}, "properties": {"id": 483, "author": "Nelson, Alan R., Harvey M. Kelsey, and Robert C. Witter", "year": "2006", "referenceId": 3538, "publicationType": 4, "event": "Coseismic uplift/subsidence", "geologicAgeId": 15, "locationName": "Cascadia Subduction Zone", "country": "USA", "bodyOfWater": "Pacific Ocean", "publish": true, "ageDescription": "Holocene", "numTsunamiEvents": 0}}, {"type": "Feature", "id": "484", "geometry": {"type": "Point", "coordinates": [-9.0, 39.0]}, "properties": {"id": 484, "author": "Hindson, R.A. and C. Andrade", "year": "1999", "referenceId": 3406, "publicationType": 4, "event": "1755 Lisbon Earthquake & Tsunami", "geologicAgeId": 15, "yearBegin": 1755, "yearEnd": 1755, "locationName": "Lisbon, Portugal", "country": "PORTUGAL", "bodyOfWater": "Atlantic Ocean", "environment": "beach", "publish": true, "ageDescription": "1755", "numTsunamiEvents": 0}}, {"type": "Feature", "id": "485", "geometry": {"type": "Point", "coordinates": [-6.0, 50.0]}, "properties": {"id": 485, "author": "Banerjee, D., A.S. Murray, I.D.L. Foster", "year": "2001", "referenceId": 3107, "publicationType": 4, "event": "1755 Lisbon Earthquake & Tsunami", "geologicAgeId": 15, "yearBegin": 1755, "yearEnd": 1755, "locationName": "Big Pool, St. Agnes, Scilly Isles", "country": "UK", "bodyOfWater": "Atlantic Ocean", "publish": true, "ageDescription": "1755", "numTsunamiEvents": 0}}, {"type": "Feature", "id": "486", "geometry": {"type": "Point", "coordinates": [-110.0, 48.5]}, "properties": {"id": 486, "author": "Pratt, Brian R.", "year": "2002", "referenceId": 4993, "publicationType": 4, "event": "Earthquake and tsunami", "locationName": "Montana, USA", "country": "USA", "bodyOfWater": "Inland waterway", "description": "silt filled vert crakes", "environment": "subtidal shelf", "publish": true, "ageDescription": "Geologic", "numTsunamiEvents": 0}}, {"type": "Feature", "id": "487", "geometry": {"type": "Point", "coordinates": [-76.5, 25.0]}, "properties": {"id": 487, "author": "Boardman, Mark R., James L. Carew, John E. Mylroie, Bruce C. Panuska, Neil E. Sealey, and Vincent J. Voegeli", "year": "2002", "referenceId": 4722, "publicationType": 1, "event": "Megatsunami", "locationName": "Eleuthera Islands, Bahamas", "country": "BAHAMAS", "bodyOfWater": "Caribbean Sea", "description": "boulder deposit", "publish": true, "numTsunamiEvents": 0}}, {"type": "Feature", "id": "489", "geometry": {"type": "Point", "coordinates": [101.0, 6.0]}, "properties": {"id": 489, "author": "Hawkes, Andrea D., Benjamin P. Horton, Ruth Robinson, Michael Bird, and J. Nott", "year": "2006", "referenceId": 4698, "publicationType": 1, "event": "2004 Indian Ocean Earthquake & Tsunami", "geologicAgeId": 15, "yearBegin": 2004, "yearEnd": 2004, "locationName": "Malay-Thai Peninsulas (5 sites)", "country": "MALAYSIA", "bodyOfWater": "Indian Ocean", "publish": true, "ageDescription": "December 26, 2004", "numTsunamiEvents": 0}}, {"type": "Feature", "id": "490", "geometry": {"type": "Point", "coordinates": [-155.2, 19.2]}, "properties": {"id": 490, "author": "Goff, J., W.C. Dudley, M.J. deMaintenon, G. Cain, and J.P. Coney", "year": "2006", "referenceId": 3164, "publicationType": 4, "event": "1975 Kalapana Landslide/Earthquake (7.2) tsunami", "geologicAgeId": 15, "yearBegin": 1975, "yearEnd": 1975, "locationName": "Halape-Apua Point, Hawaii (south flank of Kilauea)", "country": "USA", "bodyOfWater": "Pacific Ocean", "description": "deepening due to flank movement, veneer only", "environment": "rocky coast, pocket sand beaches", "publish": true, "ageDescription": "1975", "numTsunamiEvents": 0}}, {"type": "Feature", "id": "491", "geometry": {"type": "Point", "coordinates": [-73.0, -17.0]}, "properties": {"id": 491, "author": "Peters, Robert B., Jaffe, Bruce E., Gelfenbaum, Guy, Rubin, David M., Anima, Roberto, Swensson, Matt, Olcese, Daniel, Anticona, Luis Bernales, Gomez, Juan Carlos and Riega, Percy Colque", "year": "2003", "referenceId": 4294, "publicationType": 1, "event": "2001 Peru Earthquake & Tsunami", "geologicAgeId": 15, "yearBegin": 2001, "yearEnd": 2001, "locationName": "Camana Peru", "country": "PERU", "bodyOfWater": "Pacific Ocean", "publish": true, "ageDescription": "Historic", "numTsunamiEvents": 0}}, {"type": "Feature", "id": "492", "geometry": {"type": "Point", "coordinates": [114.0, -8.0]}, "properties": {"id": 492, "author": "Maramai, Alessandra, and Stefano Tinti", "year": "1997", "referenceId": 1411, "publicationType": 4, "event": "1994 Java Earthquake & Tsunami", "geologicAgeId": 15, "yearBegin": 1994, "yearEnd": 1994, "locationName": "Java, Indonesia", "country": "INDONESIA", "bodyOfWater": "Pacific Ocean", "description": "Erosion Rajekasi", "environment": "villages leveled", "publish": true, "ageDescription": "June 3, 1994", "numTsunamiEvents": 0}}, {"type": "Feature", "id": "494", "geometry": {"type": "Point", "coordinates": [15.0, 36.0]}, "properties": {"id": 494, "author": "Hieke, W.", "year": "2000", "referenceId": 2863, "publicationType": 4, "event": "Megaturbidites", "geologicAgeId": 15, "locationName": "Ionian and Sirte Abyssal Plains", "country": "UNKNOWN", "bodyOfWater": "Mediterranean Sea", "environment": "deep sea", "publish": true, "ageDescription": "235,000 and 650,000 years Holocene", "numTsunamiEvents": 0}}, {"type": "Feature", "id": "495", "geometry": {"type": "Point", "coordinates": [1.0, 37.0]}, "properties": {"id": 495, "author": "Rodriguez-Pascua, M.A., J.P. Calvo, G. De Vicente, and D. Gomez-Gras", "year": "2000", "referenceId": 2882, "publicationType": 4, "event": "Seismites", "geologicAgeId": 14, "locationName": "SE Spain", "country": "SPAIN", "bodyOfWater": "Atlantic Ocean", "description": "lacustrine to marine", "environment": "Lake,Lacustrine", "publish": true, "ageDescription": "Late Miocene", "numTsunamiEvents": 0}}, {"type": "Feature", "id": "496", "geometry": {"type": "Point", "coordinates": [-45.0, -6.0]}, "properties": {"id": 496, "author": "Rossetti, D.D.F., Goes, A.M., Truckenbrodt, W., Anaisse, J.", "year": "2000", "referenceId": 4517, "publicationType": 4, "event": "Aptian Codo Formation", "geologicAgeId": 12, "locationName": "Grajau Basin, Northern Brazil", "country": "BRAZIL", "bodyOfWater": "Atlantic Ocean", "description": "deformation", "environment": "basin", "publish": true, "ageDescription": "Late Albian to Cenomanian", "numTsunamiEvents": 0}}, {"type": "Feature", "id": "497", "geometry": {"type": "Point", "coordinates": [18.1, 40.5]}, "properties": {"id": 497, "author": "Moretti, M.", "year": "2000", "referenceId": 2875, "publicationType": 4, "event": "Seismites", "geologicAgeId": 15, "locationName": "Torre San Gennaro, southern Italy", "country": "ITALY", "bodyOfWater": "Mediterranean Sea", "environment": "Apulian foreland", "publish": true, "ageDescription": "Middle Late Pleistocene", "numTsunamiEvents": 0}}, {"type": "Feature", "id": "498", "geometry": {"type": "Point", "coordinates": [138.0, 35.0]}, "properties": {"id": 498, "author": "Takashimizu, Yasuhiro, Fujio Masuda, Masaaki Tateishi", "year": "2000", "referenceId": 4518, "publicationType": 4, "event": "Seismites and tsunamiites", "geologicAgeId": 15, "locationName": "Japan (central)", "country": "JAPAN", "bodyOfWater": "Pacific Ocean", "description": "valley fill", "environment": "relict barrier sand body", "publish": true, "ageDescription": "Upper Pleistocene", "numTsunamiEvents": 0}}, {"type": "Feature", "id": "499", "geometry": {"type": "Point", "coordinates": [140.0, 42.0]}, "properties": {"id": 499, "author": "Nanayama, F., K. Shigeno, K. Satake, K. Shimokawa, S. Koitabashi, S. Miyasaka, and M. Ishii", "year": "2000", "referenceId": 2899, "publicationType": 4, "event": "1993 SW Hokkaido Earthquake & Tsunami versus 1959 typhoon", "geologicAgeId": 15, "yearBegin": 1993, "yearEnd": 1993, "locationName": "Taisei, Hokkaido (southwest), northern Japan", "country": "JAPAN", "bodyOfWater": "Pacific Ocean", "publish": true, "ageDescription": "1959/1993", "numTsunamiEvents": 0}}, {"type": "Feature", "id": "500", "geometry": {"type": "Point", "coordinates": [23.0, -21.0]}, "properties": {"id": 500, "author": "Hassler, S.W., H.F. Robey, and B.M. Simsonson", "year": "2000", "referenceId": 2860, "publicationType": 4, "event": "Impact", "geologicAgeId": 1, "locationName": "Hamersley Basin, Australia (west)", "country": "AUSTRALIA", "bodyOfWater": "Epicontinental Sea", "publish": true, "ageDescription": "2.6 Ga Late Archean", "numTsunamiEvents": 0}}, {"type": "Feature", "id": "501", "geometry": {"type": "Point", "coordinates": [-8.5, 37.5]}, "properties": {"id": 501, "author": "Allen, H.D.", "year": "2003", "referenceId": 2943, "publicationType": 4, "event": "1755 Lisbon Earthquake & Tsunami", "geologicAgeId": 15, "yearBegin": 1755, "yearEnd": 1755, "locationName": "Boca do Rio, Algarve, Portugal", "country": "PORTUGAL", "bodyOfWater": "Atlantic Ocean", "description": "shallowing", "environment": "marsh", "publish": true, "ageDescription": "1755", "numTsunamiEvents": 0}}, {"type": "Feature", "id": "502", "geometry": {"type": "Point", "coordinates": [5.8, 62.1]}, "properties": {"id": 502, "author": "Boe, Reidulv, Oddvar Longva, Aivo Lepland, Lars Harald Blikra, Eivind Sonstegaard, Haflidi Haflidason, Petter Bryn, and Reidar Lien", "year": "2004", "referenceId": 2944, "publicationType": 4, "event": "Fjords & Lakes change/turbidites/climate change", "geologicAgeId": 15, "locationName": "Norway (west)", "country": "NORWAY", "bodyOfWater": "Atlantic Ocean", "description": "landslide tsunami, mass movement; earthquake; landslide", "environment": "fjords & lakes", "publish": true, "ageDescription": "8200 BP, 2000-2200 BP", "numTsunamiEvents": 0}}, {"type": "Feature", "id": "504", "geometry": {"type": "Point", "coordinates": [-9.0, 38.0]}, "properties": {"id": 504, "author": "Chester, D.K.", "year": "2001", "referenceId": 2850, "publicationType": 4, "event": "1755 Lisbon Earthquake & Tsunami", "geologicAgeId": 15, "yearBegin": 1755, "yearEnd": 1755, "locationName": "Lisbon, Portugal", "country": "PORTUGAL", "bodyOfWater": "Atlantic Ocean", "publish": true, "ageDescription": "1755", "numTsunamiEvents": 0}}, {"type": "Feature", "id": "505", "geometry": {"type": "Point", "coordinates": [178.0, -39.0]}, "properties": {"id": 505, "author": "Lowe, D.J. and W.P. de Lange", "year": "2000", "referenceId": 2870, "publicationType": 4, "event": "Taupo Eruption & 1883 Krakatau Eruption", "geologicAgeId": 15, "yearBegin": 200, "yearEnd": 1883, "locationName": "Abel Tasman National Park, New Zealand & Kaptai Island SW North Island", "country": "NEW ZEALAND", "bodyOfWater": "Pacific Ocean", "description": "volcanogenic meteorological tsunami", "environment": "Taupo Volcano, never reached the ocean", "publish": true, "ageDescription": "200, 1883", "numTsunamiEvents": 0}}, {"type": "Feature", "id": "506", "geometry": {"type": "Point", "coordinates": [175.5, -41.0]}, "properties": {"id": 506, "author": "Cochran, U., J. Goff, M. Hannah, and A. Hull", "year": "1999", "referenceId": 2852, "publicationType": 4, "event": "Tsunamis", "geologicAgeId": 15, "locationName": "Lake Kohangapiripiri, Wellington, New Zealand", "country": "NEW ZEALAND", "bodyOfWater": "Pacific Ocean", "description": "marine to fresh, 7000 yrs ago, barrier height, water depth", "environment": "lake, Lacustrine", "publish": true, "ageDescription": "Last 7000 years", "numTsunamiEvents": 0}}, {"type": "Feature", "id": "507", "geometry": {"type": "Point", "coordinates": [-126.0, 49.0]}, "properties": {"id": 507, "author": "Dawson, A.G. and S. Shi", "year": "2000", "referenceId": 4520, "publicationType": 4, "event": "Review", "geologicAgeId": 15, "locationName": "New South Wales, Australia; British Columbia, Canada; Washington, Vancouver, Japan, Storegga", "country": "CANADA", "bodyOfWater": "Pacific Ocean", "publish": true, "ageDescription": "Pleistocene", "numTsunamiEvents": 0}}, {"type": "Feature", "id": "508", "geometry": {"type": "Point", "coordinates": [18.1, 40.5]}, "properties": {"id": 508, "author": "De Martini, P.M., P. Burrato, D. Pantosti, A. Maramai, L. Graziani, and H. Abramson", "year": "2003", "referenceId": 2969, "publicationType": 4, "event": "1627 Gargano Earthquake & Tsunami", "geologicAgeId": 15, "yearBegin": 1627, "yearEnd": 1627, "locationName": "Southeast Italy", "country": "ITALY", "bodyOfWater": "Mediterranean Sea", "environment": "Marsh", "publish": true, "ageDescription": "1627", "numTsunamiEvents": 0}}, {"type": "Feature", "id": "509", "geometry": {"type": "Point", "coordinates": [25.5, 36.4]}, "properties": {"id": 509, "author": "Dominey-Howes, Dale T.M.", "year": "2004", "referenceId": 2855, "publicationType": 4, "event": "Santorini Eruption & Tsunami", "geologicAgeId": 15, "yearBegin": -1650, "yearEnd": -1490, "locationName": "East Mediterranean", "country": "GREECE", "bodyOfWater": "Mediterranean Sea", "environment": "coastal", "publish": true, "ageDescription": "3500 BP", "numTsunamiEvents": 0}}, {"type": "Feature", "id": "510", "geometry": {"type": "Point", "coordinates": [119.0, -21.0]}, "properties": {"id": 510, "author": "Glikson, Andrew Y.", "year": "2004", "referenceId": 2942, "publicationType": 4, "event": "Asteroid Impact", "geologicAgeId": 1, "locationName": "Pilbara Craton, Australia (west)", "country": "AUSTRALIA", "bodyOfWater": "Indian Ocean", "publish": true, "ageDescription": "3.47-2.47 Ga", "numTsunamiEvents": 0}}, {"type": "Feature", "id": "511", "geometry": {"type": "Point", "coordinates": [-126.0, 49.0]}, "properties": {"id": 511, "author": "Hughes, J.F., and R.W. Mathewes", "year": "2003", "referenceId": 2907, "publicationType": 4, "event": "Cascadia Earthquake", "geologicAgeId": 15, "yearBegin": 1700, "yearEnd": 1700, "locationName": "Tofino, British Columbia, Canada", "country": "CANADA", "bodyOfWater": "Pacific Ocean", "environment": "low marsh & muddy marsh plants", "publish": true, "ageDescription": "1700", "numTsunamiEvents": 0}}, {"type": "Feature", "id": "512", "geometry": {"type": "Point", "coordinates": [-75.0, 26.0]}, "properties": {"id": 512, "author": "Kelletat, D., A. Scheffers, and S. Scheffers", "year": "2004", "referenceId": 4521, "publicationType": 4, "event": "Tsunami deposits", "geologicAgeId": 15, "locationName": "Long and Eleuthera Islands, Bahamas", "country": "BAHAMAS", "bodyOfWater": "Caribbean Sea", "description": "Tsunami Impact from East", "publish": true, "ageDescription": "3000 BP", "numTsunamiEvents": 0}}, {"type": "Feature", "id": "513", "geometry": {"type": "Point", "coordinates": [-99.0, 24.0]}, "properties": {"id": 513, "author": "Koutsoukos, Eduardo A.M.", "year": "1998", "referenceId": 3052, "publicationType": 4, "event": "Chicxulub Impact", "geologicAgeId": 12, "locationName": "Mexico", "country": "MEXICO", "bodyOfWater": "Tethys", "description": "multiple Bolide Impact", "publish": true, "ageDescription": "Earliest Danian/Cret.", "numTsunamiEvents": 0}}, {"type": "Feature", "id": "514", "geometry": {"type": "Point", "coordinates": [-7.0, 37.0]}, "properties": {"id": 514, "author": "Luque, L., J. Lario, J. Civis, P.G. Silva, . Zazo, J.L. Goy, and C.J. Dabrio", "year": "2002", "referenceId": 2871, "publicationType": 4, "event": "1755 Lisbon Earthquake & Tsunami", "geologicAgeId": 15, "yearEnd": 1755, "locationName": "Gulf of Cadiz, Spain", "country": "SPAIN", "bodyOfWater": "Atlantic Ocean", "description": "wash over fan deposits on inland margin of ValdelagranaSpit bar", "publish": true, "ageDescription": "Last 2000 years; 1755", "numTsunamiEvents": 0}}, {"type": "Feature", "id": "515", "geometry": {"type": "Point", "coordinates": [25.5, 36.4]}, "properties": {"id": 515, "author": "McCoy, F.W and Heiken, G", "year": "2000", "referenceId": 2421, "publicationType": 4, "event": "Santorini Eruption & Tsunami", "geologicAgeId": 15, "yearBegin": -1650, "yearEnd": -1490, "locationName": "Santorini, Greece", "country": "GREECE", "bodyOfWater": "Mediterranean Sea", "publish": true, "ageDescription": "Late Bronze Age", "numTsunamiEvents": 0}}, {"type": "Feature", "id": "517", "geometry": {"type": "Point", "coordinates": [15.25, 38.75]}, "properties": {"id": 517, "author": "Tanner, L.H., and S. Calvari", "year": "2004", "referenceId": 2898, "publicationType": 4, "event": "Sciara del Fuoco Tsunami", "geologicAgeId": 15, "locationName": "Stromboli Volcano, Italy", "country": "ITALY", "bodyOfWater": "Mediterranean Sea", "description": "sector collapse", "publish": true, "ageDescription": "5000 BP", "numTsunamiEvents": 0}}, {"type": "Feature", "id": "518", "geometry": {"type": "Point", "coordinates": [-3.0, 56.4]}, "properties": {"id": 518, "author": "Tooley, M.J., and D.E. Smith", "year": "2005", "referenceId": 2892, "publicationType": 4, "event": "Storegga landslide", "geologicAgeId": 15, "locationName": "Cocklemill Burn, Fife, Scotland, UK", "country": "UK", "bodyOfWater": "Atlantic Ocean", "publish": true, "ageDescription": "Holocene", "numTsunamiEvents": 0}}, {"type": "Feature", "id": "519", "geometry": {"type": "Point", "coordinates": [-98.5, 22.0]}, "properties": {"id": 519, "author": "Tripsanas, E.K., W.R. Bryant, and B.A. Phaneuf", "year": "2004", "referenceId": 2893, "publicationType": 4, "event": "Turbidity currents", "geologicAgeId": 15, "locationName": "Gulf of Mexico (northwest)", "country": "MEXICO", "bodyOfWater": "Atlantic Ocean", "description": "sea tsunami deposit", "publish": true, "ageDescription": "28.6-29 ka", "numTsunamiEvents": 0}}, {"type": "Feature", "id": "520", "geometry": {"type": "Point", "coordinates": [-52.5, 46.5]}, "properties": {"id": 520, "author": "Tuttle, M.P., A. Ruffman, T. Anderson, J. Jeter", "year": "2004", "referenceId": 4522, "publicationType": 4, "event": "1929 Grand Banks Tsunami, 1991 Halloween storm", "geologicAgeId": 15, "yearBegin": 1929, "yearEnd": 1991, "locationName": "Grand Banks", "country": "CANADA", "bodyOfWater": "Atlantic Ocean", "description": "flood inland, washover deposits to 94m inland", "environment": "Lacustrine, Barrier beach bars & dunes", "publish": true, "ageDescription": "November 18, 1929, 1991", "numTsunamiEvents": 0}}, {"type": "Feature", "id": "521", "geometry": {"type": "Point", "coordinates": [-123.0, 48.0]}, "properties": {"id": 521, "author": "Williams, H.F.L., I. Hutchinson, and A.R. Nelson", "year": "2005", "referenceId": 2909, "publicationType": 4, "event": "Tsunami record", "geologicAgeId": 15, "yearEnd": 1700, "locationName": "Discovery Bay, Washington, USA", "country": "USA", "bodyOfWater": "Pacific Ocean", "description": "4 events in the last 2500 years, including 1700 Cascadia", "environment": "tidal marsh", "publish": true, "ageDescription": "2500 yr old", "numTsunamiEvents": 0}}, {"type": "Feature", "id": "522", "geometry": {"type": "Point", "coordinates": [-124.0, 45.0]}, "properties": {"id": 522, "author": "Losey, Robert J.", "year": "2005", "referenceId": 4926, "publicationType": 4, "event": "Impact earthquake and tsunami", "locationName": "Cascadia", "country": "USA", "bodyOfWater": "Pacific Ocean", "description": "Tsunami Risk", "environment": "coastal", "publish": true, "numTsunamiEvents": 0}}, {"type": "Feature", "id": "523", "geometry": {"type": "Point", "coordinates": [140.0, 43.0]}, "properties": {"id": 523, "author": "Nishimura, Yuichi, and Naomichi Miyaji", "year": "1995", "referenceId": 307, "publicationType": 4, "event": "1993 SW Hokkaido Earthquake & Tsunami, 1640 Hokkaido Eruption", "geologicAgeId": 15, "yearBegin": 1640, "yearEnd": 1993, "locationName": "Oshima Peninsula, Japan (north)", "country": "JAPAN", "bodyOfWater": "Pacific Ocean", "environment": "coastal", "publish": true, "ageDescription": "1993, 1640", "numTsunamiEvents": 0}}, {"type": "Feature", "id": "525", "geometry": {"type": "Point", "coordinates": [-90.0, 20.0]}, "properties": {"id": 525, "author": "Murillo-Muneton, Gustavo, J. Manuel Grajales-Nishimura, Esteban Cedillo-Pardo, Ricardo Martinez-Ibarra, Jesus Garcia-Hernandez, and Sergio Hernandez-Garcia", "year": "2002", "referenceId": 4782, "publicationType": 1, "event": "K/T Boundary Impact", "geologicAgeId": 13, "locationName": "Cantrell oil field, west margin of Yucatan Peninsula", "country": "MEXICO", "bodyOfWater": "Tethys", "description": "shallow marine to deep marine, breccia deposits on cont. slope", "environment": "deep water off continental margin", "publish": true, "ageDescription": "Cretaceous-Tertiary (K/T) Boundary", "numTsunamiEvents": 0}}, {"type": "Feature", "id": "526", "geometry": {"type": "Point", "coordinates": [122.5, -8.5]}, "properties": {"id": 526, "author": "Nakata, S.", "year": "1994", "referenceId": 4524, "publicationType": 4, "event": "1992 Flores Earthquake & Tsunami", "geologicAgeId": 15, "yearBegin": 1992, "yearEnd": 1992, "locationName": "Flores Island, Indonesia", "country": "INDONESIA", "bodyOfWater": "Indian Ocean", "publish": true, "ageDescription": "December 12, 1992", "numTsunamiEvents": 0}}, {"type": "Feature", "id": "527", "geometry": {"type": "Point", "coordinates": [-157.0, 20.7]}, "properties": {"id": 527, "author": "Grigg, Richard W. and Anthony T. Jones", "year": "1997", "referenceId": 2859, "publicationType": 4, "event": "Sea level change", "geologicAgeId": 15, "locationName": "Hawaii", "country": "USA", "bodyOfWater": "Pacific Ocean", "description": "wave-cut notches & wave eroded terraces", "environment": "coastal", "publish": true, "ageDescription": "Past 500 ka", "numTsunamiEvents": 0}}, {"type": "Feature", "id": "528", "geometry": {"type": "Point", "coordinates": [-9.7, 53.6]}, "properties": {"id": 528, "author": "Delaney, Catherine, and Robert Devoy", "year": "1995", "referenceId": 2919, "publicationType": 4, "event": "Changes in coastal environment", "geologicAgeId": 15, "locationName": "Ireland (west)", "country": "IRELAND", "bodyOfWater": "Pacific Ocean", "description": "overwash", "environment": "marsh, back barrier area", "publish": true, "ageDescription": "Late Holocene", "numTsunamiEvents": 0}}, {"type": "Feature", "id": "529", "geometry": {"type": "Point", "coordinates": [16.0, 42.0]}, "properties": {"id": 529, "author": "Tinti, Stefano and Cesare Vannini", "year": "1995", "referenceId": 3536, "publicationType": 4, "event": "Tsunamigenic Area", "geologicAgeId": 15, "locationName": "Gargano, Italy. Southern Adriatic", "country": "ITALY", "bodyOfWater": "Mediterranean Sea", "environment": "Apulia foreland", "publish": true, "ageDescription": "Quaternary Uplift", "numTsunamiEvents": 0}}, {"type": "Feature", "id": "530", "geometry": {"type": "Point", "coordinates": [-4.5, 50.75]}, "properties": {"id": 530, "author": "Dawson, A.G., R.M.W. Musson, I.D.L. Foster, and D. Brunsden", "year": "2000", "referenceId": 2853, "publicationType": 4, "event": "Sea surface fluxuation", "geologicAgeId": 15, "locationName": "England (southwest)", "country": "UK", "bodyOfWater": "Atlantic Ocean", "publish": true, "ageDescription": "Historic times", "numTsunamiEvents": 0}}, {"type": "Feature", "id": "531", "geometry": {"type": "Point", "coordinates": [43.0, 39.0]}, "properties": {"id": 531, "author": "Leroy, S., N. Kazanci, O. Ileri, M. Kibar, O. Emre, E. McGee, H.I. Griffiths", "year": "2002", "referenceId": 3195, "publicationType": 4, "event": "Seismites", "geologicAgeId": 15, "locationName": "Lake Mauyas, Turkey (southwest), Marmara Sea", "country": "TURKEY", "bodyOfWater": "Mediterranean Sea", "description": "seiche; shallowing, cracks, backswamp to open lacustrine", "publish": true, "ageDescription": "460 EQ, extends last 4300 years", "numTsunamiEvents": 0}}, {"type": "Feature", "id": "532", "geometry": {"type": "Point", "coordinates": [26.0, 37.0]}, "properties": {"id": 532, "author": "Dominey-Howes, Dale, Andew Cundy and Ian Croudace", "year": "2000", "referenceId": 2925, "publicationType": 4, "event": "1956 Aegean Sea Earthquake & Tsunami", "geologicAgeId": 15, "yearBegin": 1956, "yearEnd": 1956, "locationName": "Astypalaea Island, Greece", "country": "GREECE", "bodyOfWater": "Mediterranean Sea", "publish": true, "ageDescription": "July 9, 1956", "numTsunamiEvents": 0}}, {"type": "Feature", "id": "533", "geometry": {"type": "Point", "coordinates": [29.0, 41.0]}, "properties": {"id": 533, "author": "Yalciner, A.C., B. Alpar, Y. Altinok, I. Ozbay, and F. Imamura", "year": "2002", "referenceId": 4703, "publicationType": 4, "event": "1999 Turkey Earthquake & Tsunami", "geologicAgeId": 15, "yearBegin": 1999, "yearEnd": 1999, "locationName": "Sea of Marmara, Izmit Bay, Istanbul", "country": "TURKEY", "bodyOfWater": "Mediterranean Sea", "publish": true, "ageDescription": "August 1999", "numTsunamiEvents": 0}}, {"type": "Feature", "id": "534", "geometry": {"type": "Point", "coordinates": [12.0, 46.0]}, "properties": {"id": 534, "author": "Spalletta, Claudia and Gian Battista Vai", "year": "1984", "referenceId": 3013, "publicationType": 4, "event": "Seismites and turbidites", "geologicAgeId": 5, "locationName": "Carnic Alps, Italy (northeast)", "country": "ITALY", "bodyOfWater": "Mediterranean Sea", "environment": "shallow water debris", "publish": true, "ageDescription": "Devonian", "numTsunamiEvents": 0}}, {"type": "Feature", "id": "536", "geometry": {"type": "Point", "coordinates": [77.5, 33.0]}, "properties": {"id": 536, "author": "Mohindra, Rakesh and T.N. Bagati", "year": "1996", "referenceId": 2874, "publicationType": 4, "event": "Seismites", "geologicAgeId": 15, "yearBegin": 1975, "yearEnd": 1975, "locationName": "Tethys Himalaya, Himachal Pradesh, India", "country": "INDIA", "bodyOfWater": "Indian Ocean", "description": "cracks, ruptures", "environment": "fluvio-lacustrine", "publish": true, "ageDescription": "January 19, 1975", "numTsunamiEvents": 0}}, {"type": "Feature", "id": "537", "geometry": {"type": "Point", "coordinates": [176.7, -39.5]}, "properties": {"id": 537, "author": "Chague-Goff, C., S. Dawson, J.R. Goff, J. Zachariasen, K.R. Berryman, D.L. Garnett, H.M. Waldron, and D.C. Mildenhall", "year": "2002", "referenceId": 2849, "publicationType": 4, "event": "Hawkes Bay Tsunami", "geologicAgeId": 15, "locationName": "Hawke's Bay, New Zealand", "country": "NEW ZEALAND", "bodyOfWater": "Pacific Ocean", "description": "Lacustrine to marine, flooded inland", "environment": "Lagoon, estuarine", "publish": true, "ageDescription": "6300BP", "numTsunamiEvents": 0}}, {"type": "Feature", "id": "539", "geometry": {"type": "Point", "coordinates": [70.0, 23.0]}, "properties": {"id": 539, "author": "Seth, Ashoke, Subir Sarkar, and Pradip K. Bose", "year": "1990", "referenceId": 2974, "publicationType": 4, "event": "Seismites", "locationName": "Katrol Formation, Kutch, India", "country": "INDIA", "bodyOfWater": "Indian Ocean", "description": "Earthquake lower submarine far complex", "environment": "basin", "publish": true, "numTsunamiEvents": 0}}, {"type": "Feature", "id": "540", "geometry": {"type": "Point", "coordinates": [-9.0, 38.0]}, "properties": {"id": 540, "author": "Kleverlaan, Kick", "year": "1987", "referenceId": 3012, "publicationType": 4, "event": "Seismites and turbidites", "geologicAgeId": 14, "locationName": "Tabernas basin, Province Almeria, SE Spain", "country": "SPAIN", "bodyOfWater": "Atlantic Ocean", "description": "gordo megabeds", "environment": "basin-plain & fan-lobe deposits", "publish": true, "ageDescription": "Tortonian", "numTsunamiEvents": 0}}, {"type": "Feature", "id": "541", "geometry": {"type": "Point", "coordinates": [77.0, 42.5]}, "properties": {"id": 541, "author": "Bowman, Dan, Andrey Korjenkov, and Naomi Porat", "year": "2004", "referenceId": 4585, "publicationType": 4, "event": "Seismites", "geologicAgeId": 15, "locationName": "Lake Issyk-kul, Kyrgyzstan", "country": "KYRGYZSTAN", "bodyOfWater": "Inland waterway", "publish": true, "ageDescription": "Late Pleistocene", "numTsunamiEvents": 0}}, {"type": "Feature", "id": "542", "geometry": {"type": "Point", "coordinates": [-9.0, 38.5]}, "properties": {"id": 542, "author": "Kullberg, J.C., F. Oloriz, B. Marques, P.S. Caetano, and R.B. Rocha", "year": "2001", "referenceId": 2869, "publicationType": 4, "event": "Seismites", "geologicAgeId": 10, "locationName": "Lustitanian Basin, Portugal", "country": "PORTUGAL", "bodyOfWater": "Atlantic Ocean", "description": "submarine mass movement", "environment": "basin", "publish": true, "ageDescription": "Early Jurassic, Lower Toarcian", "numTsunamiEvents": 0}}, {"type": "Feature", "id": "543", "geometry": {"type": "Point", "coordinates": [-1.5, 38.5]}, "properties": {"id": 543, "author": "Rodriguez-Pascua, M.A., G. De Vicente, J.P. Calvo, and R. Perez-Lopez", "year": "2003", "referenceId": 2883, "publicationType": 4, "event": "Paleoseismites", "geologicAgeId": 14, "locationName": "Spain, Betic Chain", "country": "SPAIN", "bodyOfWater": "Atlantic Ocean", "description": "faulting", "environment": "3 Lacustrine basins", "publish": true, "ageDescription": "Late miocene", "numTsunamiEvents": 0}}, {"type": "Feature", "id": "545", "geometry": {"type": "Point", "coordinates": [-97.0, 31.25]}, "properties": {"id": 545, "author": "Hansen, Thor A., Patricia H. Kelley, and David M. Haasl", "year": "2004", "referenceId": 4772, "publicationType": 4, "event": "K/T Boundary Impact", "geologicAgeId": 13, "locationName": "Brazos River, Texas, USA", "country": "USA", "bodyOfWater": "Tethys", "environment": "middle shelf environments", "publish": true, "ageDescription": "Cretaceous-Tertiary (K/T) Boundary", "numTsunamiEvents": 0}}, {"type": "Feature", "id": "546", "geometry": {"type": "Point", "coordinates": [138.0, 38.0]}, "properties": {"id": 546, "author": "Nakajima, T., and Y. Kanai", "year": "2000", "referenceId": 2876, "publicationType": 4, "event": "Seismites and turbidites", "geologicAgeId": 15, "yearBegin": 1983, "yearEnd": 1983, "locationName": "Japan Sea", "country": "JAPAN", "bodyOfWater": "Pacific Ocean", "description": "landslide tsunami; mass failures; amalgamated", "environment": "semi-enclosed basin", "publish": true, "ageDescription": "May 26, 1983", "numTsunamiEvents": 0}}, {"type": "Feature", "id": "547", "geometry": {"type": "Point", "coordinates": [-114.5, 30.0]}, "properties": {"id": 547, "author": "Gorsline, D.S., T. De Diego, and E.H. Nava-Sanchez", "year": "2000", "referenceId": 2858, "publicationType": 4, "event": "Seismites and turbidites", "geologicAgeId": 15, "locationName": "Alfonso Basin & Santa Monica, Gulf of California, USA", "country": "USA", "bodyOfWater": "Pacific Ocean", "environment": "basin", "publish": true, "ageDescription": "Last few millennia", "numTsunamiEvents": 0}}, {"type": "Feature", "id": "548", "geometry": {"type": "Point", "coordinates": [136.0, 35.0]}, "properties": {"id": 548, "author": "Shiki, t., F. Kumon, Y. Inouchi, Y. Kontani, T. Sakamoto, M. Tateishi, H. Matsubara, and K. Fukuyama.", "year": "2000", "referenceId": 2887, "publicationType": 4, "event": "Seismites and turbidites", "locationName": "Lake Biwa, Japan", "country": "JAPAN", "bodyOfWater": "Inland waterway", "environment": "at the foot of the steep slope of the half graben", "publish": true, "numTsunamiEvents": 0}}, {"type": "Feature", "id": "549", "geometry": {"type": "Point", "coordinates": [-8.5, 37.5]}, "properties": {"id": 549, "author": "Alegret, L., and E. Thomas", "year": "2005", "referenceId": 4750, "publicationType": 4, "event": "K/T Boundary Impact", "geologicAgeId": 13, "locationName": "Agost (SE Spain)", "country": "SPAIN", "bodyOfWater": "Tethys", "publish": true, "ageDescription": "Cretaceous-Tertiary (K/T) Boundary", "numTsunamiEvents": 0}}, {"type": "Feature", "id": "550", "geometry": {"type": "Point", "coordinates": [-76.0, 30.0]}, "properties": {"id": 550, "author": "Alegret, L., and E. Thomas", "year": "2005", "referenceId": 4750, "publicationType": 4, "event": "K/T Boundary Impact", "geologicAgeId": 13, "locationName": "ODP Site 1049C, Blake Nose NW Atlantic", "country": "USA", "bodyOfWater": "Tethys", "description": "shallow reworked material in deep water", "environment": "submarine", "publish": true, "ageDescription": "Cretaceous-Tertiary (K/T) Boundary", "numTsunamiEvents": 0}}, {"type": "Feature", "id": "551", "geometry": {"type": "Point", "coordinates": [27.0, 40.0]}, "properties": {"id": 551, "author": "Rebesco, M., B.D. Vedova, L. Cernobori, and G. Aloisi", "year": "2000", "referenceId": 2881, "publicationType": 4, "event": "Megaturbidites", "geologicAgeId": 15, "locationName": "East Mediterranean", "country": "GREECE", "bodyOfWater": "Mediterranean Sea", "environment": "Abyssal Plain, deep sea", "publish": true, "ageDescription": "Holocene", "numTsunamiEvents": 0}}, {"type": "Feature", "id": "552", "geometry": {"type": "Point", "coordinates": [-61.0, 14.0]}, "properties": {"id": 552, "author": "Scheffers, Anja, Sander Scheffers, and Dieter Kelletat", "year": "2005", "referenceId": 4895, "publicationType": 4, "event": "Paleotsunami", "geologicAgeId": 15, "locationName": "Grenada, St. Lucia, Guadaloupe, Antilles Island Arc", "country": "UNKNOWN", "bodyOfWater": "Caribbean Sea", "description": "volcanic", "publish": true, "ageDescription": "3500, 1500, 450-500 BP", "numTsunamiEvents": 0}}, {"type": "Feature", "id": "553", "geometry": {"type": "Point", "coordinates": [-61.0, 14.0]}, "properties": {"id": 553, "author": "Scheffers, Anja, Sander Scheffers, and Dieter Kelletat", "year": "2005", "referenceId": 4895, "publicationType": 4, "event": "Paleotsunami", "geologicAgeId": 15, "locationName": "St. Lucia Island, Antilles Island Arc", "country": "SAINT LUCIA", "bodyOfWater": "Caribbean Sea", "description": "volcanic", "publish": true, "ageDescription": "Middle Pleistocene", "numTsunamiEvents": 0}}, {"type": "Feature", "id": "554", "geometry": {"type": "Point", "coordinates": [-61.75, 12.0]}, "properties": {"id": 554, "author": "Scheffers, Anja, Sander Scheffers, and Dieter Kelletat", "year": "2005", "referenceId": 4895, "publicationType": 4, "event": "Paleotsunami", "locationName": "Grenada-1)Victoria 2) Halifax Harbor Antilles Island Arc", "country": "UNKNOWN", "bodyOfWater": "Caribbean Sea", "description": "volcanic", "publish": true, "numTsunamiEvents": 0}}, {"type": "Feature", "id": "555", "geometry": {"type": "Point", "coordinates": [-62.0, 16.0]}, "properties": {"id": 555, "author": "Scheffers, Anja, Sander Scheffers, and Dieter Kelletat", "year": "2005", "referenceId": 4895, "publicationType": 4, "event": "Paleotsunami", "locationName": "Guadeloupe Island, Antilles Island Arc", "country": "GUADELOUPE", "bodyOfWater": "Caribbean Sea", "description": "volcanic", "publish": true, "numTsunamiEvents": 0}}, {"type": "Feature", "id": "558", "geometry": {"type": "Point", "coordinates": [-90.0, 37.0]}, "properties": {"id": 558, "author": "Lee, Thomas, Carl Campbell, and Rick Poropat", "year": "2004", "referenceId": 4775, "publicationType": 1, "event": "K/T Boundary Impact", "geologicAgeId": 13, "locationName": "Stoddard County, SE Missouri, USA", "country": "USA", "bodyOfWater": "Tethys", "publish": true, "ageDescription": "Cretaceous-Tertiary (K/T) Boundary", "numTsunamiEvents": 0}}, {"type": "Feature", "id": "560", "geometry": {"type": "Point", "coordinates": [-156.9, 20.7]}, "properties": {"id": 560, "author": "Moore, George W. and James G. Moore", "year": "1988", "referenceId": 3309, "publicationType": 4, "event": "Hypothetical landslide tsunami", "geologicAgeId": 15, "locationName": "Lanai, Hawaii", "country": "USA", "bodyOfWater": "Pacific Ocean", "description": "branching dunelike gravel ridges, asymmetric", "environment": "cliff", "publish": true, "ageDescription": "108, 101, 134 ka", "numTsunamiEvents": 0}}, {"type": "Feature", "id": "561", "geometry": {"type": "Point", "coordinates": [-76.0, 38.0]}, "properties": {"id": 561, "author": "McHugh, Cecilia M.G., Scott W. Snyder, and Kenneth G. Miller", "year": "1998", "referenceId": 3137, "publicationType": 4, "event": "Chesapeake Bay Impact Crater", "geologicAgeId": 14, "locationName": "New Jersey Continental Margin, USA", "country": "USA", "bodyOfWater": "Atlantic Ocean", "environment": "Bay", "publish": true, "ageDescription": "Late Eocene", "numTsunamiEvents": 0}}, {"type": "Feature", "id": "562", "geometry": {"type": "Point", "coordinates": [-119.1, 39.1]}, "properties": {"id": 562, "author": "Schweickert, R.A., J.G. Moore, M.M. Lahren, C. Lopez, J.F. Howle, C. Kitts, and J. Ota", "year": "2005", "referenceId": 5065, "publicationType": 1, "event": "Mega-Landslide", "geologicAgeId": 14, "locationName": "Lake Tahoe, McKinney Bay, California, USA", "country": "USA", "bodyOfWater": "Inland waterway", "description": "underwater deposits in lake, glacial moraines removed", "environment": "cliff, lake", "publish": true, "ageDescription": "Post Pliocene", "numTsunamiEvents": 0}}, {"type": "Feature", "id": "563", "geometry": {"type": "Point", "coordinates": [-110.5, 37.7]}, "properties": {"id": 563, "author": "Fandrich, Joe W.", "year": "2006", "referenceId": 4906, "publicationType": 1, "event": "Impact tsunami", "geologicAgeId": 8, "locationName": "White Canyon, Utah (east-central), USA", "country": "USA", "bodyOfWater": "Panthalassa Sea, West of Pangea", "publish": true, "ageDescription": "Permian/Triassic Boundary", "numTsunamiEvents": 0}}, {"type": "Feature", "id": "565", "geometry": {"type": "Point", "coordinates": [-124.0, 46.0]}, "properties": {"id": 565, "author": "Vanderburgh, Sandy, Harry M. Jol, Curt D. Peterson", "year": "2001", "referenceId": 4990, "publicationType": 1, "event": "Sediments in river estuaries", "geologicAgeId": 15, "locationName": "William Bay, Grays Harbour, Columbia River Estuary, Washington, USA", "country": "USA", "bodyOfWater": "Pacific Ocean", "environment": "bays & estuaries", "publish": true, "ageDescription": "Late Holocene", "numTsunamiEvents": 0}}, {"type": "Feature", "id": "566", "geometry": {"type": "Point", "coordinates": [-69.0, -29.0]}, "properties": {"id": 566, "author": "Pratt, Brian R. and Osvaldo L. Bordonaro", "year": "2007", "referenceId": 4932, "publicationType": 4, "event": "Storm versus tsunami", "geologicAgeId": 2, "locationName": "La Laja Formation, Argentina (west)", "country": "ARGENTINA", "bodyOfWater": "Tethys", "environment": "Continental shelf in Epeiric Sea, 10m depth", "publish": true, "ageDescription": "Middle Cambrian", "numTsunamiEvents": 0}}, {"type": "Feature", "id": "568", "geometry": {"type": "Point", "coordinates": [-124.0, 44.0]}, "properties": {"id": 568, "author": "Nelson, Alan R.", "year": "2006", "referenceId": 4989, "publicationType": 1, "event": "Cascadia Earthquake", "geologicAgeId": 15, "locationName": "Alsea Bay, Oregon, USA", "country": "USA", "bodyOfWater": "Pacific Ocean", "environment": "Tidal wetlands", "publish": true, "ageDescription": "Holocene", "numTsunamiEvents": 0}}, {"type": "Feature", "id": "569", "geometry": {"type": "Point", "coordinates": [174.8, -36.5]}, "properties": {"id": 569, "author": "Dewey, J.", "year": "2006", "referenceId": 4742, "publicationType": 1, "event": "Mega surge & retreat", "geologicAgeId": 14, "locationName": "Cape Rodney to Kawau Island, New Zealand (north)", "country": "NEW ZEALAND", "bodyOfWater": "Pacific Ocean", "description": "megaboulders", "environment": "rocky foreshore", "publish": true, "ageDescription": "Miocene", "numTsunamiEvents": 0}}, {"type": "Feature", "id": "573", "geometry": {"type": "Point", "coordinates": [-115.0, 38.0]}, "properties": {"id": 573, "author": "Morrow, Jared R., and Charles A. Sandberg", "year": "2002", "referenceId": 4903, "publicationType": 1, "event": "Alamo Impact Event", "geologicAgeId": 5, "locationName": "Nye County, S. Central Nevada, USA", "country": "USA", "bodyOfWater": "Epicontinental Sea", "environment": "intertidal to shallow subtidal", "publish": true, "ageDescription": "Early-Late Devonian", "numTsunamiEvents": 0}}, {"type": "Feature", "id": "575", "geometry": {"type": "Point", "coordinates": [126.64, 7.239]}, "properties": {"id": 575, "author": "Besana, Glenda M., Masataka Ando, and Ma. Hannah Mirabueno", "year": "2004", "referenceId": 2946, "publicationType": 4, "event": "1992 Philippine Earthquake & Tsunami", "geologicAgeId": 15, "yearBegin": 1992, "yearEnd": 1992, "locationName": "Mindanao Islands, Philippines", "country": "PHILIPPINES", "bodyOfWater": "Pacific Ocean", "description": "coastal plain erosion", "environment": "coastal", "publish": true, "ageDescription": "May 1992", "numTsunamiEvents": 0}}, {"type": "Feature", "id": "577", "geometry": {"type": "Point", "coordinates": [-153.5, 59.0]}, "properties": {"id": 577, "author": "Waythomas, Christopher F.", "year": "2000", "referenceId": 2423, "publicationType": 4, "event": "Augustine Eruption", "geologicAgeId": 15, "yearBegin": 1883, "yearEnd": 1883, "locationName": "Burr Point and West Island, Alaska, USA", "country": "USA", "bodyOfWater": "Pacific Ocean", "description": "volcano debris avalanches", "publish": true, "ageDescription": "October 6, 1883", "numTsunamiEvents": 0}}, {"type": "Feature", "id": "578", "geometry": {"type": "Point", "coordinates": [-104.0, 19.0]}, "properties": {"id": 578, "author": "Borrero, Jose, Modesto Ortiz, Vasily Titov, and Costas Synolakis", "year": "1997", "referenceId": 47, "publicationType": 4, "event": "Earthquake and tsunami", "geologicAgeId": 15, "yearBegin": 1995, "yearEnd": 1995, "locationName": "Mexico between Jalisco and Colima, Manzanillo", "country": "MEXICO", "bodyOfWater": "Pacific Ocean", "description": "beach width reduced 20m", "environment": "sandy beach for 50 km", "publish": true, "ageDescription": "October 9, 1995", "numTsunamiEvents": 0}}, {"type": "Feature", "id": "579", "geometry": {"type": "Point", "coordinates": [-124.0, 43.0]}, "properties": {"id": 579, "author": "Hemphill-Haley, Eileen", "year": "1996", "referenceId": 2924, "publicationType": 4, "event": "3 events in past 1700 yrs", "geologicAgeId": 15, "yearEnd": 1964, "locationName": "Cascadia: Washington, Oregon and British Columbia, Canada", "country": "USA", "bodyOfWater": "Pacific Ocean", "environment": "marsh, sandy shoals low estuary", "publish": true, "ageDescription": "Last 300 years and 1964", "numTsunamiEvents": 0}}, {"type": "Feature", "id": "580", "geometry": {"type": "Point", "coordinates": [25.0, 35.0]}, "properties": {"id": 580, "author": "Dominey-Howes, Dale, A. Dawson, and D. Smith", "year": "1998", "referenceId": 2998, "publicationType": 4, "event": "Uplift", "geologicAgeId": 15, "yearBegin": -662, "yearEnd": 66, "locationName": "Falasarna Harbour, Crete, Greece", "country": "GREECE", "bodyOfWater": "Mediterranean Sea", "publish": true, "ageDescription": "662 BC to AD 66", "numTsunamiEvents": 0}}, {"type": "Feature", "id": "581", "geometry": {"type": "Point", "coordinates": [-0.5, 49.5]}, "properties": {"id": 581, "author": "Dugue, Olivier", "year": "1995", "referenceId": 4588, "publicationType": 4, "event": "Earthquake Liquefaction along recurrent faults", "geologicAgeId": 10, "locationName": "Normandy Coast, France", "country": "FRANCE", "bodyOfWater": "Atlantic Ocean", "description": "synsedimentary deformation", "environment": "redtricted subtidal depression", "publish": true, "ageDescription": "Jurassic", "numTsunamiEvents": 0}}, {"type": "Feature", "id": "582", "geometry": {"type": "Point", "coordinates": [100.0, 5.0]}, "properties": {"id": 582, "author": "Yalciner, A. C., Ghazali N. H., Abd Wahab A. K.", "year": "2005", "referenceId": 2019, "publicationType": 4, "event": "2004 Indian Ocean Earthquake & Tsunami", "geologicAgeId": 15, "yearBegin": 2004, "yearEnd": 2004, "locationName": "Malaysia Coast", "country": "MALAYSIA", "bodyOfWater": "Indian Ocean", "publish": true, "ageDescription": "December 26, 2004", "numTsunamiEvents": 0}}, {"type": "Feature", "id": "583", "geometry": {"type": "Point", "coordinates": [-62.0, 16.5]}, "properties": {"id": 583, "author": "Edmonds, Marie", "year": "2004", "referenceId": 2996, "publicationType": 1, "event": "Volcano Montserrat Lava Dome Collapse", "geologicAgeId": 15, "yearBegin": 2003, "yearEnd": 2003, "locationName": "Soufriere Hills, West Indies", "country": "MONTSERRAT", "bodyOfWater": "Caribbean Sea", "description": "when flow hit water 3 lobes went inland", "publish": true, "ageDescription": "July 12-13, 2003", "numTsunamiEvents": 0}}, {"type": "Feature", "id": "584", "geometry": {"type": "Point", "coordinates": [-124.3, 43.0]}, "properties": {"id": 584, "author": "Ollerhead, Jeff, D.J. Huntley, Alan R. Nelson, and Harvey M. Kelsey", "year": "2001", "referenceId": 2918, "publicationType": 4, "event": "17 events", "geologicAgeId": 15, "locationName": "Bradley Lake, 30 km North Cape Blanco, Oregon, USA", "country": "USA", "bodyOfWater": "Inland waterway", "description": "flooding inland; disturbances back 7300yrs", "environment": "Lake", "publish": true, "ageDescription": "3.1 and 4.3 ka", "numTsunamiEvents": 0}}, {"type": "Feature", "id": "585", "geometry": {"type": "Point", "coordinates": [-124.0, 43.0]}, "properties": {"id": 585, "author": "Jacoby, Gordon C., Daniel E. Bunker, and Boyd E. Benson", "year": "1997", "referenceId": 2866, "publicationType": 4, "event": "Cascadia Earthquake", "geologicAgeId": 15, "yearBegin": 1700, "yearEnd": 1700, "locationName": "Washington and Oregon, USA", "country": "USA", "bodyOfWater": "Pacific Ocean", "publish": true, "ageDescription": "1700 Historic", "numTsunamiEvents": 0}}, {"type": "Feature", "id": "586", "geometry": {"type": "Point", "coordinates": [-87.0, 11.0]}, "properties": {"id": 586, "author": "Abe, K., Y. Tsuji, F. Imamura, H. Katao, and H. Yoshihi", "year": "1993", "referenceId": 4589, "publicationType": 4, "event": "1992 Nicaragua Earthquake & Tsunami", "geologicAgeId": 15, "yearBegin": 1993, "yearEnd": 1993, "locationName": "Nicaragua", "country": "NICARAGUA", "bodyOfWater": "Pacific Ocean", "description": "induced coastal landslides, overtopped & destroyed sand dunes", "publish": true, "ageDescription": "September 1992", "numTsunamiEvents": 0}}, {"type": "Feature", "id": "588", "geometry": {"type": "Point", "coordinates": [-122.25, 47.55]}, "properties": {"id": 588, "author": "Atwater, Brian F., Andrew L. Moore", "year": "1992", "referenceId": 3256, "publicationType": 4, "event": "Tsunamis", "geologicAgeId": 15, "locationName": "Puget Sound, Washington, USA", "country": "USA", "bodyOfWater": "Pacific Ocean", "description": "ignores topography, triggered landslide", "environment": "tidal flat, marsh", "publish": true, "ageDescription": "Last 1000 years", "numTsunamiEvents": 0}}, {"type": "Feature", "id": "589", "geometry": {"type": "Point", "coordinates": [-123.0, 48.0]}, "properties": {"id": 589, "author": "Bucknam, Robert, Eileen Hemphill-Haley, Estella Leopold", "year": "1992", "referenceId": 4591, "publicationType": 4, "event": "Cascadia Earthquake", "geologicAgeId": 15, "yearEnd": 1700, "locationName": "Puget Sound, Washington, USA", "country": "USA", "bodyOfWater": "Pacific Ocean", "description": "uplift wave platforms", "environment": "marsh", "publish": true, "ageDescription": "Last 1700 years", "numTsunamiEvents": 0}}, {"type": "Feature", "id": "590", "geometry": {"type": "Point", "coordinates": [-122.15, 47.4]}, "properties": {"id": 590, "author": "Karlin, Robert E., Sally Abella", "year": "1992", "referenceId": 4592, "publicationType": 4, "event": "Earthquake", "geologicAgeId": 15, "locationName": "Lake Washington, Washington, USA", "country": "USA", "bodyOfWater": "Pacific Ocean", "description": "submerged, block fault landslides", "environment": "lake", "publish": true, "ageDescription": "Last 1100 years", "numTsunamiEvents": 0}}, {"type": "Feature", "id": "591", "geometry": {"type": "Point", "coordinates": [78.0, 30.0]}, "properties": {"id": 591, "author": "Anand, Arvind, and A.K. Jain", "year": "1987", "referenceId": 4593, "publicationType": 4, "event": "Tectonic earthquake", "geologicAgeId": 15, "locationName": "Himalayan-Andaman Arc", "country": "INDIA", "bodyOfWater": "Indian Ocean", "description": "load slumping", "publish": true, "ageDescription": "Holocene", "numTsunamiEvents": 0}}, {"type": "Feature", "id": "592", "geometry": {"type": "Point", "coordinates": [-8.5, 37.5]}, "properties": {"id": 592, "author": "Andrade, C.", "year": "1992", "referenceId": 2768, "publicationType": 4, "event": "1755 Lisbon Earthquake & Tsunami", "geologicAgeId": 15, "yearBegin": 1755, "yearEnd": 1755, "locationName": "Algarve Barrier Islands, South Portugal", "country": "PORTUGAL", "bodyOfWater": "Atlantic Ocean", "description": "washover, reorganization of tidal drainage", "environment": "extremely damaged the barrier chain of dunes", "publish": true, "ageDescription": "1755", "numTsunamiEvents": 0}}, {"type": "Feature", "id": "595", "geometry": {"type": "Point", "coordinates": [-124.75, 40.75]}, "properties": {"id": 595, "author": "Clarke, Samuel H., Jr., and Gary A. Carver", "year": "1992", "referenceId": 4981, "publicationType": 4, "event": "Cascadia Earthquake", "geologicAgeId": 15, "yearBegin": 1700, "yearEnd": 1700, "locationName": "Humboldt Bay, Northern California, USA", "country": "USA", "bodyOfWater": "Pacific Ocean", "description": "sudden uplift of terraces, 1-3m", "environment": "marsh", "publish": true, "ageDescription": "1700", "numTsunamiEvents": 0}}, {"type": "Feature", "id": "596", "geometry": {"type": "Point", "coordinates": [140.0, 36.0]}, "properties": {"id": 596, "author": "Satake, Kenji, Kunihiko Shimazaki, Yoshinobu Tsuji, Kazue Ueda", "year": "1996", "referenceId": 2654, "publicationType": 4, "event": "1700 Earthquake & Tsunami", "geologicAgeId": 15, "yearBegin": 1700, "yearEnd": 1700, "locationName": "Japan", "country": "JAPAN", "bodyOfWater": "Pacific Ocean", "description": "Flooding", "environment": "Coastal", "publish": true, "ageDescription": "January  26, 1700", "numTsunamiEvents": 0}}, {"type": "Feature", "id": "597", "geometry": {"type": "Point", "coordinates": [43.0, 71.0]}, "properties": {"id": 597, "author": "Dypvik, Henning , Pal T. Sandbakken, George Postma, and Atle Mork", "year": "2004", "referenceId": 3192, "publicationType": 4, "event": "Mjolnir Impact; Landslide with debris flow and turbidites", "geologicAgeId": 10, "locationName": "Barents Sea", "country": "RUSSIA", "bodyOfWater": "Arctic Ocean", "description": "extreme sediment reworking, crater 40m across", "environment": "Epicontinental shelf (shelf 300-500m), anoxic clays", "publish": true, "ageDescription": "Late Jurassic", "numTsunamiEvents": 0}}, {"type": "Feature", "id": "600", "geometry": {"type": "Point", "coordinates": [-78.0, 2.0]}, "properties": {"id": 600, "author": "Herd, Darrell G., T. Yeslie Youd, Hansjurgen Meyer, Jorge Luis Arango C., Waverly J. Person, Carlos Mendoza", "year": "1981", "referenceId": 3564, "publicationType": 4, "event": "1979 Tumaco, Columbia Earthquake & Tsunami", "geologicAgeId": 15, "yearBegin": 1979, "yearEnd": 1979, "locationName": "Tumaco, Colombia", "country": "COLOMBIA", "bodyOfWater": "Pacific Ocean", "description": "Overtopped the barrier island", "publish": true, "ageDescription": "December 12, 1979", "numTsunamiEvents": 0}}, {"type": "Feature", "id": "601", "geometry": {"type": "Point", "coordinates": [-124.0, 48.0]}, "properties": {"id": 601, "author": "Hamilton, T.S., and S.O. Wigen", "year": "1987", "referenceId": 4892, "publicationType": 4, "event": "Prehistoric submarine landslides & tsunami", "geologicAgeId": 15, "locationName": "Georgia Strait, Fraser Delta, Alaska, USA", "country": "USA", "bodyOfWater": "Pacific Ocean", "description": "shallowing, lacustrine to marine", "environment": "delta", "publish": true, "ageDescription": "Glacial & nonglacial, Plio-Pleistocene", "numTsunamiEvents": 0}}, {"type": "Feature", "id": "602", "geometry": {"type": "Point", "coordinates": [147.35, 43.5]}, "properties": {"id": 602, "author": "Yeh, Harry, Vasily Titov, Viacheslav Gusiakov, Efim Pelinovsky, Vasily Khramushin, and Victor Kaistrenko", "year": "1995", "referenceId": 487, "publicationType": 4, "event": "1994 Shikotan Earthquake", "geologicAgeId": 15, "yearBegin": 1994, "yearEnd": 1994, "locationName": "Shikotan Island, Japan", "country": "JAPAN", "bodyOfWater": "Pacific Ocean", "description": "deepening, 53 cm of subsidence", "publish": true, "ageDescription": "October 4, 1994", "numTsunamiEvents": 0}}, {"type": "Feature", "id": "603", "geometry": {"type": "Point", "coordinates": [119.0, -21.0]}, "properties": {"id": 603, "author": "Glikson, Andrew Y.", "year": "2005", "referenceId": 3166, "publicationType": 4, "event": "Impact", "geologicAgeId": 1, "locationName": "Pilbara Craton, Australia (west)", "country": "AUSTRALIA", "bodyOfWater": "Epicontinental Sea", "description": "deepening, shallow marine to deep marine", "environment": "submarine", "publish": true, "ageDescription": "Precambrian", "numTsunamiEvents": 0}}, {"type": "Feature", "id": "604", "geometry": {"type": "Point", "coordinates": [56.0, 38.5]}, "properties": {"id": 604, "author": "Meisel, Thomas, Kraehenbuehl, Urs and Nazarov, Michael A.", "year": "1995", "referenceId": 4600, "publicationType": 4, "event": "K/T Boundary Impact", "geologicAgeId": 13, "locationName": "Sumbar, Turkmenistan", "country": "TURKMENISTAN", "bodyOfWater": "Tethys", "description": "terrestrial deposits carried into sea", "environment": "ocean basin", "publish": true, "ageDescription": "Cretaceous-Tertiary (K/T) Boundary", "numTsunamiEvents": 0}}, {"type": "Feature", "id": "605", "geometry": {"type": "Point", "coordinates": [122.8, -16.4]}, "properties": {"id": 605, "author": "Nott, Jonathan, and Edward Bryant", "year": "2003", "referenceId": 3175, "publicationType": 4, "event": "Storm versus tsunami", "geologicAgeId": 15, "locationName": "Australia (west coast)", "country": "AUSTRALIA", "bodyOfWater": "Indian Ocean", "description": "marine inundation; cliffs caved in, eroded 2,000-4,000 m3 of sand", "environment": "coastal", "publish": true, "ageDescription": "Past millennium", "numTsunamiEvents": 0}}, {"type": "Feature", "id": "606", "geometry": {"type": "Point", "coordinates": [96.0, 5.2]}, "properties": {"id": 606, "author": "Borrero, Jose C.", "year": "2005", "referenceId": 4601, "publicationType": 4, "event": "2004 Indian Ocean Earthquake & Tsunami", "geologicAgeId": 15, "yearBegin": 2004, "yearEnd": 2004, "locationName": "Banda Aceh, Sumatra", "country": "INDONESIA", "bodyOfWater": "Indian Ocean", "description": "remote sensing and tsunami survey analysis", "environment": "coastal", "publish": true, "ageDescription": "December 26, 2004", "numTsunamiEvents": 0}}, {"type": "Feature", "id": "607", "geometry": {"type": "Point", "coordinates": [140.0, 42.0]}, "properties": {"id": 607, "author": "Shimamoto, Toshihiko, Akito Tsutsumi, Eiko Kawamoto, Masahiro Miyawaki, and Hiroshi Sato", "year": "1995", "referenceId": 391, "publicationType": 4, "event": "1993 SW Hokkaido Earthquake & Tsunami", "geologicAgeId": 15, "yearBegin": 1993, "yearEnd": 1993, "locationName": "Okushiri Island (southwest coast), Hokkaido", "country": "JAPAN", "bodyOfWater": "Pacific Ocean", "environment": "coastal with rivers", "publish": true, "ageDescription": "July 12, 1993", "numTsunamiEvents": 0}}, {"type": "Feature", "id": "608", "geometry": {"type": "Point", "coordinates": [94.0, 10.0]}, "properties": {"id": 608, "author": "Pennisi, E.", "year": "2005", "referenceId": 4287, "publicationType": 4, "event": "2004 Indian Ocean Earthquake & Tsunami", "geologicAgeId": 15, "yearBegin": 2004, "yearEnd": 2004, "locationName": "Andaman Sea, Thailand (west)", "country": "THAILAND", "bodyOfWater": "Indian Ocean", "description": "impact on reefs; deposits drape topography, shallow marine", "publish": true, "ageDescription": "December 26, 2004", "numTsunamiEvents": 0}}, {"type": "Feature", "id": "609", "geometry": {"type": "Point", "coordinates": [25.0, 34.0]}, "properties": {"id": 609, "author": "Troelstra, S.R.", "year": "1987", "referenceId": 4603, "publicationType": 4, "event": "Santorini Eruption & Tsunami", "geologicAgeId": 15, "yearBegin": -1650, "yearEnd": -1490, "locationName": "Tyro & Kretheus Basins, Crete (southeast)", "country": "GREECE", "bodyOfWater": "Mediterranean Sea", "description": "massive homogenite units filling basin, deepening", "environment": "submarine landslide", "publish": true, "ageDescription": "3350 BP", "numTsunamiEvents": 0}}, {"type": "Feature", "id": "610", "geometry": {"type": "Point", "coordinates": [115.0, -7.0]}, "properties": {"id": 610, "author": "Synolakis, Costas E, F. Imamura, Y. Matsutomi, S. Tinti, B. Cook, Y.P. Chandra, and M. Usman", "year": "1995", "referenceId": 425, "publicationType": 4, "event": "1994 Java Earthquake & Tsunami", "geologicAgeId": 15, "yearBegin": 1994, "yearEnd": 1994, "locationName": "Bali & East Java", "country": "INDONESIA", "bodyOfWater": "Indian Ocean", "description": "beaches heavily eroded, sand stripped to rock", "environment": "beach", "publish": true, "ageDescription": "June 3, 1994", "numTsunamiEvents": 0}}, {"type": "Feature", "id": "611", "geometry": {"type": "Point", "coordinates": [-124.0, 45.5]}, "properties": {"id": 611, "author": "Komar, P.D., J. McManus, J., M. Styllas", "year": "2004", "referenceId": 4604, "publicationType": 4, "event": "Cascadia Earthquake", "geologicAgeId": 15, "yearBegin": 1700, "yearEnd": 1700, "locationName": "Tillamook Bay, Oregon, USA", "country": "USA", "bodyOfWater": "Pacific Ocean", "description": "deepening of riverine, sand sheet in bay & riverine", "environment": "drowned river, estuary", "publish": true, "ageDescription": "1700", "numTsunamiEvents": 0}}, {"type": "Feature", "id": "612", "geometry": {"type": "Point", "coordinates": [-10.0, 53.0]}, "properties": {"id": 612, "author": "Williams, D. Michael, Adrian M. Hall", "year": "2004", "referenceId": 4605, "publicationType": 4, "event": "Storm versus tsunami", "geologicAgeId": 15, "yearBegin": 1839, "yearEnd": 2004, "locationName": "Aran Island, Ireland (west)", "country": "UK", "bodyOfWater": "Atlantic Ocean", "description": "ridges collapsed into gullies", "environment": "rocky cliff", "publish": true, "ageDescription": "Holocene", "numTsunamiEvents": 0}}, {"type": "Feature", "id": "613", "geometry": {"type": "Point", "coordinates": [118.0, -22.0]}, "properties": {"id": 613, "author": "Nott, Jonathan", "year": "2004", "referenceId": 4606, "publicationType": 4, "event": "Storm versus tsunami", "geologicAgeId": 15, "locationName": "Australia (west)", "country": "AUSTRALIA", "bodyOfWater": "Indian Ocean", "description": "boulder ridge, modern beach", "environment": "continental shoreline", "publish": true, "ageDescription": "Holocene", "numTsunamiEvents": 0}}, {"type": "Feature", "id": "614", "geometry": {"type": "Point", "coordinates": [-122.5, 47.5]}, "properties": {"id": 614, "author": "Jacoby, Gordon C.,  Patrick L. Williams, and Brendan M. Buckley", "year": "1992", "referenceId": 4985, "publicationType": 4, "event": "Earthquake", "geologicAgeId": 15, "locationName": "Puget Sound, Washington, USA", "country": "USA", "bodyOfWater": "Pacific Ocean", "description": "landslide block into lake & tidal marsh;  tree ring dating", "environment": "Lake", "publish": true, "ageDescription": "1000 BP", "numTsunamiEvents": 0}}, {"type": "Feature", "id": "615", "geometry": {"type": "Point", "coordinates": [-72.73, -16.64]}, "properties": {"id": 615, "author": "Okal, E.A., L. Dengler, S. Araya, J.C. Borrero, B.M. Gomer, S.I. Koshimura, G. Laos, D. Olcese, M. Ortiz, M. Swensson, V. Titov, F. Vegas", "year": "2002", "referenceId": 4279, "publicationType": 4, "event": "2001 Peru Earthquake & Tsunami", "geologicAgeId": 15, "yearBegin": 2001, "yearEnd": 2001, "locationName": "Camana, Peru; Pacific", "country": "PERU", "bodyOfWater": "Pacific Ocean", "description": "uplift", "environment": "rocky cliff", "publish": true, "ageDescription": "June 23, 2001", "numTsunamiEvents": 0}}, {"type": "Feature", "id": "616", "geometry": {"type": "Point", "coordinates": [-140.0, -10.0]}, "properties": {"id": 616, "author": "Okal, E.A., Newman, A.V., Synolakis, C.E., Fryer, G.J., Heinrich, P., Borrero, J.C.,  Ruscher, G., Arcas, D., Guille, G. and Rousseau, D.", "year": "2002", "referenceId": 4289, "publicationType": 4, "event": "1946 Aleutian Earthquake & Tsunami", "geologicAgeId": 15, "yearBegin": 1946, "yearEnd": 1946, "locationName": "Marquesas, Easter, Juan Fernandez Islands", "country": "FRENCH POLYNESIA", "bodyOfWater": "Pacific Ocean", "environment": "High volcanic island", "publish": true, "ageDescription": "1946", "numTsunamiEvents": 0}}, {"type": "Feature", "id": "618", "geometry": {"type": "Point", "coordinates": [-124.0, 46.0]}, "properties": {"id": 618, "author": "Kerr, R.A.", "year": "1995", "referenceId": 4608, "publicationType": 4, "event": "Earthquake and tsunami", "geologicAgeId": 15, "locationName": "Cascadia", "country": "USA", "bodyOfWater": "Pacific Ocean", "description": "inundation, sand horizon on marsh", "publish": true, "ageDescription": "Last 300 years", "numTsunamiEvents": 0}}, {"type": "Feature", "id": "619", "geometry": {"type": "Point", "coordinates": [-123.5, 42.0]}, "properties": {"id": 619, "author": "Nilsen, T.H.", "year": "2000", "referenceId": 2878, "publicationType": 4, "event": "Submarine earthquake", "geologicAgeId": 12, "locationName": "Southern Oregon, Northern California, USA", "country": "USA", "bodyOfWater": "Tethys", "environment": "seismo turbidite; bed 4.71m thick and thins", "publish": true, "ageDescription": "Upper Cretaceous", "numTsunamiEvents": 0}}, {"type": "Feature", "id": "620", "geometry": {"type": "Point", "coordinates": [-71.3, -29.01]}, "properties": {"id": 620, "author": "Le Roux, J.P., Carolina Gomez, Juliane Fenner and Heather Middleton", "year": "2004", "referenceId": 3194, "publicationType": 4, "event": "Submarine landslide", "geologicAgeId": 14, "locationName": "Carrizalillo, Chile", "country": "CHILE", "bodyOfWater": "Pacific Ocean", "environment": "Rocky Coast", "publish": true, "ageDescription": "Miocene-Pliocene", "numTsunamiEvents": 0}}, {"type": "Feature", "id": "621", "geometry": {"type": "Point", "coordinates": [-124.5, 43.0]}, "properties": {"id": 621, "author": "Witter, Robert C., Harvey M. Kelsey, and Eileen Hemphill-Haley", "year": "2003", "referenceId": 3179, "publicationType": 4, "event": "Cascadia Earthquake", "geologicAgeId": 15, "yearBegin": 1700, "yearEnd": 1700, "locationName": "Oregon, USA", "country": "USA", "bodyOfWater": "Pacific Ocean", "description": "shallowing, repeated uplift & subsidence 1.2-3m, sand sheet", "environment": "Estuary", "publish": true, "ageDescription": "1700", "numTsunamiEvents": 0}}, {"type": "Feature", "id": "622", "geometry": {"type": "Point", "coordinates": [32.5, 3.0]}, "properties": {"id": 622, "author": "Plaziat, Jean-Claude, Bruce Purser, Eimad Philobbos", "year": "1988", "referenceId": 4609, "publicationType": 4, "event": "Red Sea Rifting Earthquake", "geologicAgeId": 14, "locationName": "Red Sea", "country": "UNKNOWN", "bodyOfWater": "Indian Ocean", "description": "deepening, remobilized sediment", "environment": "flood plain muds, shallow marine sandstones", "publish": true, "ageDescription": "Neogene", "numTsunamiEvents": 0}}, {"type": "Feature", "id": "623", "geometry": {"type": "Point", "coordinates": [18.0, 59.25]}, "properties": {"id": 623, "author": "Morner, Nils-Axel", "year": "1996", "referenceId": 4610, "publicationType": 4, "event": "Earthquake and landslide", "geologicAgeId": 15, "locationName": "Sweden", "country": "SWEDEN", "bodyOfWater": "Baltic Sea", "description": "shallowing, glacial uplift, lacustrine to brackish marine", "environment": "lacustrine", "publish": true, "ageDescription": "10,430 BP", "numTsunamiEvents": 0}}, {"type": "Feature", "id": "624", "geometry": {"type": "Point", "coordinates": [-124.0, 45.5]}, "properties": {"id": 624, "author": "Shennan, I., A.J. Long, M.M. Rutherford, J.M. Innes, F.M. Green, K.J. Walker", "year": "1998", "referenceId": 4581, "publicationType": 4, "event": "Cascadia Earthquake", "geologicAgeId": 15, "yearEnd": 1700, "locationName": "Netarts Bay, Oregon, USA", "country": "USA", "bodyOfWater": "Pacific Ocean", "description": "localized tsunami", "environment": "marsh, tidal flat", "publish": true, "ageDescription": "Last 3500 years", "numTsunamiEvents": 0}}, {"type": "Feature", "id": "625", "geometry": {"type": "Point", "coordinates": [-122.8, 48.5]}, "properties": {"id": 625, "author": "Williams, Harry and Ian Hutchinson", "year": "2000", "referenceId": 2895, "publicationType": 4, "event": "Cascadia Earthquake", "geologicAgeId": 15, "yearEnd": 1700, "locationName": "Whidbey Island, Washington, USA", "country": "USA", "bodyOfWater": "Pacific Ocean", "description": "storm versus tsunami; shallowing lake & barrier basin", "environment": "shallow tidal lake", "publish": true, "ageDescription": "2000 BP", "numTsunamiEvents": 0}}, {"type": "Feature", "id": "626", "geometry": {"type": "Point", "coordinates": [-55.0, 47.0]}, "properties": {"id": 626, "author": "Ruffman, Alan", "year": "2006", "referenceId": 2399, "publicationType": 1, "event": "1929 Grand Banks Earthquake & Tsunami", "geologicAgeId": 15, "yearBegin": 1929, "yearEnd": 1929, "locationName": "Newfoundland Harbors, Burin, Canada", "country": "CANADA", "bodyOfWater": "Atlantic Ocean", "description": "shallow marine deepens", "environment": "bay floor", "publish": true, "ageDescription": "November 18, 1929", "numTsunamiEvents": 0}}, {"type": "Feature", "id": "627", "geometry": {"type": "Point", "coordinates": [-7.0, 34.0]}, "properties": {"id": 627, "author": "Kelling, G., P.R. Mullin", "year": "1975", "referenceId": 4613, "publicationType": 4, "event": "Storm versus tsunami", "geologicAgeId": 6, "locationName": "Meseta Region, Central Morocco", "country": "MOROCCO", "bodyOfWater": "Atlantic Ocean", "description": "channel fill, lenticular units, deepening", "publish": true, "ageDescription": "Lower Carboniferous (Visean)", "numTsunamiEvents": 0}}, {"type": "Feature", "id": "628", "geometry": {"type": "Point", "coordinates": [-98.8, 23.8]}, "properties": {"id": 628, "author": "Stinnesbeck, W., J.M. Barbarin, G. Keller, J.G. Lopez-Oliva, D.A. Pivnik, J.B. Lyons, C.B. Officer, T. Adatte, G. Graup, R. Rocchia, E. Robin", "year": "1993", "referenceId": 4614, "publicationType": 4, "event": "K/T Boundary Impact", "geologicAgeId": 13, "locationName": "Mexico (northeast), Gulf of Mexico", "country": "MEXICO", "bodyOfWater": "Tethys", "description": "submarine channel fill, deepening", "environment": "submarine channel deposit", "publish": true, "ageDescription": "Cretaceous-Tertiary (K/T) Boundary", "numTsunamiEvents": 0}}, {"type": "Feature", "id": "629", "geometry": {"type": "Point", "coordinates": [-142.0, 60.0]}, "properties": {"id": 629, "author": "Jacoby, G.C., L.D. Ulan", "year": "1983", "referenceId": 4273, "publicationType": 4, "event": "1899 Alaskan Earthquake", "geologicAgeId": 15, "yearBegin": 1899, "yearEnd": 1899, "locationName": "Icy Cape, Alaska, USA", "country": "USA", "bodyOfWater": "Pacific Ocean", "description": "uplifted terraces and shoreline moved seaward", "publish": true, "ageDescription": "1899", "numTsunamiEvents": 0}}, {"type": "Feature", "id": "630", "geometry": {"type": "Point", "coordinates": [8.2, 47.0]}, "properties": {"id": 630, "author": "Schnellmann, M., F. Anselmetti, D. Giardini, J. McKenzie, S. Ward", "year": "2002", "referenceId": 4615, "publicationType": 4, "event": "1601 Earthquake, 5 events in past 15ky", "geologicAgeId": 15, "yearBegin": 1601, "yearEnd": 1601, "locationName": "Lake Lucerne, Switzerland", "country": "SWITZERLAND", "bodyOfWater": "Inland waterway", "description": "scours topography, submarine landslide", "environment": "lake", "publish": true, "ageDescription": "1601", "numTsunamiEvents": 0}}, {"type": "Feature", "id": "631", "geometry": {"type": "Point", "coordinates": [8.2, 47.0]}, "properties": {"id": 631, "author": "Schnellmann, Michael, Flavio S. Anselmett, Domenico Giardini and Judith A. McKenzie", "year": "2005", "referenceId": 3232, "publicationType": 4, "event": "Landslide & seiche", "geologicAgeId": 15, "locationName": "Lake Lucerne, Switzerland", "country": "SWITZERLAND", "bodyOfWater": "Inland waterway", "description": "drape topography", "environment": "lake, tsunami & seiche", "publish": true, "ageDescription": "Holocene", "numTsunamiEvents": 0}}, {"type": "Feature", "id": "632", "geometry": {"type": "Point", "coordinates": [5.0, 40.0]}, "properties": {"id": 632, "author": "Rothwell, R.G., J. Thomson, and G. Kahler", "year": "1998", "referenceId": 2885, "publicationType": 4, "event": "Sea level change", "geologicAgeId": 15, "locationName": "Mediterranean (west)", "country": "SPAIN", "bodyOfWater": "Mediterranean Sea", "description": "megaturbidite; deepening, basin filling", "environment": "submarine landslide", "publish": true, "ageDescription": "Late Pleistocene", "numTsunamiEvents": 0}}, {"type": "Feature", "id": "633", "geometry": {"type": "Point", "coordinates": [135.0, 35.0]}, "properties": {"id": 633, "author": "Matsuda, J.", "year": "2000", "referenceId": 2873, "publicationType": 4, "event": "Seismites", "geologicAgeId": 15, "locationName": "Kawachi lowland plain, Osaka, Japan", "country": "JAPAN", "bodyOfWater": "Pacific Ocean", "environment": "Palustrine environment, coastal plain", "publish": true, "ageDescription": "2300 BP", "numTsunamiEvents": 0}}, {"type": "Feature", "id": "634", "geometry": {"type": "Point", "coordinates": [-86.0, 32.0]}, "properties": {"id": 634, "author": "Savrda, Charles E.", "year": "1993", "referenceId": 4616, "publicationType": 4, "event": "K/T Boundary Impact", "geologicAgeId": 13, "locationName": "Alabama, USA", "country": "USA", "bodyOfWater": "Tethys", "description": "non-catastrophic, transgression; incised valley fill & sea level change", "environment": "K/T Boundary margin, marine", "publish": true, "ageDescription": "Cretaceous-Tertiary (K/T) Boundary", "numTsunamiEvents": 0}}, {"type": "Feature", "id": "635", "geometry": {"type": "Point", "coordinates": [30.0, 40.75]}, "properties": {"id": 635, "author": "Ozturk, H., H. Koral, and E.L. Geist", "year": "2000", "referenceId": 4617, "publicationType": 4, "event": "1999 Turkey Earthquake & Tsunami", "geologicAgeId": 15, "yearBegin": 1999, "yearEnd": 1999, "locationName": "Turkey (west)", "country": "TURKEY", "bodyOfWater": "Mediterranean Sea", "description": "3m of dip slip faulting, drown buildings", "publish": true, "ageDescription": "August 1999", "numTsunamiEvents": 0}}, {"type": "Feature", "id": "636", "geometry": {"type": "Point", "coordinates": [-99.0, 25.0]}, "properties": {"id": 636, "author": "Keller, G., J.G. Lopez-Oliva, W. Stinnesbeck, and T. Adatte", "year": "1997", "referenceId": 3198, "publicationType": 4, "event": "K/T Boundary Impact", "geologicAgeId": 13, "locationName": "Mexico (northeast)", "country": "MEXICO", "bodyOfWater": "Tethys", "description": "submarine - channel filling", "environment": "submarine", "publish": true, "ageDescription": "Maastrichtian", "numTsunamiEvents": 0}}, {"type": "Feature", "id": "637", "geometry": {"type": "Point", "coordinates": [-8.0, 63.0]}, "properties": {"id": 637, "author": "Smith, D.E., S. Shi, R.A. Cullingford, A.G. Dawson, S. Dawson, C.R. Firth, I.D.L. Foster, P.T. Fretwell, B.A. Haggart, L.K. Holloway, D. Long", "year": "2004", "referenceId": 4618, "publicationType": 4, "event": "Storegga landslide", "geologicAgeId": 15, "locationName": "Scotland", "country": "UK", "bodyOfWater": "Atlantic Ocean", "description": "rising upslope within peat unit, transitional, sand sheet max 1.5m thick", "environment": "coastal zone with sandy beach", "publish": true, "ageDescription": "7100 BP", "numTsunamiEvents": 0}}, {"type": "Feature", "id": "638", "geometry": {"type": "Point", "coordinates": [-70.0, -23.0]}, "properties": {"id": 638, "author": "Vargas, G., L. Ortlieb, E. Chapron, J. Valdes, C. Marquardt", "year": "2005", "referenceId": 4619, "publicationType": 4, "event": "Seismites", "geologicAgeId": 15, "locationName": "Chile (north)", "country": "CHILE", "bodyOfWater": "Pacific Ocean", "description": "submarine channel filling", "environment": "Bay", "publish": true, "ageDescription": "Holocene", "numTsunamiEvents": 0}}, {"type": "Feature", "id": "639", "geometry": {"type": "Point", "coordinates": [-100.75, 26.0]}, "properties": {"id": 639, "author": "Lawton, T.F., K.W. Shipley, J.L. Aschoff, K.A. Giles and F.J. Vega", "year": "2005", "referenceId": 3193, "publicationType": 4, "event": "Chicxulub Impact", "geologicAgeId": 13, "locationName": "La Popa Basin, Mexico (northeast)", "country": "MEXICO", "bodyOfWater": "Atlantic Ocean", "description": "drape topography, deepening, shallow marine to deep marine", "environment": "sandy beach, marsh", "publish": true, "ageDescription": "Late Maastrichtian", "numTsunamiEvents": 0}}, {"type": "Feature", "id": "640", "geometry": {"type": "Point", "coordinates": [-157.0, 21.0]}, "properties": {"id": 640, "author": "Moore, James G., Wilfred B. Bryan, Kenneth R. Ludwig", "year": "1994", "referenceId": 3143, "publicationType": 4, "event": "Giant wave deposit", "geologicAgeId": 15, "locationName": "Molokai, Hawaii", "country": "USA", "bodyOfWater": "Pacific Ocean", "description": "mantles influences .5-m thick", "environment": "Rocky Coast", "publish": true, "ageDescription": "240-200 ka", "numTsunamiEvents": 0}}, {"type": "Feature", "id": "641", "geometry": {"type": "Point", "coordinates": [-157.0, 20.0]}, "properties": {"id": 641, "author": "Rubin, K.H., C.H. Fletcher III, C. Sherman", "year": "2000", "referenceId": 4621, "publicationType": 4, "event": "Giant wave deposit (multiple events)", "geologicAgeId": 15, "locationName": "Lanai, Hawaii", "country": "USA", "bodyOfWater": "Pacific Ocean", "description": "uplifted littoral & fluvial deposits", "environment": "Rocky Coast", "publish": true, "ageDescription": "135-240 ka", "numTsunamiEvents": 0}}, {"type": "Feature", "id": "642", "geometry": {"type": "Point", "coordinates": [-157.0, 20.0]}, "properties": {"id": 642, "author": "Felton, E. Anne, Keith A.W. Crook, Barbara H. Keating", "year": "2000", "referenceId": 3266, "publicationType": 4, "event": "Giant wave deposit", "geologicAgeId": 15, "locationName": "Lanai, Hawaii", "country": "USA", "bodyOfWater": "Pacific Ocean", "description": "shallowing, bath tub ring distribution", "environment": "Rocky Coast", "publish": true, "ageDescription": "105 ka", "numTsunamiEvents": 0}}, {"type": "Feature", "id": "643", "geometry": {"type": "Point", "coordinates": [-82.0, 38.0]}, "properties": {"id": 643, "author": "Pope, M.C., Read, J.F., Bambach, R. and Hofmann, H.J.", "year": "1997", "referenceId": 4259, "publicationType": 4, "event": "Seismites", "geologicAgeId": 3, "locationName": "Kentucky, Ohio, Virginia, USA", "country": "USA", "bodyOfWater": "Inland waterway", "description": "shallow marine, deepening", "publish": true, "ageDescription": "Ordovician", "numTsunamiEvents": 0}}, {"type": "Feature", "id": "644", "geometry": {"type": "Point", "coordinates": [-16.0, 27.0]}, "properties": {"id": 644, "author": "Peace, T.J. and I. Jarvis", "year": "1992", "referenceId": 4507, "publicationType": 4, "event": "Turbidites", "geologicAgeId": 15, "locationName": "Madeira Abyssal Plain (Canary Plain)", "country": "SPAIN", "bodyOfWater": "Atlantic Ocean", "description": "distal turbidite, deepening, source rocks;  with volcaniclastic material", "environment": "submarine landslide", "publish": true, "ageDescription": "Quaternary", "numTsunamiEvents": 0}}, {"type": "Feature", "id": "645", "geometry": {"type": "Point", "coordinates": [-1.0, 38.0]}, "properties": {"id": 645, "author": "Alfaro, Pedro, Antonio Estevez, Massimo Moretti, Jesus-Miguel Soria", "year": "1999", "referenceId": 3259, "publicationType": 4, "event": "Seismites", "geologicAgeId": 15, "locationName": "Low Segura Basin, Spain", "country": "SPAIN", "bodyOfWater": "Atlantic Ocean", "description": "reverse density gradient, alluvial sediments & coastal sediments", "environment": "continental channel deposits", "publish": true, "ageDescription": "Quaternary", "numTsunamiEvents": 0}}, {"type": "Feature", "id": "646", "geometry": {"type": "Point", "coordinates": [7.5, 6.0]}, "properties": {"id": 646, "author": "Guiraud, Michel, Jean-Claude Plaziat", "year": "1993", "referenceId": 4508, "publicationType": 4, "event": "Seismites", "geologicAgeId": 12, "locationName": "Upper Benue, Nigeria (northeast)", "country": "NIGERIA", "bodyOfWater": "Tethys", "description": "fluvial (braided rivers)", "environment": "basin", "publish": true, "ageDescription": "Cretaceous", "numTsunamiEvents": 0}}, {"type": "Feature", "id": "648", "geometry": {"type": "Point", "coordinates": [18.0, 36.0]}, "properties": {"id": 648, "author": "Hieke, W.", "year": "1984", "referenceId": 4509, "publicationType": 4, "event": "Santorini Caldera Collapse", "geologicAgeId": 15, "yearBegin": -1650, "yearEnd": -1490, "locationName": "Eastern Mediterranean Sea", "country": "GREECE", "bodyOfWater": "Mediterranean Sea", "description": "homogenesis massive unit, 10m thick, deepening, basin filling", "environment": "Abyssal plain", "publish": true, "ageDescription": "3500 BP", "numTsunamiEvents": 0}}, {"type": "Feature", "id": "649", "geometry": {"type": "Point", "coordinates": [120.2, -10.5]}, "properties": {"id": 649, "author": "Fortuin, A.R., T.B. Roep, P.A. Sumosusastro, T.C.E. Van Weering, and Van der Werff", "year": "1992", "referenceId": 4691, "publicationType": 4, "event": "Submarine turbidite", "geologicAgeId": 14, "locationName": "East Sumba (Indonesia)", "country": "INDONESIA", "bodyOfWater": "Indian Ocean", "description": "blocks & slumps on slope", "environment": "submarine landslide", "publish": true, "ageDescription": "Miocene", "numTsunamiEvents": 0}}, {"type": "Feature", "id": "650", "geometry": {"type": "Point", "coordinates": [-124.45, 45.3]}, "properties": {"id": 650, "author": "Peterson, C.D. and M.E. Darienzo", "year": "1988", "referenceId": 4510, "publicationType": 4, "event": "Terrace deposit", "geologicAgeId": 15, "locationName": "Netarts Bay, Oregon, USA", "country": "USA", "bodyOfWater": "Pacific Ocean", "environment": "coastal", "publish": true, "ageDescription": "Late Holocene", "numTsunamiEvents": 0}}, {"type": "Feature", "id": "652", "geometry": {"type": "Point", "coordinates": [-159.0, 55.5]}, "properties": {"id": 652, "author": "Waythomas, C.F., Neal, C.A., McGimsey, R.G., Dorava, J.M., Lemke, K.J. and Vanderpool, A.M.", "year": "1995", "referenceId": 4298, "publicationType": 1, "event": "Aniakchak & Augustine eruptions", "geologicAgeId": 15, "locationName": "Upper Bristol Bay, Dillingham, Alaska, lower Cook Inlet, USA", "country": "USA", "bodyOfWater": "Pacific Ocean", "description": "landslide, pyroclastic flows", "publish": true, "ageDescription": "Holocene", "numTsunamiEvents": 0}}, {"type": "Feature", "id": "655", "geometry": {"type": "Point", "coordinates": [140.5, -3.0]}, "properties": {"id": 655, "author": "Jaffe, B., Richmond, B., Gelfenbaum, G.", "year": "1998", "referenceId": 4552, "publicationType": 1, "event": "1998 Papua New Guinea Earthquake & Tsunami", "geologicAgeId": 15, "yearBegin": 1998, "yearEnd": 1998, "locationName": "Sissano Lagoon, Talwayat Island", "country": "PAPUA NEW GUINEA", "bodyOfWater": "Pacific Ocean", "environment": "lagoon", "publish": true, "ageDescription": "July 17, 1998", "numTsunamiEvents": 0}}, {"type": "Feature", "id": "659", "geometry": {"type": "Point", "coordinates": [178.0, -18.9]}, "properties": {"id": 659, "author": "Houtz, R.E.", "year": "1962", "referenceId": 2821, "publicationType": 4, "event": "1953 Suva Earthquake & Tsunami", "geologicAgeId": 15, "yearBegin": 1953, "yearEnd": 1953, "locationName": "Suva, Fiji", "country": "FIJI", "bodyOfWater": "Pacific Ocean", "description": "Turbidity current", "publish": true, "ageDescription": "1953", "numTsunamiEvents": 0}}, {"type": "Feature", "id": "660", "geometry": {"type": "Point", "coordinates": [35.0, 30.0]}, "properties": {"id": 660, "author": "Plaziat, J-C., C. Montenat, F. Orszag-Sperber, E. Philobbos, B.H. Purser", "year": "1990", "referenceId": 4554, "publicationType": 4, "event": "Seismites", "locationName": "Red Sea rift (northwest)", "country": "EGYPT", "bodyOfWater": "Indian Ocean", "description": "plate movements", "publish": true, "numTsunamiEvents": 0}}, {"type": "Feature", "id": "661", "geometry": {"type": "Point", "coordinates": [11.0, 52.0]}, "properties": {"id": 661, "author": "Knaust, D.", "year": "2002", "referenceId": 2868, "publicationType": 4, "event": "Seismites", "geologicAgeId": 9, "locationName": "Thuringia, Germany", "country": "GERMANY", "publish": true, "ageDescription": "Middle/Upper Muschelkalk boundary (Triassic)", "numTsunamiEvents": 0}}, {"type": "Feature", "id": "664", "geometry": {"type": "Point", "coordinates": [163.7, 58.0]}, "properties": {"id": 664, "author": "Pedoja, Kevin, Bourgeois, Joanne, Pinegina, Tatiana and Titov, Vasily", "year": "2004", "referenceId": 4295, "publicationType": 1, "event": "1969 Kamchatka Earthquake & Tsunami", "geologicAgeId": 15, "yearBegin": 1969, "yearEnd": 1969, "locationName": "Ozernoi Peninsula, Kamchatka, Russia", "country": "RUSSIA", "bodyOfWater": "Pacific Ocean", "environment": "Terrace Beach", "publish": true, "ageDescription": "1969", "numTsunamiEvents": 0}}, {"type": "Feature", "id": "666", "geometry": {"type": "Point", "coordinates": [-67.2, 18.4]}, "properties": {"id": 666, "author": "Moya, Juan-Carlos, and William R. McCann", "year": "1996", "referenceId": 4557, "publicationType": 1, "event": "1918 Earthquake & Tsunami", "geologicAgeId": 15, "yearBegin": 1918, "yearEnd": 1918, "locationName": "Aguada, Puerto Rico (northwest)", "country": "USA TERRITORY", "bodyOfWater": "Caribbean Sea", "publish": true, "ageDescription": "1918", "numTsunamiEvents": 0}}, {"type": "Feature", "id": "669", "geometry": {"type": "Point", "coordinates": [74.8, 4.0]}, "properties": {"id": 669, "author": "Keating, B.H. and Helsley, C. E. and Waheed, Z. and Dominey-Howes, D.", "year": "2005", "referenceId": 4277, "publicationType": 4, "event": "2004 Indian Ocean Earthquake & Tsunami", "geologicAgeId": 15, "yearBegin": 2004, "yearEnd": 2004, "locationName": "South Male Atoll, Maldives", "country": "MALDIVES", "bodyOfWater": "Indian Ocean", "description": "shallowing", "environment": "atolls", "publish": true, "ageDescription": "December 26, 2004", "numTsunamiEvents": 0}}, {"type": "Feature", "id": "671", "geometry": {"type": "Point", "coordinates": [-78.0, -10.0]}, "properties": {"id": 671, "author": "Wells, L.E., T.J. DeVries, and W.H. Quinn", "year": "1987", "referenceId": 4561, "publicationType": 1, "event": "1618 Tsunami & El Nino event", "geologicAgeId": 15, "yearBegin": 1618, "yearEnd": 1618, "locationName": "Peru (north coast)", "country": "PERU", "bodyOfWater": "Pacific Ocean", "description": "driftwood deposits; in depressions in beach ridges", "publish": true, "ageDescription": "1618", "numTsunamiEvents": 0}}, {"type": "Feature", "id": "672", "geometry": {"type": "Point", "coordinates": [-117.0, 33.2]}, "properties": {"id": 672, "author": "Shlemon, Roy J.", "year": "2000", "referenceId": 4045, "publicationType": 1, "event": "Paleoliquefaction and tsunamis", "geologicAgeId": 15, "locationName": "Carlsbad Area, San Diego, California, USA", "country": "USA", "bodyOfWater": "Pacific Ocean", "description": "borders estuary", "publish": true, "ageDescription": "Holocene", "numTsunamiEvents": 0}}, {"type": "Feature", "id": "673", "geometry": {"type": "Point", "coordinates": [-176.0, -20.0]}, "properties": {"id": 673, "author": "Morton, Allan E.", "year": "2003", "referenceId": 4562, "publicationType": 1, "event": "1919 Earthquake & Tsunami", "geologicAgeId": 15, "yearBegin": 1919, "yearEnd": 1919, "locationName": "Tongan Islands, E. of Ha'alaufuli Vava'u", "country": "TONGA", "bodyOfWater": "Pacific Ocean", "description": "mega boulders", "publish": true, "ageDescription": "April 30, 1919", "numTsunamiEvents": 0}}, {"type": "Feature", "id": "675", "geometry": {"type": "Point", "coordinates": [-68.3, -38.1]}, "properties": {"id": 675, "author": "Palamarczuk, Susana, Habib, Daniel, Olsson, Richard K. and Hemming, Sidney", "year": "2002", "referenceId": 4563, "publicationType": 1, "event": "K/T Boundary Impact", "geologicAgeId": 13, "locationName": "Neuquen Province, Argentina", "country": "ARGENTINA", "bodyOfWater": "Tethys", "description": "reinterpreted", "publish": true, "ageDescription": "Cretaceous-Tertiary (K/T) Boundary", "numTsunamiEvents": 0}}, {"type": "Feature", "id": "677", "geometry": {"type": "Point", "coordinates": [-119.1, 39.1]}, "properties": {"id": 677, "author": "Schweickert, R.A., M. M. Lahren; R. E. Karlin; K. D. Smith; J. F. Howle", "year": "2000", "referenceId": 4048, "publicationType": 1, "event": "Megalandslides", "geologicAgeId": 15, "locationName": "Lake Tahoe, California, USA", "country": "USA", "bodyOfWater": "Inland waterway", "description": "beveled moraine", "environment": "lake", "publish": true, "ageDescription": "Holocene", "numTsunamiEvents": 0}}, {"type": "Feature", "id": "678", "geometry": {"type": "Point", "coordinates": [-85.16, -71.31]}, "properties": {"id": 678, "author": "Smit, Jan", "year": "1997", "referenceId": 4565, "publicationType": 4, "event": "Eltanin bolide (Km)", "geologicAgeId": 14, "locationName": "Bellingshausen Sea", "country": "ANTARCTICA", "bodyOfWater": "Antarctic Ocean", "description": "deepening mixed, blocks in clay", "publish": true, "ageDescription": "Pliocene", "numTsunamiEvents": 0}}, {"type": "Feature", "id": "679", "geometry": {"type": "Point", "coordinates": [-124.0, 46.0]}, "properties": {"id": 679, "author": "Schlichting, Robert B. and Curt D. Peterson", "year": "2006", "referenceId": 3230, "publicationType": 4, "event": "Cascadia Earthquake", "geologicAgeId": 15, "yearEnd": 1700, "locationName": "Neskowin and Rockaway, Oregon, Long Beach Peninsula and Grayland Plains, Washington", "country": "USA", "bodyOfWater": "Pacific Ocean", "description": "shallowing", "environment": "marsh", "publish": true, "ageDescription": "250 to 1350 BP", "numTsunamiEvents": 0}}, {"type": "Feature", "id": "680", "geometry": {"type": "Point", "coordinates": [-122.0, 48.0]}, "properties": {"id": 680, "author": "Witter, R.C.", "year": "1999", "referenceId": 4276, "publicationType": 1, "event": "Storm versus tsunami", "geologicAgeId": 15, "locationName": "Euchre Creek, Oregon (3 sites), USA", "country": "USA", "bodyOfWater": "Pacific Ocean", "environment": "marsh", "publish": true, "ageDescription": "6600 yr of record", "numTsunamiEvents": 0}}, {"type": "Feature", "id": "682", "geometry": {"type": "Point", "coordinates": [-70.5, -23.0]}, "properties": {"id": 682, "author": "Ramirez, Jorge, Hernan Titichoca, James F. Lander, and Lowell S. Whiteside", "year": "1997", "referenceId": 2770, "publicationType": 4, "event": "1995 Antofagasta Earthquake", "geologicAgeId": 15, "yearBegin": 1995, "yearEnd": 1995, "locationName": "Antofagasta, Northern Chile", "country": "CHILE", "bodyOfWater": "Pacific Ocean", "publish": true, "ageDescription": "July 30, 1995", "numTsunamiEvents": 0}}, {"type": "Feature", "id": "683", "geometry": {"type": "Point", "coordinates": [-140.0, -10.0]}, "properties": {"id": 683, "author": "Ramirez, Jorge, Hernan Titichoca, James F. Lander, and Lowell S. Whiteside", "year": "1997", "referenceId": 2770, "publicationType": 4, "event": "1995 Antofagasta Earthquake", "geologicAgeId": 15, "yearBegin": 1995, "yearEnd": 1995, "locationName": "Taha Uku Bay, Hiva Oa, Marquesas Islands", "country": "FRENCH POLYNESIA", "bodyOfWater": "Pacific Ocean", "publish": true, "ageDescription": "July 30, 1995", "numTsunamiEvents": 0}}, {"type": "Feature", "id": "684", "geometry": {"type": "Point", "coordinates": [-73.5, -38.0]}, "properties": {"id": 684, "author": "Weischet, W.", "year": "1963", "referenceId": 4567, "publicationType": 4, "event": "1960 Chile Earthquake & Tsunami", "geologicAgeId": 15, "yearBegin": 1960, "yearEnd": 1960, "locationName": "Puerto Saavedra, Chile, City of Valdivia", "country": "CHILE", "bodyOfWater": "Pacific Ocean", "description": "reoriented river, bay deepening, taicure of river bank", "environment": "rocky coast, cliffs cut at shore & up river", "publish": true, "ageDescription": "May 1960", "numTsunamiEvents": 0}}, {"type": "Feature", "id": "685", "geometry": {"type": "Point", "coordinates": [-124.1, 51.0]}, "properties": {"id": 685, "author": "Clague, John J. and Stephen G. Evans", "year": "1997", "referenceId": 3272, "publicationType": 4, "event": "1994 Jokulhlaup/Outburst Goddard Glacier flood", "geologicAgeId": 15, "yearBegin": 1994, "yearEnd": 1994, "locationName": "Farrow Creek, British Columbia, Canada", "country": "CANADA", "bodyOfWater": "Inland waterway", "description": "modified channel in creek, drained lake by 45m deep", "publish": true, "ageDescription": "1994", "numTsunamiEvents": 0}}, {"type": "Feature", "id": "686", "geometry": {"type": "Point", "coordinates": [-55.5, 47.0]}, "properties": {"id": 686, "author": "Ruffman, Alan", "year": "2001", "referenceId": 4995, "publicationType": 4, "event": "1929 Grand Banks Earthquake & Tsunami", "geologicAgeId": 15, "yearBegin": 1929, "yearEnd": 1929, "locationName": "Burin Peninsula, Newfoundland, Canada", "country": "CANADA", "bodyOfWater": "Atlantic Ocean", "publish": true, "ageDescription": "November 18, 1929", "numTsunamiEvents": 0}}, {"type": "Feature", "id": "687", "geometry": {"type": "Point", "coordinates": [-5.0, 34.0]}, "properties": {"id": 687, "author": "Plaziat, Jean-Claude and Ahmamou, M'fedal", "year": "1998", "referenceId": 4568, "publicationType": 4, "event": "Seismites", "geologicAgeId": 14, "locationName": "Morocco", "country": "MOROCCO", "bodyOfWater": "Atlantic Ocean", "publish": true, "ageDescription": "Pliocene", "numTsunamiEvents": 0}}, {"type": "Feature", "id": "688", "geometry": {"type": "Point", "coordinates": [-71.7, 43.0]}, "properties": {"id": 688, "author": "Tuttle, Martitia P.", "year": "2001", "referenceId": 4997, "publicationType": 4, "event": "1727 & 1999 Earthquakes", "geologicAgeId": 15, "yearBegin": 1727, "yearEnd": 1999, "locationName": "Newburyport, Massachusetts, USA", "country": "USA", "bodyOfWater": "Atlantic Ocean", "description": "lithic fragments moved landward, overwashed sands on landward side of dunes", "publish": true, "ageDescription": "1727, 1999", "numTsunamiEvents": 0}}, {"type": "Feature", "id": "689", "geometry": {"type": "Point", "coordinates": [-124.0, 46.0]}, "properties": {"id": 689, "author": "Fiedorowicz, B.K.", "year": "2001", "referenceId": 4569, "publicationType": 6, "event": "1964 Alaskan Earthquake & Tsunami", "geologicAgeId": 15, "yearBegin": 1700, "yearEnd": 1964, "locationName": "Seaside, Oregon, USA", "country": "USA", "bodyOfWater": "Pacific Ocean", "publish": true, "ageDescription": "1700, 1964", "numTsunamiEvents": 0}}, {"type": "Feature", "id": "690", "geometry": {"type": "Point", "coordinates": [139.0, 35.0]}, "properties": {"id": 690, "author": "Sugawara, D., K. Minoura, F. Imamura, T. Takahashi, and N. Shuto", "year": "2005", "referenceId": 4943, "publicationType": 4, "event": "1854 Ansei-Tokai Earthquake & Tsunami", "geologicAgeId": 15, "yearBegin": 1854, "yearEnd": 1854, "locationName": "Suruga Bay, central Japan, Iruma", "country": "JAPAN", "bodyOfWater": "Pacific Ocean", "publish": true, "ageDescription": "1854", "numTsunamiEvents": 0}}, {"type": "Feature", "id": "691", "geometry": {"type": "Point", "coordinates": [-8.5, 37.5]}, "properties": {"id": 691, "author": "Hindson, R., C. Andrade, R. Parish", "year": "1998", "referenceId": 4570, "publicationType": 4, "event": "1755 Lisbon Earthquake & Tsunami", "geologicAgeId": 15, "yearBegin": 1755, "yearEnd": 1755, "locationName": "Boca do Rio, Algarve, Portugal", "country": "PORTUGAL", "bodyOfWater": "Atlantic Ocean", "publish": true, "ageDescription": "1755", "numTsunamiEvents": 0}}, {"type": "Feature", "id": "692", "geometry": {"type": "Point", "coordinates": [-86.07, 11.4]}, "properties": {"id": 692, "author": "Dawson, Alastair G.", "year": "1999", "referenceId": 3185, "publicationType": 4, "event": "Tsunami deposits, submarine slides, offshore Earthquakes", "locationName": "Playa de Popoyo", "country": "NICARAGUA", "bodyOfWater": "Pacific Ocean", "description": "review", "publish": true, "numTsunamiEvents": 0}}, {"type": "Feature", "id": "693", "geometry": {"type": "Point", "coordinates": [-7.0, 37.0]}, "properties": {"id": 693, "author": "Luque, L., Larion, J., Goy, J.L., Dabrio, C.J. , Silva, P.G.", "year": "2001", "referenceId": 4571, "publicationType": 4, "event": "Tsunami deposits", "locationName": "Spanish Coast", "country": "SPAIN", "bodyOfWater": "Atlantic Ocean", "description": "review", "publish": true, "numTsunamiEvents": 0}}, {"type": "Feature", "id": "694", "geometry": {"type": "Point", "coordinates": [-124.0, 47.5]}, "properties": {"id": 694, "author": "Adams, John", "year": "1992", "referenceId": 4975, "publicationType": 4, "event": "Earthquake and landslide", "geologicAgeId": 15, "locationName": "Puget Sound, Washington, USA", "country": "USA", "bodyOfWater": "Pacific Ocean", "environment": "marsh, rocky coast, sandy beach", "publish": true, "ageDescription": "Last 1100 years", "numTsunamiEvents": 0}}, {"type": "Feature", "id": "695", "geometry": {"type": "Point", "coordinates": [-124.0, 47.5]}, "properties": {"id": 695, "author": "Adams, John", "year": "1992", "referenceId": 4975, "publicationType": 4, "event": "Earthquake", "geologicAgeId": 15, "locationName": "Puget Sound, Washington, USA", "country": "USA", "bodyOfWater": "Pacific Ocean", "environment": "marsh", "publish": true, "ageDescription": "Last 500 & 1700 years", "numTsunamiEvents": 0}}, {"type": "Feature", "id": "696", "geometry": {"type": "Point", "coordinates": [-97.0, 44.0]}, "properties": {"id": 696, "author": "Izett, G.A., W.A. Cobban, J.D. Obradovich, and M.J. Kunk", "year": "1993", "referenceId": 4773, "publicationType": 4, "event": "Impact injecta - distal", "geologicAgeId": 15, "locationName": "SE South Dakota, USA", "country": "USA", "bodyOfWater": "Tethys", "publish": true, "ageDescription": ".3 million years ago", "numTsunamiEvents": 0}}, {"type": "Feature", "id": "697", "geometry": {"type": "Point", "coordinates": [57.0, 45.0]}, "properties": {"id": 697, "author": "Lignier, Vincent,  Christian Beck, Emmanuel Chapron", "year": "1998", "referenceId": 4572, "publicationType": 4, "event": "Landslide slumping", "geologicAgeId": 15, "locationName": "Alps, France Trieves (South of Grenoble)", "country": "FRANCE", "bodyOfWater": "Inland waterway", "description": "dammed ice lake", "environment": "Glacio-lacustrine", "publish": true, "ageDescription": "Quaternary", "numTsunamiEvents": 0}}, {"type": "Feature", "id": "698", "geometry": {"type": "Point", "coordinates": [175.5, -41.0]}, "properties": {"id": 698, "author": "Cochran, U.", "year": "2002", "referenceId": 4745, "publicationType": 4, "event": "Earthquake", "geologicAgeId": 15, "yearEnd": 716, "locationName": "Wellington, New Zealand", "country": "NEW ZEALAND", "bodyOfWater": "Pacific Ocean", "description": "slump into lake, gravel barrier separates lagoon from ocean, regression of sea", "environment": "swamp/lagoon/rocky coast", "publish": true, "ageDescription": "716 & 306 BP", "numTsunamiEvents": 0}}, {"type": "Feature", "id": "699", "geometry": {"type": "Point", "coordinates": [134.0, -12.0]}, "properties": {"id": 699, "author": "Nott, Jonathan", "year": "2000", "referenceId": 2762, "publicationType": 4, "event": "1998 Papua New Guinea Earthquake & Tsunami", "geologicAgeId": 15, "yearBegin": 1998, "yearEnd": 1998, "locationName": "Quobba Point, Cape Leveque, La Crosse Island, Roche Reef, Gulf of Carpentaria (northwest coast)", "country": "AUSTRALIA", "bodyOfWater": "Indian Ocean", "description": "boulder deposits", "publish": true, "ageDescription": "July 17, 1998", "numTsunamiEvents": 0}}, {"type": "Feature", "id": "700", "geometry": {"type": "Point", "coordinates": [33.0, 35.0]}, "properties": {"id": 700, "author": "Whelan, Franziska and Dieter Kelletat", "year": "2002", "referenceId": 2757, "publicationType": 4, "event": "Tsunamis", "geologicAgeId": 15, "yearBegin": 1530, "yearEnd": 1821, "locationName": "Cyprus (southwest and southeast)", "country": "CYPRUS", "bodyOfWater": "Mediterranean Sea", "publish": true, "ageDescription": "1530, 1821", "numTsunamiEvents": 0}}, {"type": "Feature", "id": "701", "geometry": {"type": "Point", "coordinates": [-70.0, 12.5]}, "properties": {"id": 701, "author": "Scheffers, Anja M.", "year": "2004", "referenceId": 2655, "publicationType": 4, "event": "Uplifted Islands", "geologicAgeId": 15, "locationName": "Aruba, Curacao, Bonaire, Leeward Netherlands Antilles", "country": "NETHERLANDS ANTILLES", "bodyOfWater": "Caribbean Sea", "description": "3 tsunamis 500, 1500 and 3500 BP; notches, benchos & algae rims, extensive rubble ridges, boulder formations", "publish": true, "ageDescription": "500, 1500 and 3500 BP", "numTsunamiEvents": 0}}, {"type": "Feature", "id": "703", "geometry": {"type": "Point", "coordinates": [176.0, -37.0]}, "properties": {"id": 703, "author": "Goff, James R.", "year": "2003", "referenceId": 6105, "publicationType": 4, "event": "Tsunamis", "geologicAgeId": 15, "locationName": "Waikato Bay and Bay of Plenty, New Zealand (north)", "country": "NEW ZEALAND", "bodyOfWater": "Pacific Ocean", "description": "stage 1", "publish": true, "ageDescription": "3200 BP, 1850 BP,  800-1800 B, 750 BP, 500-600 BP", "numTsunamiEvents": 0}}, {"type": "Feature", "id": "706", "geometry": {"type": "Point", "coordinates": [-0.5, 38.6]}, "properties": {"id": 706, "author": "Scheffers, Anja and Dieter Kelletat", "year": "2005", "referenceId": 6777, "publicationType": 4, "event": "1755 Lisbon Earthquake & tsunami & older tsunamis", "geologicAgeId": 15, "yearBegin": 1755, "yearEnd": 1755, "locationName": "Lisbon, Portugal, Algarve Coast", "country": "PORTUGAL", "bodyOfWater": "Atlantic Ocean", "description": "float boulder in vegetation, washover fans in coastal dune barriers", "publish": true, "ageDescription": "Older than 1755", "numTsunamiEvents": 0}}, {"type": "Feature", "id": "707", "geometry": {"type": "Point", "coordinates": [-155.0, 19.75]}, "properties": {"id": 707, "author": "Cox, Doak C., and John F. Mink", "year": "1963", "referenceId": 2264, "publicationType": 4, "event": "1960 Chile Earthquake & Tsunami", "geologicAgeId": 15, "yearBegin": 1960, "yearEnd": 1960, "locationName": "Hilo Bay, Hawaii", "country": "USA", "bodyOfWater": "Pacific Ocean", "description": "boulders", "environment": "rocky coast", "publish": true, "ageDescription": "May 1960", "numTsunamiEvents": 0}}, {"type": "Feature", "id": "708", "geometry": {"type": "Point", "coordinates": [102.0, 25.5]}, "properties": {"id": 708, "author": "Du, Y., C. Zhang, X. Han, S. Gu, and W. Lin", "year": "2001", "referenceId": 4738, "publicationType": 4, "event": "Earthquake", "geologicAgeId": 1, "locationName": "Central Yunnan Province, China", "country": "CHINA", "bodyOfWater": "Inland waterway", "description": "seismites and tsunamiites", "publish": true, "ageDescription": "Mesoproterozoic", "numTsunamiEvents": 0}}, {"type": "Feature", "id": "709", "geometry": {"type": "Point", "coordinates": [102.0, 25.5]}, "properties": {"id": 709, "author": "Du, Y. and X. Han", "year": "2000", "referenceId": 4577, "publicationType": 4, "event": "Volcanic earthquake", "geologicAgeId": 1, "locationName": "Central Yunnan Province, China", "country": "CHINA", "bodyOfWater": "Inland waterway", "description": "seismites and tsunamiites", "publish": true, "ageDescription": "Mesoproterozoic", "numTsunamiEvents": 0}}, {"type": "Feature", "id": "710", "geometry": {"type": "Point", "coordinates": [98.5, 40.0]}, "properties": {"id": 710, "author": "Du, Y., S. Gong, X. Han, J. Wang, S. Gu, and W. Lin", "year": "2001", "referenceId": 4739, "publicationType": 4, "event": "Earthquake", "geologicAgeId": 4, "locationName": "Hanxia, Yumen, China", "country": "CHINA", "bodyOfWater": "Inland waterway", "description": "seismites", "environment": "Mountains", "publish": true, "ageDescription": "Silurian", "numTsunamiEvents": 0}}, {"type": "Feature", "id": "711", "geometry": {"type": "Point", "coordinates": [-62.0, 17.0]}, "properties": {"id": 711, "author": "Pelinovsky, E, N. Zahibo, P. Dunkley, M. Edmonds, R. Herd, T.Talipova, A. Kozelkov, I. Nikokina", "year": "2004", "referenceId": 1705, "publicationType": 4, "event": "2003 Montserrat Eruption & Tsunami", "geologicAgeId": 15, "yearBegin": 2003, "yearEnd": 2003, "locationName": "Soufriere Hills, Volcano, Montserrat, Lesser Antilles", "country": "MONTSERRAT", "bodyOfWater": "Caribbean Sea", "description": "pyroclastic flow", "environment": "rocky coast", "publish": true, "ageDescription": "2003", "numTsunamiEvents": 0}}, {"type": "Feature", "id": "712", "geometry": {"type": "Point", "coordinates": [-157.6, 21.0]}, "properties": {"id": 712, "author": "Whelan, F. and Keating, B.", "year": "2004", "referenceId": 4578, "publicationType": 4, "event": "Tsunami deposits", "geologicAgeId": 15, "yearBegin": 1946, "yearEnd": 1960, "locationName": "Queen's Beach, Oahu, Hawaii", "country": "USA", "bodyOfWater": "Pacific Ocean", "description": "4 tsunamis in 50 yrs; sand layer covering lava flow", "environment": "rocky coast and sandy beach", "publish": true, "ageDescription": "1946, 1952, 1957, 1960", "numTsunamiEvents": 0}}, {"type": "Feature", "id": "713", "geometry": {"type": "Point", "coordinates": [-157.0, 21.0]}, "properties": {"id": 713, "author": "Whelan, F. and Keating, B.", "year": "2004", "referenceId": 4578, "publicationType": 4, "event": "Storm versus tsunami", "geologicAgeId": 15, "locationName": "Sharks Cove, Oahu, Hawaii", "country": "USA", "bodyOfWater": "Pacific Ocean", "description": "hypothetical tsunami or storm; erosional rock platform", "environment": "rocky coast and sandy beach", "publish": true, "ageDescription": "Late Pleistocene", "numTsunamiEvents": 0}}, {"type": "Feature", "id": "714", "geometry": {"type": "Point", "coordinates": [143.0, -3.0]}, "properties": {"id": 714, "author": "Davies, H.L., J.M. Davies, R.C.B. Perembo, and W.Y. Lus", "year": "2003", "referenceId": 2966, "publicationType": 4, "event": "1998 Papua New Guinea Earthquake & Tsunami", "geologicAgeId": 15, "yearBegin": 1998, "yearEnd": 1998, "locationName": "Aitape, Papua New Guinea", "country": "PAPUA NEW GUINEA", "bodyOfWater": "Pacific Ocean", "description": "submarine slope/ scarp 1-2m high at front edge of sand ridge, wave scouring", "environment": "sand beach, bedform scouring", "publish": true, "ageDescription": "July 17, 1998", "numTsunamiEvents": 0}}, {"type": "Feature", "id": "715", "geometry": {"type": "Point", "coordinates": [-76.0, 38.0]}, "properties": {"id": 715, "author": "Powars, David S", "year": "2000", "referenceId": 4900, "publicationType": 4, "event": "Chesapeake Bay Impact Crater", "geologicAgeId": 14, "locationName": "Chesapeake Bay, SE Virginia, South of James River", "country": "USA", "bodyOfWater": "Atlantic Ocean", "description": "deepening, nertic to bathyal", "publish": true, "ageDescription": "Lower Cretaceous", "numTsunamiEvents": 0}}, {"type": "Feature", "id": "716", "geometry": {"type": "Point", "coordinates": [140.5, -3.0]}, "properties": {"id": 716, "author": "Matsutomi, H., Y. Kawata, N. Shuto, Y. Tsuji, K. Fujima, F. Imamura, M. Matsuyama, T. Takahashi, N. Maki, and S.S. Han", "year": "1999", "referenceId": 4692, "publicationType": 4, "event": "1998 Papua New Guinea Earthquake & Tsunami", "geologicAgeId": 15, "yearBegin": 1998, "yearEnd": 1998, "locationName": "Sissano Lagoon, Aitape, Papua New Guinea", "country": "PAPUA NEW GUINEA", "bodyOfWater": "Pacific Ocean", "description": "landslide", "publish": true, "ageDescription": "July 17, 1998", "numTsunamiEvents": 0}}, {"type": "Feature", "id": "717", "geometry": {"type": "Point", "coordinates": [-87.0, 33.0]}, "properties": {"id": 717, "author": "Smit, J., T.B. Roep, W. Alvarez, P. Claeys, S. Montanari, and M. Grajales", "year": "1994", "referenceId": 4857, "publicationType": 4, "event": "K/T Boundary Impact", "geologicAgeId": 13, "locationName": "Moscow Landing, Alabama, USA", "country": "USA", "bodyOfWater": "Tethys", "description": "channel fill", "publish": true, "ageDescription": "Cretaceous-Tertiary (K/T) Boundary", "numTsunamiEvents": 0}}, {"type": "Feature", "id": "718", "geometry": {"type": "Point", "coordinates": [-87.0, 33.0]}, "properties": {"id": 718, "author": "Smit, J., T.B. Roep, W. Alvarez, P. Claeys, S. Montanari, and M. Grajales", "year": "1994", "referenceId": 4857, "publicationType": 4, "event": "K/T Boundary Impact", "geologicAgeId": 13, "locationName": "Moscow Landing, Alabama, USA, Gulf coastal plain", "country": "USA", "bodyOfWater": "Tethys", "description": "slumping & sliding movements induced by seismicity", "environment": "sandy beach", "publish": true, "ageDescription": "Cretaceous-Tertiary (K/T) Boundary", "numTsunamiEvents": 0}}, {"type": "Feature", "id": "719", "geometry": {"type": "Point", "coordinates": [7.0, 5.0]}, "properties": {"id": 719, "author": "Obi, G.C., C.O. Okogbue", "year": "2004", "referenceId": 4580, "publicationType": 4, "event": "Seismites", "geologicAgeId": 12, "locationName": "Anambra Basin, SE Nigeria", "country": "NIGERIA", "bodyOfWater": "Atlantic Ocean", "description": "basin uplift/subsidence", "environment": "basin", "publish": true, "ageDescription": "Campanian-Maastrichtian", "numTsunamiEvents": 0}}, {"type": "Feature", "id": "720", "geometry": {"type": "Point", "coordinates": [22.1, 38.3]}, "properties": {"id": 720, "author": "Papatheodorou, G., and G. Ferentinos", "year": "1997", "referenceId": 4719, "publicationType": 4, "event": "Earthquake landslide and tsunami", "geologicAgeId": 15, "yearBegin": 1995, "yearEnd": 1995, "locationName": "Aegion Gulf of Corinth, Greece", "country": "GREECE", "bodyOfWater": "Mediterranean Sea", "description": "turbidites; pockmark field", "environment": "landslide, 4 sites within delta sediment deposits", "publish": true, "ageDescription": "June 15, 1995", "numTsunamiEvents": 0}}, {"type": "Feature", "id": "721", "geometry": {"type": "Point", "coordinates": [-1.65, 43.6]}, "properties": {"id": 721, "author": "Mulder, T., O. Weber, P. Anschutz, F.J. Jorissen, and J.-M. Jouanneau", "year": "2001", "referenceId": 4931, "publicationType": 4, "event": "Storm versus tsunami", "geologicAgeId": 15, "yearBegin": 2000, "yearEnd": 2000, "locationName": "Capbreton Canyon, Bay of Biscay, France (southwest)", "country": "FRANCE", "bodyOfWater": "Atlantic Ocean", "description": "violent storm; landslide turbidite and hemipelagic sedimentation", "environment": "submarine canyon", "publish": true, "ageDescription": "December 27 - Middle-January 2000", "numTsunamiEvents": 0}}, {"type": "Feature", "id": "722", "geometry": {"type": "Point", "coordinates": [-5.75, 56.9]}, "properties": {"id": 722, "author": "Shennan, I., A.J. Long, M.M. Rutherford, J.M. Innes, F.M. Green, K.J. Walker", "year": "1998", "referenceId": 4581, "publicationType": 4, "event": "Coastal Evolution", "geologicAgeId": 15, "locationName": "Morar, Scotland (northwest)", "country": "UK", "bodyOfWater": "Atlantic Ocean", "description": "dune breaching; climate change", "environment": "lake", "publish": true, "ageDescription": "Middle Holocene", "numTsunamiEvents": 0}}, {"type": "Feature", "id": "723", "geometry": {"type": "Point", "coordinates": [143.0, 42.5]}, "properties": {"id": 723, "author": "Tanioka, Y., Y. Nishimura, K. Hirakawa, F. Imamura, I. Abe, Y. Abe, K. Shindou, H. Matsutomi, T. Takahashi, K. Imai, K. Fujima, K. Harada, F. Namegaya, Y. Hasegawa, Y. Hayashi, A. Yoshikawa, T. Siga, A. Kamikawa, M. Kobayash, S. Masaka, et al.", "year": "2005", "referenceId": 3811, "publicationType": 4, "event": "2003 Tokachi-Oki, Japan Earthquake & Tsunami", "geologicAgeId": 15, "yearBegin": 2003, "yearEnd": 2003, "locationName": "Ootsu Harbor, Hokkaido, Japan", "country": "JAPAN", "bodyOfWater": "Pacific Ocean", "description": "shallowing", "environment": "Harbor", "publish": true, "ageDescription": "September 26, 2003", "numTsunamiEvents": 0}}, {"type": "Feature", "id": "724", "geometry": {"type": "Point", "coordinates": [-124.15, 41.75]}, "properties": {"id": 724, "author": "Aalto, K.R., R. Aalto, C.E. Garrison-Laney, and H.F. Abramson", "year": "1999", "referenceId": 4063, "publicationType": 4, "event": "1964 Alaskan Earthquake & Tsunami", "geologicAgeId": 15, "yearBegin": 1964, "yearEnd": 1964, "locationName": "Crescent City, California, USA", "country": "USA", "bodyOfWater": "Pacific Ocean", "description": "Uplift/Subsidence - shallowing", "environment": "bog", "publish": true, "ageDescription": "March 27, 1964", "numTsunamiEvents": 0}}, {"type": "Feature", "id": "725", "geometry": {"type": "Point", "coordinates": [139.5, 42.0]}, "properties": {"id": 725, "author": "Sigrist, Dennis J.", "year": "1994", "referenceId": 401, "publicationType": 4, "event": "1993 SW Hokkaido Earthquake & Tsunami", "geologicAgeId": 15, "yearBegin": 1993, "yearEnd": 1993, "locationName": "Monai, Japan Pt. Okushiri, Japan", "country": "JAPAN", "bodyOfWater": "Pacific Ocean", "publish": true, "ageDescription": "July 12, 1993", "numTsunamiEvents": 0}}, {"type": "Feature", "id": "726", "geometry": {"type": "Point", "coordinates": [-70.0, -23.0]}, "properties": {"id": 726, "author": "Yeh, H. Kato, F., Sato, S.", "year": "2001", "referenceId": 4582, "publicationType": 4, "event": "Scouring of tsunami deposits", "geologicAgeId": 15, "yearBegin": 1960, "yearEnd": 1960, "locationName": "Chile", "country": "CHILE", "bodyOfWater": "Pacific Ocean", "description": "review", "publish": true, "ageDescription": "May 1960", "numTsunamiEvents": 0}}, {"type": "Feature", "id": "727", "geometry": {"type": "Point", "coordinates": [135.0, 35.0]}, "properties": {"id": 727, "author": "Ota, Yoko, and Koji Okumura", "year": "1999", "referenceId": 4583, "publicationType": 4, "event": "Paleotsunami", "locationName": "Kobe, Japan", "country": "JAPAN", "bodyOfWater": "Pacific Ocean", "description": "coastal morphology changes", "environment": "coastal", "publish": true, "numTsunamiEvents": 0}}, {"type": "Feature", "id": "728", "geometry": {"type": "Point", "coordinates": [-125.0, 47.0]}, "properties": {"id": 728, "author": "Heaton, Thomas H., and Parke D. Snavely, Jr.", "year": "1985", "referenceId": 140, "publicationType": 4, "event": "Native American legend", "geologicAgeId": 15, "yearBegin": 1800, "yearEnd": 1800, "locationName": "Neah Bay, Washington", "country": "USA", "bodyOfWater": "Pacific Ocean", "environment": "marsh, prairie, bay", "publish": true, "ageDescription": "1800s", "numTsunamiEvents": 0}}, {"type": "Feature", "id": "729", "geometry": {"type": "Point", "coordinates": [-72.0, -28.5]}, "properties": {"id": 729, "author": "Cantalamessa, Gino and Claudio Di Celma", "year": "2005", "referenceId": 3270, "publicationType": 4, "event": "Tsunamiites", "geologicAgeId": 14, "locationName": "Caleta Herradura, N. Chile", "country": "CHILE", "bodyOfWater": "Pacific Ocean", "environment": "shoreface & shallow marine", "publish": true, "ageDescription": "Miocene", "numTsunamiEvents": 0}}, {"type": "Feature", "id": "730", "geometry": {"type": "Point", "coordinates": [1.5, 50.75]}, "properties": {"id": 730, "author": "Schnyder, Johann, Francois Baudin, and Jean-Francois Deconinck", "year": "2005", "referenceId": 3233, "publicationType": 4, "event": "Tsunami deposits", "geologicAgeId": 11, "locationName": "Boulonnais area, Northern France", "country": "FRANCE", "bodyOfWater": "Atlantic Ocean", "description": "possible tsunami", "environment": "Shallow epicontinental sea", "publish": true, "ageDescription": "Jurassic-Cretaceous boundary", "numTsunamiEvents": 0}}, {"type": "Feature", "id": "732", "geometry": {"type": "Point", "coordinates": [-126.0, 48.0]}, "properties": {"id": 732, "author": "Baril, Marc Rene", "year": "1997", "referenceId": 4977, "publicationType": 6, "event": "Cascadia Earthquake", "geologicAgeId": 15, "yearEnd": 1700, "locationName": "Vancouver Island, British Columbia, Canada; Naiwiakum River, Washington, USA", "country": "CANADA", "bodyOfWater": "Pacific Ocean", "environment": "tidal-channel", "publish": true, "ageDescription": "32 and 300 BP", "numTsunamiEvents": 0}}, {"type": "Feature", "id": "733", "geometry": {"type": "Point", "coordinates": [147.0, 44.0]}, "properties": {"id": 733, "author": "Grebennikova T.A., N.G. Razjigaeva, A. Ya. Iliev, and V.M. Kaistrenko", "year": "2002", "referenceId": 4937, "publicationType": 1, "event": "Paleotsunami", "geologicAgeId": 15, "locationName": "Kunashir Island and Izena Bay Coast, Japan (Pacific side)", "country": "JAPAN", "bodyOfWater": "Pacific Ocean", "description": "swamp, incursion by transgression, storm surge or tsunami", "environment": "marsh, peat bogs, paleo-lakes", "publish": true, "ageDescription": "Holocene", "numTsunamiEvents": 0}}, {"type": "Feature", "id": "735", "geometry": {"type": "Point", "coordinates": [-55.5, 47.0]}, "properties": {"id": 735, "author": "McAdoo, Brian G., Minder, Justin, Moore, Andrew and Ruffman, Alan", "year": "2003", "referenceId": 4314, "publicationType": 1, "event": "1929 Grand Banks Earthquake & Tsunami", "geologicAgeId": 15, "yearBegin": 1929, "yearEnd": 1929, "locationName": "Taylor's Bay, Newfoundland, Canada", "country": "CANADA", "bodyOfWater": "Atlantic Ocean", "description": "shallowing", "environment": "marsh", "publish": true, "ageDescription": "November 18, 1929", "numTsunamiEvents": 0}}, {"type": "Feature", "id": "739", "geometry": {"type": "Point", "coordinates": [145.105, 43.082]}, "properties": {"id": 739, "author": "Nishimura, Yuichi, Naomichi Miyaji, Mario Yoshida, Taisuke Murata, Mitsuhiro Nakagawa", "year": "2000", "referenceId": 4468, "publicationType": 4, "event": "1843 Tokachi-oki Earthquake & Tsunami", "geologicAgeId": 15, "yearBegin": 1843, "yearEnd": 1843, "locationName": "Kiritappu Marsh, Eastern Hokkaido, Japan", "country": "JAPAN", "bodyOfWater": "Pacific Ocean", "environment": "marsh", "publish": true, "ageDescription": "1843", "numTsunamiEvents": 0}}, {"type": "Feature", "id": "740", "geometry": {"type": "Point", "coordinates": [-86.07, 11.43]}, "properties": {"id": 740, "author": "Higman, Bretwood M., Bourgeois, Joanne", "year": "2002", "referenceId": 4306, "publicationType": 1, "event": "1992 Nicaragua Earthquake & Tsunami", "geologicAgeId": 15, "yearBegin": 1992, "yearEnd": 1992, "locationName": "Playa de Popoyo", "country": "NICARAGUA", "bodyOfWater": "Pacific Ocean", "description": "dune ridge", "environment": "sandy beach", "publish": true, "ageDescription": "September 1992", "numTsunamiEvents": 0}}, {"type": "Feature", "id": "743", "geometry": {"type": "Point", "coordinates": [-55.5, 47.0]}, "properties": {"id": 743, "author": "Ruffman, Alan", "year": "1995", "referenceId": 4470, "publicationType": 4, "event": "1929 Grand Banks Earthquake & Tsunami", "geologicAgeId": 15, "yearBegin": 1929, "yearEnd": 1929, "locationName": "Taylor's Bay, Newfoundland, Canada", "country": "CANADA", "bodyOfWater": "Atlantic Ocean", "description": "sand deposits", "publish": true, "ageDescription": "November 18, 1929", "numTsunamiEvents": 0}}, {"type": "Feature", "id": "745", "geometry": {"type": "Point", "coordinates": [27.0, 37.6]}, "properties": {"id": 745, "author": "Stiros, S.C., J. Laborel, F. Laborel-Deguen, S. Papageorgiou, J. Evin, and P.A. Pirazzoli", "year": "2000", "referenceId": 4700, "publicationType": 4, "event": "Earthquake", "geologicAgeId": 15, "locationName": "Samos Island, Aegean Sea, Greece", "country": "GREECE", "bodyOfWater": "Mediterranean Sea", "description": "3 raised shorelines, microbeach & notches (.6, 1.1, 2.3m asl)", "environment": "rocky coast", "publish": true, "ageDescription": "Holocene", "numTsunamiEvents": 0}}, {"type": "Feature", "id": "746", "geometry": {"type": "Point", "coordinates": [139.0, 35.0]}, "properties": {"id": 746, "author": "Matsushima, Yoshiaki", "year": "1999", "referenceId": 4315, "publicationType": 4, "event": "Deposit", "geologicAgeId": 15, "locationName": "Sagami, Japan", "country": "JAPAN", "bodyOfWater": "Pacific Ocean", "description": "shallow marine, uplift marine terraces", "publish": true, "ageDescription": "Holocene", "numTsunamiEvents": 0}}, {"type": "Feature", "id": "747", "geometry": {"type": "Point", "coordinates": [140.0, 35.0]}, "properties": {"id": 747, "author": "Umitsu, Masatomo", "year": "1999", "referenceId": 4471, "publicationType": 4, "event": "Paleotsunami", "geologicAgeId": 15, "locationName": "Japan", "country": "JAPAN", "bodyOfWater": "Pacific Ocean", "description": "review", "publish": true, "ageDescription": "Holocene", "numTsunamiEvents": 0}}, {"type": "Feature", "id": "748", "geometry": {"type": "Point", "coordinates": [144.0, 43.0]}, "properties": {"id": 748, "author": "Nakamura, Yugo, Kazuomi Hirakawa", "year": "2004", "referenceId": 4472, "publicationType": 4, "event": "Komagatake Volcanic eruption", "geologicAgeId": 15, "locationName": "SE Hokkaido, Japan", "country": "JAPAN", "bodyOfWater": "Pacific Ocean", "description": "ancient deposit", "environment": "Regional", "publish": true, "ageDescription": "Middle Holocene", "numTsunamiEvents": 0}}, {"type": "Feature", "id": "749", "geometry": {"type": "Point", "coordinates": [177.0, -38.0]}, "properties": {"id": 749, "author": "Bell, R.G., J. Goff, G. Downes, K. Berryman, R.A. Walters, C. Chague-Goff, P. Barnes, and I. Wright", "year": "2004", "referenceId": 4743, "publicationType": 4, "event": "Tsunamis", "geologicAgeId": 15, "locationName": "Bay of Plenty & East Coromandel Peninsula, New Zealand", "country": "NEW ZEALAND", "bodyOfWater": "Pacific Ocean", "environment": "marsh, sandy beach", "publish": true, "ageDescription": "Last 85 years", "numTsunamiEvents": 0}}, {"type": "Feature", "id": "751", "geometry": {"type": "Point", "coordinates": [178.0, -18.9]}, "properties": {"id": 751, "author": "Cronin, S.J., M.A. Ferland, J.P. Terry", "year": "2004", "referenceId": 4473, "publicationType": 4, "event": "Nabukelevu Volcanic tsunami", "geologicAgeId": 15, "locationName": "Suva, Fiji", "country": "FIJI", "bodyOfWater": "Pacific Ocean", "environment": "submarine landslide", "publish": true, "ageDescription": "2250 & 780 BP", "numTsunamiEvents": 0}}, {"type": "Feature", "id": "753", "geometry": {"type": "Point", "coordinates": [-73.0, -34.0]}, "properties": {"id": 753, "author": "Sievers, H.A., G. Villegas, and G. Barros", "year": "1963", "referenceId": 4727, "publicationType": 4, "event": "1960 Chile Earthquake & Tsunami", "geologicAgeId": 15, "yearBegin": 1960, "yearEnd": 1960, "locationName": "Conception, Chile", "country": "CHILE", "bodyOfWater": "Pacific Ocean", "environment": "sandy beach, lowland house washed away", "publish": true, "ageDescription": "May 1960", "numTsunamiEvents": 0}}, {"type": "Feature", "id": "754", "geometry": {"type": "Point", "coordinates": [30.0, 74.0]}, "properties": {"id": 754, "author": "Dypvik, Henning, Morten Smelror, Pal T. Sandbakken, O. Salvigsen, and E. Kalleson", "year": "2006", "referenceId": 4898, "publicationType": 4, "event": "Mjolnir Impact", "geologicAgeId": 10, "locationName": "Paleo-Barents Sea", "country": "RUSSIA", "bodyOfWater": "Arctic Ocean", "environment": "submarine", "publish": true, "ageDescription": "Late Jurassic", "numTsunamiEvents": 0}}, {"type": "Feature", "id": "756", "geometry": {"type": "Point", "coordinates": [-124.0, 43.3]}, "properties": {"id": 756, "author": "Briggs, Gregory George", "year": "1994", "referenceId": 4978, "publicationType": 6, "event": "Earthquake", "geologicAgeId": 15, "locationName": "Siuslaw, Umpqua and Coo River systems, Oregon (south-central), USA", "country": "USA", "bodyOfWater": "Pacific Ocean", "description": "buried marshes, overlapping, 1-2m subsidence", "environment": "marsh", "publish": true, "ageDescription": "400 BP", "numTsunamiEvents": 0}}, {"type": "Feature", "id": "757", "geometry": {"type": "Point", "coordinates": [-145.5, 60.5]}, "properties": {"id": 757, "author": "Reimnitz, E., N.F. Marshall", "year": "1965", "referenceId": 4475, "publicationType": 4, "event": "1964 Alaskan Earthquake & Tsunami", "geologicAgeId": 15, "yearBegin": 1964, "yearEnd": 1964, "locationName": "Copper River Delta, Alaska, USA", "country": "USA", "bodyOfWater": "Pacific Ocean", "description": "disruption of equilibrium, biologically & geologically", "publish": true, "ageDescription": "March 27, 1964", "numTsunamiEvents": 0}}, {"type": "Feature", "id": "758", "geometry": {"type": "Point", "coordinates": [140.0, 42.3]}, "properties": {"id": 758, "author": "Nanayama, F., Shimokawa, K., Satake, K., Shigeno, K.", "year": "1999", "referenceId": 4311, "publicationType": 2, "event": "1993 SW Hokkaido Earthquake & Tsunami", "geologicAgeId": 15, "yearBegin": 1993, "yearEnd": 1993, "locationName": "Taisei Oshima Peninsula, Hokkaido (southwest), Japan (north)", "country": "JAPAN", "bodyOfWater": "Pacific Ocean", "description": "flood plain", "environment": "river plain", "publish": true, "ageDescription": "July 12, 1993", "numTsunamiEvents": 0}}, {"type": "Feature", "id": "759", "geometry": {"type": "Point", "coordinates": [-140.0, -20.0]}, "properties": {"id": 759, "author": "Bourrouilh-Le Jan, F.G., J. Talandier", "year": "1985", "referenceId": 4476, "publicationType": 4, "event": "Tsunami deposits", "locationName": "Tuamotu, southeast Pacific", "country": "FRENCH POLYNESIA", "bodyOfWater": "Pacific Ocean", "description": "storm versus tsunami", "environment": "atoll", "publish": true, "numTsunamiEvents": 0}}, {"type": "Feature", "id": "761", "geometry": {"type": "Point", "coordinates": [95.0, 5.6]}, "properties": {"id": 761, "author": "Ghobarah, Ahmed, Murat Saatcioglu, and Ioan Nistor", "year": "2006", "referenceId": 4952, "publicationType": 4, "event": "2004 Indian Ocean Earthquake & Tsunami", "geologicAgeId": 15, "yearBegin": 2004, "yearEnd": 2004, "locationName": "Thailand & Indonesia", "country": "INDONESIA", "bodyOfWater": "Indian Ocean", "description": "subsidences, sand sheet with much debris", "environment": "sandy beach, rocky cliff", "publish": true, "ageDescription": "December 26, 2004", "numTsunamiEvents": 0}}, {"type": "Feature", "id": "762", "geometry": {"type": "Point", "coordinates": [142.0, 39.5]}, "properties": {"id": 762, "author": "Fujino, S., F. Masuda, S. Tagomori, and D. Matsumoto", "year": "2006", "referenceId": 3268, "publicationType": 4, "event": "Tsunami deposits", "geologicAgeId": 12, "locationName": "Miyako Group, N. of Miyako, Japan", "country": "JAPAN", "bodyOfWater": "Tethys", "description": "basin filling, deeping", "environment": "open shallow marine", "publish": true, "ageDescription": "Lower Cretaceous", "numTsunamiEvents": 0}}, {"type": "Feature", "id": "763", "geometry": {"type": "Point", "coordinates": [-92.0, 14.2]}, "properties": {"id": 763, "author": "Fourcade, E., M. Alonzo, M. Barrillas,  J.P. Bellier, M. Bonneau, A. Cosillo, P. Cros, P. Debrabant, S. Gardin, E. Masure, J. Philip, M. Renard, R. Rocchia, and J. Romero", "year": "1997", "referenceId": 4728, "publicationType": 4, "event": "Multiple events (tectonic & sea-level low stands)", "geologicAgeId": 13, "locationName": "Peten (southwest), Guatemala", "country": "GUATEMALA", "bodyOfWater": "Tethys", "description": "gravity flow deposits", "environment": "submarine platform with tectonic faulting & regression", "publish": true, "ageDescription": "Maastrichtian/Danian", "numTsunamiEvents": 0}}, {"type": "Feature", "id": "765", "geometry": {"type": "Point", "coordinates": [-118.0, 34.0]}, "properties": {"id": 765, "author": "Bohannon, Robert G. and James V. Gardner", "year": "2004", "referenceId": 4040, "publicationType": 4, "event": "Submarine landslide", "geologicAgeId": 15, "locationName": "San Pedro Escarpment, southwest of Long Beach, California, USA", "country": "USA", "bodyOfWater": "Pacific Ocean", "description": "covers toe of slope & extends onto the sea floor, deepening", "environment": "submarine landslide", "publish": true, "ageDescription": "Quaternary Uplift", "numTsunamiEvents": 0}}, {"type": "Feature", "id": "766", "geometry": {"type": "Point", "coordinates": [95.0, 5.6]}, "properties": {"id": 766, "author": "Baird, A.H., S.J. Campbell, A.W. Anggoro, R.L. Ardiwijaya, N. Fadli, Y. Herdiana, T. Kartawijaya, D. Mahyiddin, A. Mukminin, S.T. Pardede, M.S. Pratchett, E. Rudi, and A.M. Siregar", "year": "2005", "referenceId": 3106, "publicationType": 4, "event": "2004 Indian Ocean Earthquake & Tsunami", "geologicAgeId": 15, "yearBegin": 2004, "yearEnd": 2004, "locationName": "Banda Aceh, Sumatra", "country": "INDONESIA", "bodyOfWater": "Indian Ocean", "environment": "shallow marine reefs", "publish": true, "ageDescription": "December 26, 2004", "numTsunamiEvents": 0}}, {"type": "Feature", "id": "767", "geometry": {"type": "Point", "coordinates": [-92.9, 17.0]}, "properties": {"id": 767, "author": "Arenillas, I., J.A. Arz, J.M. Grajales-Nishimura, G. Murillo-Mu\u00f1et\u00f3n, W. Alvarez, A. Camargo-Zanoguera, E. Molina, and C. Rosales-Dom\u00ednguez", "year": "2006", "referenceId": 4751, "publicationType": 4, "event": "K/T Boundary Impact", "geologicAgeId": 13, "locationName": "Bochil & Guayal, SE Mexico", "country": "MEXICO", "bodyOfWater": "Tethys", "publish": true, "ageDescription": "Cretaceous-Tertiary (K/T) Boundary", "numTsunamiEvents": 0}}, {"type": "Feature", "id": "768", "geometry": {"type": "Point", "coordinates": [57.0, 26.0]}, "properties": {"id": 768, "author": "Brookfield, M.E., L. Blechschmidt, R. Hannigan, M. Coniglio, B. Simonson and G. Wilson", "year": "2006", "referenceId": 4771, "publicationType": 4, "event": "Tectonogenic tsunami", "geologicAgeId": 10, "locationName": "Jurassic Guwayza Fm. Of Oman, Arabian Peninsula", "country": "OMAN", "bodyOfWater": "Tethys", "description": "well defined debris flows, no divergent flows, deepening, large floating clasts", "environment": "continental shelf with ophiolite emplacement", "publish": true, "ageDescription": "Middle Jurassic", "numTsunamiEvents": 0}}, {"type": "Feature", "id": "769", "geometry": {"type": "Point", "coordinates": [116.0, -21.0]}, "properties": {"id": 769, "author": "Glikson, Andrew, and Charlotte Allen", "year": "2004", "referenceId": 4915, "publicationType": 4, "event": "Asteroid Impact", "geologicAgeId": 1, "locationName": "Hamersley Basin, Australia (west)", "country": "AUSTRALIA", "bodyOfWater": "Inland waterway", "environment": "Volcanic tuff within Brockman Iron Fm", "publish": true, "ageDescription": "Early Proterozoic", "numTsunamiEvents": 0}}, {"type": "Feature", "id": "770", "geometry": {"type": "Point", "coordinates": [-104.0, 25.0]}, "properties": {"id": 770, "author": "Adatte, T., W. Stinnesbeck, and G. Keller", "year": "1993", "referenceId": 4747, "publicationType": 1, "event": "K/T Boundary Impact", "geologicAgeId": 13, "locationName": "La Sierrita & Lajilla, Mexico", "country": "MEXICO", "bodyOfWater": "Tethys", "environment": "submarine", "publish": true, "ageDescription": "Cretaceous-Tertiary (K/T) Boundary", "numTsunamiEvents": 0}}, {"type": "Feature", "id": "773", "geometry": {"type": "Point", "coordinates": [-126.0, 49.0]}, "properties": {"id": 773, "author": "Bobrowsky, P.Y., Clague, J.J., Hamilton, T.S.", "year": "1992", "referenceId": 4478, "publicationType": 1, "event": "Cascadia Earthquake", "geologicAgeId": 15, "locationName": "Port Alberni, British Columbia, Canada", "country": "CANADA", "bodyOfWater": "Pacific Ocean", "publish": true, "ageDescription": "Holocene", "numTsunamiEvents": 0}}, {"type": "Feature", "id": "774", "geometry": {"type": "Point", "coordinates": [-98.5, 22.0]}, "properties": {"id": 774, "author": "Bohor, Bruce F., and William J. Betterton", "year": "1993", "referenceId": 4754, "publicationType": 2, "event": "K/T Boundary Impact", "geologicAgeId": 13, "locationName": "Arroyo el Mimbral, Mexico", "country": "MEXICO", "bodyOfWater": "Tethys", "description": "mass movement", "environment": "submarine landslide", "publish": true, "ageDescription": "Cretaceous-Tertiary (K/T) Boundary", "numTsunamiEvents": 0}}, {"type": "Feature", "id": "775", "geometry": {"type": "Point", "coordinates": [14.0, 67.0]}, "properties": {"id": 775, "author": "Bondevik, Stein, John Inge Svendsen, and Jan Mangerud", "year": "1999", "referenceId": 4973, "publicationType": 1, "event": "Storegga landslide", "geologicAgeId": 15, "locationName": "Norway (west)", "country": "NORWAY", "bodyOfWater": "Arctic Ocean", "publish": true, "ageDescription": "Holocene", "numTsunamiEvents": 0}}, {"type": "Feature", "id": "777", "geometry": {"type": "Point", "coordinates": [25.4, 36.4]}, "properties": {"id": 777, "author": "Cita, Maria Bianca and Camerlenghi, Angelo", "year": "1992", "referenceId": 4479, "publicationType": 1, "event": "Santorini Eruption & Tsunami", "geologicAgeId": 15, "locationName": "Aegean Islands, Greece", "country": "GREECE", "bodyOfWater": "Mediterranean Sea", "description": "fills ocean basin", "environment": "submarine", "publish": true, "ageDescription": "Middle Holocene", "numTsunamiEvents": 0}}, {"type": "Feature", "id": "778", "geometry": {"type": "Point", "coordinates": [-81.0, 40.0]}, "properties": {"id": 778, "author": "Friedman, Gerald M.", "year": "1997", "referenceId": 4913, "publicationType": 1, "event": "Bolide Impact tsunami", "geologicAgeId": 2, "locationName": "Hatch Hills Fm., N. Appalachians, USA", "country": "USA", "bodyOfWater": "Inland waterway", "description": "mass movement & slumping", "publish": true, "ageDescription": "Cambrian", "numTsunamiEvents": 0}}, {"type": "Feature", "id": "781", "geometry": {"type": "Point", "coordinates": [-157.0, 20.7]}, "properties": {"id": 781, "author": "Jones, Anthony T.,  Bonnie A. Blackwell, and Henry P. Schwarcz", "year": "1992", "referenceId": 5057, "publicationType": 1, "event": "Storm versus tsunami", "locationName": "Lanai, Hawaii", "country": "USA", "bodyOfWater": "Pacific Ocean", "description": "coral dating", "publish": true, "numTsunamiEvents": 0}}, {"type": "Feature", "id": "785", "geometry": {"type": "Point", "coordinates": [-124.0, 46.0]}, "properties": {"id": 785, "author": "Haley, Eileen Hemphill and Robert C. Witter", "year": "1998", "referenceId": 4983, "publicationType": 1, "event": "Cascadia Earthquake", "geologicAgeId": 15, "yearBegin": 1700, "yearEnd": 1700, "locationName": "Bradley Lake and Euchre Creek, Oregon and Niawaikum Washington, USA", "country": "USA", "bodyOfWater": "Pacific Ocean", "description": "Lacustrine", "environment": "Lake, River", "publish": true, "ageDescription": "1700", "numTsunamiEvents": 0}}, {"type": "Feature", "id": "787", "geometry": {"type": "Point", "coordinates": [-82.2, 23.0]}, "properties": {"id": 787, "author": "Goto, K.; Tajika, E.; Tada, R.; Iturralde-Vinent, M. A.; Kiyokawa, S.; Nakano, Y.; Yamamoto, S.; Garcia, D.; Oji, T.; Rojas, R.; Takayama, H.; Matsui, T.", "year": "2001", "referenceId": 4285, "publicationType": 1, "event": "K/T Boundary Impact", "geologicAgeId": 13, "locationName": "Penalver Formation, Cuba (northwest)", "country": "CUBA", "bodyOfWater": "Tethys", "environment": "deep sea", "publish": true, "ageDescription": "Cretaceous-Tertiary (K/T) Boundary", "numTsunamiEvents": 0}}, {"type": "Feature", "id": "789", "geometry": {"type": "Point", "coordinates": [-157.0, 20.7]}, "properties": {"id": 789, "author": "Keating, Barbara H.", "year": "1997", "referenceId": 4481, "publicationType": 1, "event": "Uplift", "geologicAgeId": 15, "locationName": "Lanai, Hawaii", "country": "USA", "bodyOfWater": "Pacific Ocean", "description": "uplift from lithospheric bulge;lags", "environment": "rocky coast", "publish": true, "ageDescription": "190 ka", "numTsunamiEvents": 0}}, {"type": "Feature", "id": "790", "geometry": {"type": "Point", "coordinates": [32.3, 36.0]}, "properties": {"id": 790, "author": "Reinhardt, Eduard G., Beverly N. Goodman, Joe I. Boyce, Gloria Lopez, Peter van Hengstum, W. Jack Rink, Yossi Mart and Avner Raban", "year": "2006", "referenceId": 4282, "publicationType": 4, "event": "115 AD Israel Earthquake & Tsunami", "geologicAgeId": 15, "yearBegin": 115, "yearEnd": 115, "locationName": "Herod the Grea'ts Harbor at Caesarea Maritime, Israel", "country": "ISRAEL", "bodyOfWater": "Mediterranean Sea", "description": "clastic shelf environment, shells carried out through harbor", "environment": "Shallow Harbor", "publish": true, "ageDescription": "December 13, 115", "numTsunamiEvents": 0}}, {"type": "Feature", "id": "791", "geometry": {"type": "Point", "coordinates": [-120.0, 39.5]}, "properties": {"id": 791, "author": "Moore, James G., Richard A. Schweickert, Joel E. Robinson, Mary M. Lahren, and Christopher A. Kitts", "year": "2006", "referenceId": 4042, "publicationType": 4, "event": "McKinney Bay Landslide Tsunami", "geologicAgeId": 15, "locationName": "Lake Tahoe, California-Nevada, USA", "country": "USA", "bodyOfWater": "Inland waterway", "description": "wave cut bench (-15m), boulder ridges, loose well sorted cobbles & boulders", "environment": "lake, westside failed", "publish": true, "ageDescription": "Estimate 7-15 ka", "numTsunamiEvents": 0}}, {"type": "Feature", "id": "792", "geometry": {"type": "Point", "coordinates": [-100.0, 25.0]}, "properties": {"id": 792, "author": "Keller, Gerta, Wolfgang Stinnesbeck, and Thierry Adatte", "year": "2002", "referenceId": 5090, "publicationType": 4, "event": "K/T Boundary Impact", "geologicAgeId": 13, "locationName": "El Tecolote, NE Mexico", "country": "MEXICO", "bodyOfWater": "Tethys", "environment": "submarine", "publish": true, "ageDescription": "Cretaceous-Tertiary (K/T) Boundary", "numTsunamiEvents": 0}}, {"type": "Feature", "id": "793", "geometry": {"type": "Point", "coordinates": [-100.0, 25.0]}, "properties": {"id": 793, "author": "Soria, A.R., C.L. Liesa, M.P.Mata, J.A. Arz, L. Alegret, I. Arenillas, A. Melendez", "year": "2001", "referenceId": 4258, "publicationType": 4, "event": "K/T Boundary Impact", "geologicAgeId": 13, "locationName": "El Tecolote, NE Mexico", "country": "MEXICO", "bodyOfWater": "Tethys", "description": "slumping & sand bar deposit", "environment": "submarine", "publish": true, "ageDescription": "Cretaceous-Tertiary (K/T) Boundary", "numTsunamiEvents": 0}}, {"type": "Feature", "id": "794", "geometry": {"type": "Point", "coordinates": [-150.0, 61.0]}, "properties": {"id": 794, "author": "Hawkes, A.D., D.B. Scott, J.H. Lipps, and R. Combellick", "year": "2005", "referenceId": 4689, "publicationType": 4, "event": "1964 Alaskan Earthquake & Tsunami", "geologicAgeId": 15, "yearBegin": 1964, "yearEnd": 1964, "locationName": "Turnagain Arm, Alaska, USA", "country": "USA", "bodyOfWater": "Pacific Ocean", "description": "small subsidence prior to EQ forest transformed into high salt marsh & intertidal mud flat (post EQ)", "environment": "marsh", "publish": true, "ageDescription": "March 27, 1964", "numTsunamiEvents": 0}}, {"type": "Feature", "id": "795", "geometry": {"type": "Point", "coordinates": [-124.0, 45.5]}, "properties": {"id": 795, "author": "Hawkes, A.D., D.B. Scott, J.H. Lipps, and R. Combellick", "year": "2005", "referenceId": 4689, "publicationType": 4, "event": "1964 Alaskan Earthquake & Tsunami & 3000 BP", "geologicAgeId": 15, "yearEnd": 1964, "locationName": "Netarts Bay, Oregon, USA", "country": "USA", "bodyOfWater": "Pacific Ocean", "environment": "marsh", "publish": true, "ageDescription": "Holocene", "numTsunamiEvents": 0}}, {"type": "Feature", "id": "796", "geometry": {"type": "Point", "coordinates": [176.9, -39.5]}, "properties": {"id": 796, "author": "Cochran, U., K. Berryman, J. Zachariasen, D. Mildenhall, B. Hayward, K. Southall, C. Hollis, P. Barker, L. Wallace, B. Alloway, and K. Wilson", "year": "2006", "referenceId": 3273, "publicationType": 4, "event": "Earthquake and tsunami and sudden subsidence", "geologicAgeId": 15, "locationName": "North Island (east), New Zealand", "country": "NEW ZEALAND", "bodyOfWater": "Pacific Ocean", "description": "sand sheet intrude into marsh deposits", "environment": "Forearc basin adjacent to Hikurangi subduction zone, marsh", "publish": true, "ageDescription": "Holocene", "numTsunamiEvents": 0}}, {"type": "Feature", "id": "797", "geometry": {"type": "Point", "coordinates": [-122.0, 48.0]}, "properties": {"id": 797, "author": "Bourgeois, Joanne, and Samuel Y. Johnson", "year": "2001", "referenceId": 3114, "publicationType": 4, "event": "Cascadia Earthquake", "geologicAgeId": 15, "yearEnd": 1700, "locationName": "Snohomish Delta, Everett, Washington, USA", "country": "USA", "bodyOfWater": "Pacific Ocean", "description": "deposits drape topography, buried pre-existing vegetation", "environment": "subtidal, intratidal, supratidal delta", "publish": true, "ageDescription": "Last 1200 years", "numTsunamiEvents": 0}}, {"type": "Feature", "id": "798", "geometry": {"type": "Point", "coordinates": [163.0, 56.0]}, "properties": {"id": 798, "author": "Bourgeois, Joanne, Tatiana K. Pinegina, Vera Ponomareva, and Natalia Zaretskaia", "year": "2006", "referenceId": 3115, "publicationType": 4, "event": "1969 Kamchatka Earthquake & Tsunami", "geologicAgeId": 15, "yearBegin": 1969, "yearEnd": 1969, "locationName": "Kamchatka, Russia", "country": "RUSSIA", "bodyOfWater": "Pacific Ocean", "environment": "sandy beach, lake", "publish": true, "ageDescription": "November 23, 1969", "numTsunamiEvents": 0}}, {"type": "Feature", "id": "799", "geometry": {"type": "Point", "coordinates": [-122.0, 47.5]}, "properties": {"id": 799, "author": "Karlin, Robert E., Mark Holmes, S.E.B. Abella, and Richard Sylwester", "year": "2004", "referenceId": 4986, "publicationType": 4, "event": "Submarine landslide", "geologicAgeId": 15, "locationName": "Lake Washington, Washington, USA", "country": "USA", "bodyOfWater": "Inland waterway", "environment": "lake", "publish": true, "ageDescription": "Holocene", "numTsunamiEvents": 0}}, {"type": "Feature", "id": "800", "geometry": {"type": "Point", "coordinates": [-120.0, 39.5]}, "properties": {"id": 800, "author": "Gardner, James V., Larry A. Mayer, and John E. Hughs Clarke", "year": "2000", "referenceId": 4041, "publicationType": 4, "event": "Tahoe Glaciation Landslide", "geologicAgeId": 15, "locationName": "Lake Tahoe, California-Nevada, USA", "country": "USA", "bodyOfWater": "Inland waterway", "description": "major debris avalanche carried large blocks down", "publish": true, "ageDescription": "Last 160,000 years", "numTsunamiEvents": 0}}, {"type": "Feature", "id": "801", "geometry": {"type": "Point", "coordinates": [-122.5, 47.0]}, "properties": {"id": 801, "author": "Sherrod, Brian L.", "year": "2001", "referenceId": 2886, "publicationType": 4, "event": "Earthquake", "geologicAgeId": 15, "locationName": "McAllister Creek and Nisqually River, Puget Sound (south), Washington, USA", "country": "USA", "bodyOfWater": "Pacific Ocean", "description": "marsh with 1-3m subsidence", "environment": "marsh", "publish": true, "ageDescription": "Last 1100 years", "numTsunamiEvents": 0}}, {"type": "Feature", "id": "802", "geometry": {"type": "Point", "coordinates": [-124.5, 43.0]}, "properties": {"id": 802, "author": "Kelsey, Harvey M., Alan R. Nelson, Eileen Hemphill-Haley, and Robert C. Witter", "year": "2005", "referenceId": 3200, "publicationType": 4, "event": "Cascadia Earthquake", "geologicAgeId": 15, "locationName": "Bradley Lake, Oregon, USA", "country": "USA", "bodyOfWater": "Pacific Ocean", "description": "laminated lake sediments behind dunes, marine incursion into lake", "environment": "lake, near shore", "publish": true, "ageDescription": "4600 year record", "numTsunamiEvents": 0}}, {"type": "Feature", "id": "803", "geometry": {"type": "Point", "coordinates": [-6.0, 36.2]}, "properties": {"id": 803, "author": "Whelan, F. and D. Kelletat", "year": "2005", "referenceId": 4893, "publicationType": 4, "event": "1755 Lisbon Earthquake & Tsunami", "geologicAgeId": 15, "yearBegin": 1755, "yearEnd": 1755, "locationName": "Cabo de Trafalgar, Southern Spain", "country": "SPAIN", "bodyOfWater": "Atlantic Ocean", "description": "boulder deposits", "environment": "coastal platform", "publish": true, "ageDescription": "1755", "numTsunamiEvents": 0}}, {"type": "Feature", "id": "804", "geometry": {"type": "Point", "coordinates": [-70.0, -37.5]}, "properties": {"id": 804, "author": "Scasso, Roberto A., Andrea Concheyro, Wolfgang Kiessling, Martin Aberhan, Lutz Hecht, Francisco A. Medina, and Roald Tagle", "year": "2005", "referenceId": 4860, "publicationType": 4, "event": "K/T Boundary Impact", "geologicAgeId": 13, "locationName": "Neuquen Basin, Argentina", "country": "ARGENTINA", "bodyOfWater": "Tethys", "description": "distal tsunami deposit related to Chicxulub impact", "environment": "submarine", "publish": true, "ageDescription": "Cretaceous-Tertiary (K/T) Boundary", "numTsunamiEvents": 0}}, {"type": "Feature", "id": "805", "geometry": {"type": "Point", "coordinates": [-74.5, 24.0]}, "properties": {"id": 805, "author": "Hearty, Paul J., A. Conrad Neumann, Darrell S. Kaufman", "year": "1998", "referenceId": 4341, "publicationType": 4, "event": "Storm versus tsunami", "geologicAgeId": 15, "locationName": "Bahamas", "country": "BAHAMAS", "bodyOfWater": "Caribbean Sea", "description": "giant boulders; chevron formation, V shaped sand ridges", "publish": true, "ageDescription": "Holocene/Pleistocene", "numTsunamiEvents": 0}}, {"type": "Feature", "id": "806", "geometry": {"type": "Point", "coordinates": [-110.0, 48.5]}, "properties": {"id": 806, "author": "Pratt, Brian R.", "year": "2002", "referenceId": 4795, "publicationType": 4, "event": "Tectonic earthquake", "geologicAgeId": 2, "locationName": "Montana (north-central), USA", "country": "USA", "bodyOfWater": "Laurentia Sea", "description": "shallow intracratonic sea", "environment": "continental shelf succession", "publish": true, "ageDescription": "Upper Cambrian", "numTsunamiEvents": 0}}, {"type": "Feature", "id": "807", "geometry": {"type": "Point", "coordinates": [-62.2, 16.72]}, "properties": {"id": 807, "author": "Edmonds, Marie and Richard A. Herd", "year": "2005", "referenceId": 4873, "publicationType": 4, "event": "1995-2004 Montserrat Eruption & Tsunami", "geologicAgeId": 15, "yearBegin": 1995, "yearEnd": 2004, "locationName": "Soufriere Hills, Montserrat, Guadeloupe 48km SE", "country": "MONTSERRAT", "bodyOfWater": "Caribbean Sea", "description": "lava dome collapse", "publish": true, "ageDescription": "1995-2004", "numTsunamiEvents": 0}}, {"type": "Feature", "id": "808", "geometry": {"type": "Point", "coordinates": [-92.0, 19.5]}, "properties": {"id": 808, "author": "Grajales-Nishimura, Jose M., Esteban Cedillo Pardo, Carmen Rosales-Dominguez, Dante J. Moran-Zenteno, Walter Alvarez, Philippe Claeys, Jose Ruiz-Morales, Jesus Garcia-Hernandez, Patricia Padilla-Avila, and Antonieta Sanchez-Rios", "year": "2000", "referenceId": 4762, "publicationType": 4, "event": "Chicxulub Impact", "geologicAgeId": 13, "locationName": "Campeche marine platform (west Yucatan platform)", "country": "MEXICO", "bodyOfWater": "Tethys", "description": "major slumping of the carbonate margin", "environment": "submarine", "publish": true, "ageDescription": "Cretaceous-Tertiary (K/T) Boundary", "numTsunamiEvents": 0}}, {"type": "Feature", "id": "811", "geometry": {"type": "Point", "coordinates": [-102.0, 44.0]}, "properties": {"id": 811, "author": "Stoffer, Philip W., Paula Messina, John A. Chamberlain, Jr, Dennis O. Terry, Jr", "year": "1999", "referenceId": 4863, "publicationType": 1, "event": "K/T Boundary Impact", "geologicAgeId": 13, "locationName": "North Unit of Badlands National Park, USA", "country": "USA", "bodyOfWater": "Tethys", "description": "carbon platform landslide", "publish": true, "ageDescription": "Cretaceous-Tertiary (K/T) Boundary", "numTsunamiEvents": 0}}, {"type": "Feature", "id": "813", "geometry": {"type": "Point", "coordinates": [7.3, 44.75]}, "properties": {"id": 813, "author": "Savoye, B., P. Cochonat, D.J.W. Piper, and H. Nelson", "year": "1997", "referenceId": 4718, "publicationType": 1, "event": "1979 Nice Landslide Tsunami", "geologicAgeId": 15, "yearBegin": 1979, "yearEnd": 1979, "locationName": "UAR Deep Sea Fan, off Nice, France", "country": "FRANCE", "bodyOfWater": "Mediterranean Sea", "description": "sand ridges & erosional scars in lower fan valley", "environment": "deep sea turbidite flow", "publish": true, "ageDescription": "October 16, 1979", "numTsunamiEvents": 0}}, {"type": "Feature", "id": "814", "geometry": {"type": "Point", "coordinates": [7.3, 44.75]}, "properties": {"id": 814, "author": "Savoye, B., P. Cochonat, D.J.W. Piper, and H. Nelson", "year": "1996", "referenceId": 4717, "publicationType": 1, "event": "Turbidity currents", "geologicAgeId": 15, "locationName": "Deep Sea Fan, Nice, France", "country": "FRANCE", "bodyOfWater": "Mediterranean Sea", "description": "sand ridges & erosional scars in lower fan valley", "publish": true, "ageDescription": "Late Quaternary", "numTsunamiEvents": 0}}, {"type": "Feature", "id": "816", "geometry": {"type": "Point", "coordinates": [-98.0, 21.0]}, "properties": {"id": 816, "author": "Stueben, D., U. Kramar, M. Harting, W. Stinnesbeck, and G. Keller", "year": "2005", "referenceId": 4865, "publicationType": 4, "event": "K/T Boundary Impact", "geologicAgeId": 13, "locationName": "Mexico", "country": "MEXICO", "bodyOfWater": "Tethys", "environment": "submarine", "publish": true, "ageDescription": "Cretaceous-Tertiary (K/T) Boundary", "numTsunamiEvents": 0}}, {"type": "Feature", "id": "818", "geometry": {"type": "Point", "coordinates": [150.8, -34.6]}, "properties": {"id": 818, "author": "Switzer, Adam D., Charles S. Bristow, and Brian G. Jones", "year": "2006", "referenceId": 3087, "publicationType": 4, "event": "Storm versus tsunami", "geologicAgeId": 15, "locationName": "Killalea Lagoon, New South Wales, Australia", "country": "AUSTRALIA", "bodyOfWater": "Pacific Ocean", "description": "extreme washover events, breached & removed dunes", "environment": "Back barrier lagoon", "publish": true, "ageDescription": "Late Holocene", "numTsunamiEvents": 0}}, {"type": "Feature", "id": "820", "geometry": {"type": "Point", "coordinates": [-92.0, 19.5]}, "properties": {"id": 820, "author": "Smit, Jan, Alessandro Montanari, Nicola H.M. Swinburne, Walter Alvarez, Alan R. Hildebrand, Stanley V. Margolis, Philippe Claeys, William Lowrie, and Frank Asaro", "year": "1992", "referenceId": 2888, "publicationType": 4, "event": "K/T Boundary Impact", "geologicAgeId": 13, "locationName": "Gulf of Mexico Margin", "country": "MEXICO", "bodyOfWater": "Tethys", "publish": true, "ageDescription": "Cretaceous-Tertiary (K/T) Boundary", "numTsunamiEvents": 0}}, {"type": "Feature", "id": "822", "geometry": {"type": "Point", "coordinates": [35.0, 32.0]}, "properties": {"id": 822, "author": "Niemi, Tina M., Zvi Ben-Avraham", "year": "1994", "referenceId": 4705, "publicationType": 4, "event": "1927 Jericho Earthquake & Tsunami", "geologicAgeId": 15, "yearBegin": 1927, "yearEnd": 1927, "locationName": "Jordan River, Dead Sea", "country": "JORDAN", "bodyOfWater": "Dead Sea", "description": "faults & scarps, mass movement", "publish": true, "ageDescription": "1927", "numTsunamiEvents": 0}}, {"type": "Feature", "id": "824", "geometry": {"type": "Point", "coordinates": [-55.5, 47.0]}, "properties": {"id": 824, "author": "Ruffman, Alan", "year": "1998", "referenceId": 4994, "publicationType": 1, "event": "Tsunami deposits", "locationName": "Brook Pond (west), Gros Morne National Park, Newfoundland", "country": "CANADA", "bodyOfWater": "Atlantic Ocean", "environment": "sandy beach, rocky cliffs", "publish": true, "numTsunamiEvents": 0}}, {"type": "Feature", "id": "826", "geometry": {"type": "Point", "coordinates": [160.0, 55.0]}, "properties": {"id": 826, "author": "Pinegina, T.K., I.V. Melekestsev, O.A. Braytseva, L.I. Bazanova, and A.V. Storcheus", "year": "1997", "referenceId": 4920, "publicationType": 4, "event": "Prehistoric tsunamis", "locationName": "Kamchatka, Russia (east coast)", "country": "RUSSIA", "bodyOfWater": "Pacific Ocean", "publish": true, "numTsunamiEvents": 0}}, {"type": "Feature", "id": "829", "geometry": {"type": "Point", "coordinates": [-118.2, 33.5]}, "properties": {"id": 829, "author": "Jacobs, Stephen E., Edward Marks, and Arthur R. Brown", "year": "2001", "referenceId": 5071, "publicationType": 1, "event": "Uplift", "geologicAgeId": 15, "locationName": "San Pedro, California, USA", "country": "USA", "bodyOfWater": "Pacific Ocean", "description": "wave cut beach; uplift terrace deposits", "publish": true, "ageDescription": "Late Pleistocene", "numTsunamiEvents": 0}}, {"type": "Feature", "id": "832", "geometry": {"type": "Point", "coordinates": [140.0, 42.44]}, "properties": {"id": 832, "author": "Nanayama, F. and K. Shigeno", "year": "2006", "referenceId": 4933, "publicationType": 4, "event": "1993 SW Hokkaido Earthquake & Tsunami", "geologicAgeId": 15, "yearBegin": 1993, "yearEnd": 1993, "locationName": "Lower Yubetsu River, Hokkaido (southwest), Japan", "country": "JAPAN", "bodyOfWater": "Pacific Ocean", "description": "erosion of seabed at depths below 5.5m & coarse fluvial eroded sediments", "publish": true, "ageDescription": "July 12, 1993", "numTsunamiEvents": 0}}, {"type": "Feature", "id": "833", "geometry": {"type": "Point", "coordinates": [-158.0, 21.7]}, "properties": {"id": 833, "author": "Noormets, Riko, E. Anne Felton, and Keith A.W. Crook", "year": "2002", "referenceId": 2938, "publicationType": 4, "event": "1946 Aleutian Tsunami & Storm comparison", "geologicAgeId": 15, "yearBegin": 1946, "yearEnd": 1946, "locationName": "Sunset Beach, Oahu, Hawaii", "country": "USA", "bodyOfWater": "Pacific Ocean", "description": "mega clasts; blocks on reef terraces", "environment": "low submerged shoreline cliff", "publish": true, "ageDescription": "1946", "numTsunamiEvents": 0}}, {"type": "Feature", "id": "834", "geometry": {"type": "Point", "coordinates": [15.3, 38.8]}, "properties": {"id": 834, "author": "Romagnoli, Claudia, Francesco Mancini, and Roberta Brunelli", "year": "2006", "referenceId": 4919, "publicationType": 4, "event": "Stromboli landslide debris avalanche", "geologicAgeId": 15, "yearBegin": 1938, "yearEnd": 2003, "locationName": "Stromboli , Italy", "country": "ITALY", "bodyOfWater": "Mediterranean Sea", "description": "submerged coastal platforms=abundant material in near shore environment", "environment": "volcanic margin, island, rocky cliff, rocky coast", "publish": true, "ageDescription": "1938-2003", "numTsunamiEvents": 0}}, {"type": "Feature", "id": "835", "geometry": {"type": "Point", "coordinates": [14.4, 40.6]}, "properties": {"id": 835, "author": "Sacchi, M., D. Insinga, A. Milia, F. Molisso, A. Raspini, M.M. Torrente, and A. Conforti", "year": "2005", "referenceId": 3228, "publicationType": 4, "event": "79 AD Vesuvius Eruption & Tsunami", "geologicAgeId": 15, "yearBegin": 79, "yearEnd": 79, "locationName": "Sarno prodelta system, SE Naples Bay, Italy", "country": "ITALY", "bodyOfWater": "Mediterranean Sea", "description": "volcanogenic local uplift", "publish": true, "ageDescription": "79", "numTsunamiEvents": 0}}, {"type": "Feature", "id": "836", "geometry": {"type": "Point", "coordinates": [-117.0, 33.2]}, "properties": {"id": 836, "author": "Kuhn, Gerald G.", "year": "2005", "referenceId": 3219, "publicationType": 4, "event": "Earthquake", "geologicAgeId": 15, "locationName": "San Diego County (northern), California, USA; Northern coastal California", "country": "USA", "bodyOfWater": "Pacific Ocean", "description": "paleoseismic", "publish": true, "ageDescription": "Late Holocene, Late Quaternary", "numTsunamiEvents": 0}}, {"type": "Feature", "id": "837", "geometry": {"type": "Point", "coordinates": [-94.0, 17.0]}, "properties": {"id": 837, "author": "Arz, J.A., I. Arenillas, A.R. Soria, L. Alegret, J.M. Grajales-Nishimura, C.L. Liesa, A. Melendez, E. Molina, and M.C. Rosales", "year": "2001", "referenceId": 4752, "publicationType": 4, "event": "K/T Boundary Impact", "geologicAgeId": 13, "locationName": "La Ceiba section, Mexico", "country": "MEXICO", "bodyOfWater": "Tethys", "description": "turbidites", "environment": "submarine landslide", "publish": true, "ageDescription": "Cretaceous-Tertiary (K/T) Boundary", "numTsunamiEvents": 0}}, {"type": "Feature", "id": "839", "geometry": {"type": "Point", "coordinates": [-90.0, 21.0]}, "properties": {"id": 839, "author": "Griscom, D.L., V. Beltran-Lopez, C.I. Merzbacher, and E. Bolden", "year": "1999", "referenceId": 4765, "publicationType": 4, "event": "K/T Boundary Impact", "geologicAgeId": 13, "locationName": "Chicxulub crater, Mexico", "country": "MEXICO", "bodyOfWater": "Tethys", "publish": true, "ageDescription": "Cretaceous-Tertiary (K/T) Boundary", "numTsunamiEvents": 0}}, {"type": "Feature", "id": "840", "geometry": {"type": "Point", "coordinates": [-96.7, 20.0]}, "properties": {"id": 840, "author": "Stinnesbeck, Wolfgang, Gerta Keller, Peter Schulte, Doris Stueben, Zsolt Berner, Utz Kramar, Jose Guadalupe Lopez-Oliva", "year": "2002", "referenceId": 4869, "publicationType": 4, "event": "K/T Boundary Impact", "geologicAgeId": 13, "locationName": "Coxquihui, state of Veracruz, Mexico", "country": "MEXICO", "bodyOfWater": "Tethys", "environment": "submarine landslide", "publish": true, "ageDescription": "Cretaceous-Tertiary (K/T) Boundary", "numTsunamiEvents": 0}}, {"type": "Feature", "id": "841", "geometry": {"type": "Point", "coordinates": [-97.6, 31.5]}, "properties": {"id": 841, "author": "Schulte, P., Speijer, R., Mai, H., Kontny, A.", "year": "2006", "referenceId": 4256, "publicationType": 4, "event": "Chicxulub Impact", "geologicAgeId": 13, "locationName": "Brazos River, Texas, USA", "country": "USA", "bodyOfWater": "Tethys", "description": "high energetic debris flows & turbidites", "environment": "submarine", "publish": true, "ageDescription": "Cretaceous-Paleogene", "numTsunamiEvents": 0}}, {"type": "Feature", "id": "842", "geometry": {"type": "Point", "coordinates": [150.9, -34.6]}, "properties": {"id": 842, "author": "Switzer, Adam D., Kevin Pucillo, Rabea A. Haredy, Brian G. Jones, and Edward A. Bryant", "year": "2005", "referenceId": 3088, "publicationType": 4, "event": "Storm versus tsunami", "geologicAgeId": 15, "locationName": "Minnamurra, New South Wales, Australia", "country": "AUSTRALIA", "bodyOfWater": "Pacific Ocean", "description": "large scale overwash; sand sheet drape the entire back barrier, over wash sedimentation", "environment": "sheltered coastal embayment", "publish": true, "ageDescription": "Late Holocene", "numTsunamiEvents": 0}}, {"type": "Feature", "id": "843", "geometry": {"type": "Point", "coordinates": [-154.0, 59.3]}, "properties": {"id": 843, "author": "Siebert, L., Beget, J.E., Glicken, H.", "year": "1995", "referenceId": 3059, "publicationType": 4, "event": "Volcanogenic tsunami", "geologicAgeId": 15, "yearEnd": 1883, "locationName": "Burr Point, Cook Inlet, Alaska, USA", "country": "USA", "bodyOfWater": "Pacific Ocean", "description": "eruption & debris avalanche into sea", "environment": "rocky point", "publish": true, "ageDescription": "200 & 400 BP, 1540+-110AD, 1883AD", "numTsunamiEvents": 0}}, {"type": "Feature", "id": "844", "geometry": {"type": "Point", "coordinates": [-104.0, 19.0]}, "properties": {"id": 844, "author": "Ortiz, M. and Gpnzales, J. I. and Ramirez-Mondragon, N. A. and Farreras, S. F.", "year": "2003", "referenceId": 4281, "publicationType": 4, "event": "2003 Colima, Mexico Earthquake & Tsunami", "geologicAgeId": 15, "yearBegin": 2003, "yearEnd": 2003, "locationName": "Colima, Mexico", "country": "MEXICO", "bodyOfWater": "Pacific Ocean", "environment": "sandy beach", "publish": true, "ageDescription": "2003", "numTsunamiEvents": 0}}, {"type": "Feature", "id": "845", "geometry": {"type": "Point", "coordinates": [163.7, 58.0]}, "properties": {"id": 845, "author": "Pedoja, Kevin, Joanne Bourgeois, Tatiana Pinegina, and Bretwood Higman", "year": "2006", "referenceId": 3123, "publicationType": 4, "event": "1969 Kamchatka Earthquake & Tsunami", "geologicAgeId": 15, "yearBegin": 1969, "yearEnd": 1969, "locationName": "Ozernoi Peninsula, Kamchatka, Russia", "country": "RUSSIA", "bodyOfWater": "Pacific Ocean", "description": "uplifted marine terraces", "publish": true, "ageDescription": "November 23, 1969", "numTsunamiEvents": 0}}, {"type": "Feature", "id": "846", "geometry": {"type": "Point", "coordinates": [-124.0, 44.4]}, "properties": {"id": 846, "author": "Peterson, Curt D., and Mark E. Darienzo", "year": "1991", "referenceId": 3124, "publicationType": 2, "event": "Earthquake and tsunami", "geologicAgeId": 15, "locationName": "Alsea Bay, Oregon, USA", "country": "USA", "bodyOfWater": "Pacific Ocean", "description": "deposits blanket marsh sediments", "environment": "marsh", "publish": true, "ageDescription": "Late Holocene", "numTsunamiEvents": 0}}, {"type": "Feature", "id": "847", "geometry": {"type": "Point", "coordinates": [-16.0, 27.0]}, "properties": {"id": 847, "author": "Perez-Torrado, Francisco J., Raphael Paris, Maria C. Cabrera, Jean-Luc Schneider, Patrick Wassmer, Juan-Carlos Carracedo, Angel Rodriguez-Santana, Francisco Santana", "year": "2006", "referenceId": 4269, "publicationType": 4, "event": "Tsunami deposits", "geologicAgeId": 15, "locationName": "Agaete Valley, Gran Caneria, NW Canary Islands", "country": "SPAIN", "bodyOfWater": "Atlantic Ocean", "description": "poor lateral continuity in traversal & longitudinal sections", "environment": "volcanic island", "publish": true, "ageDescription": "1.75 million years ago, 32,000 BP", "numTsunamiEvents": 0}}, {"type": "Feature", "id": "848", "geometry": {"type": "Point", "coordinates": [139.0, 42.0]}, "properties": {"id": 848, "author": "Abdeldayem, A.L., K. Ikehara, and T. Yamazaki", "year": "2004", "referenceId": 4934, "publicationType": 4, "event": "1993 SW Hokkaido Earthquake & Tsunami", "geologicAgeId": 15, "yearBegin": 1993, "yearEnd": 1993, "locationName": "South Margin of Japan Sea North Basin", "country": "JAPAN", "bodyOfWater": "Pacific Ocean", "description": "Seismo-turbidites", "environment": "basin", "publish": true, "ageDescription": "July 12, 1993", "numTsunamiEvents": 0}}, {"type": "Feature", "id": "849", "geometry": {"type": "Point", "coordinates": [-124.0, 46.0]}, "properties": {"id": 849, "author": "Peterson, Curt D. and George R. Priest", "year": "1995", "referenceId": 4929, "publicationType": 4, "event": "Coseismic uplift/subsidence", "geologicAgeId": 15, "locationName": "Yaquina Bay and other Oregon coast river estuaries & bays, USA", "country": "USA", "bodyOfWater": "Pacific Ocean", "description": "review", "environment": "14 marsh sites", "publish": true, "ageDescription": "Holocene", "numTsunamiEvents": 0}}, {"type": "Feature", "id": "850", "geometry": {"type": "Point", "coordinates": [141.0, 41.0]}, "properties": {"id": 850, "author": "Konno, Enzo; Iwai, Junichi; Kitamura, Nobu; Kotaka, Tamio; Mii, Hideo; Nakagawa, Hisao; Onuki, Yoshio; Shibata, Toyokichi; Takayanagi, Yokichi", "year": "1961", "referenceId": 4847, "publicationType": 4, "event": "1960 Chile Earthquake & Tsunami", "geologicAgeId": 15, "yearBegin": 1960, "yearEnd": 1960, "locationName": "Sanriku coast, Japan (southwest)", "country": "JAPAN", "bodyOfWater": "Pacific Ocean", "description": "geologic observation", "publish": true, "ageDescription": "May 1960", "numTsunamiEvents": 0}}, {"type": "Feature", "id": "851", "geometry": {"type": "Point", "coordinates": [15.0, 38.0]}, "properties": {"id": 851, "author": "Tinti, Stefano and Donatella Giuliani", "year": "1983", "referenceId": 4138, "publicationType": 4, "event": "1908 Messina Earthquake & Tsunami", "geologicAgeId": 15, "yearBegin": 1908, "yearEnd": 1908, "locationName": "Messina Strait, South Italy", "country": "ITALY", "bodyOfWater": "Mediterranean Sea", "description": "model", "publish": true, "ageDescription": "December 28, 1908", "numTsunamiEvents": 0}}, {"type": "Feature", "id": "853", "geometry": {"type": "Point", "coordinates": [137.5, -0.6]}, "properties": {"id": 853, "author": "Matsutomi, H., N. Shuto, F. Imamura, and T. Takahashi", "year": "2001", "referenceId": 1401, "publicationType": 4, "event": "1996 Iranian Jaya, Indonesia Earthquake & Tsunami", "geologicAgeId": 15, "yearBegin": 1996, "yearEnd": 1996, "locationName": "Biak Island (epicenter location) Indonesia (northeast coast)", "country": "INDONESIA", "bodyOfWater": "Pacific Ocean", "description": "survey; huge coral reef offshore, somewhat sheltered island", "environment": "island with coral reefs offshore", "publish": true, "ageDescription": "1996", "numTsunamiEvents": 0}}, {"type": "Feature", "id": "854", "geometry": {"type": "Point", "coordinates": [-124.0, 41.0]}, "properties": {"id": 854, "author": "Carver, G.A.; Abramson, H.A.; Garrison-Laney, C.E.; Leroy, T.", "year": "1999", "referenceId": 4979, "publicationType": 1, "event": "Cascadia Earthquake", "geologicAgeId": 15, "locationName": "California (northeast), USA", "country": "USA", "bodyOfWater": "Pacific Ocean", "environment": "marsh & ponds", "publish": true, "ageDescription": "Late Holocene", "numTsunamiEvents": 0}}, {"type": "Feature", "id": "855", "geometry": {"type": "Point", "coordinates": [-124.0, 46.0]}, "properties": {"id": 855, "author": "Clague, John J.", "year": "2003", "referenceId": 4485, "publicationType": 1, "event": "Subduction earthquake", "locationName": "Cascadia Margin", "country": "USA", "bodyOfWater": "Pacific Ocean", "description": "drapes marsh or lake bottom", "environment": "Tidal flat, coastal lakes", "publish": true, "numTsunamiEvents": 0}}, {"type": "Feature", "id": "856", "geometry": {"type": "Point", "coordinates": [10.5, 36.0]}, "properties": {"id": 856, "author": "Wood, P.B.", "year": "1994", "referenceId": 4486, "publicationType": 4, "event": "Storm versus tsunami", "geologicAgeId": 15, "locationName": "Hergla and Chebba, Tunisia", "country": "TUNISIA", "bodyOfWater": "Mediterranean Sea", "publish": true, "ageDescription": "115-130 ka", "numTsunamiEvents": 0}}, {"type": "Feature", "id": "859", "geometry": {"type": "Point", "coordinates": [140.0, 35.0]}, "properties": {"id": 859, "author": "Fujiwara, Osamu, Fujio Masuda, Tersuya Sakai, Keisuke Fuse, and Akira Sairo", "year": "1997", "referenceId": 3263, "publicationType": 4, "event": "Tsunami deposits", "locationName": "Boso and Miura peninsulas, Japan", "country": "JAPAN", "bodyOfWater": "Pacific Ocean", "publish": true, "numTsunamiEvents": 0}}, {"type": "Feature", "id": "861", "geometry": {"type": "Point", "coordinates": [140.0, 35.0]}, "properties": {"id": 861, "author": "Fujiwara, Osamu, Fujio Masuda, Tetsuya  Sakai,  Toshiaki Irizuki, Keisuke Fuse", "year": "1999", "referenceId": 4489, "publicationType": 4, "event": "Earthquakes of Sagami Trough & Uplift", "geologicAgeId": 15, "locationName": "Boso and Miura peninsulas, Central Japan", "country": "JAPAN", "bodyOfWater": "Pacific Ocean", "environment": "Bay", "publish": true, "ageDescription": "79 ages (Holocene)", "numTsunamiEvents": 0}}, {"type": "Feature", "id": "862", "geometry": {"type": "Point", "coordinates": [140.0, 35.0]}, "properties": {"id": 862, "author": "Fujiwara O., F. Masuda, T. Sakai, T. Irizuki, and K. Fuse", "year": "1999", "referenceId": 4666, "publicationType": 4, "event": "Great Earthquakes of Sagami Trough & Uplift", "geologicAgeId": 15, "locationName": "Sagami Trough, Japan", "country": "JAPAN", "bodyOfWater": "Pacific Ocean", "publish": true, "ageDescription": "Last 10,000 years", "numTsunamiEvents": 0}}, {"type": "Feature", "id": "863", "geometry": {"type": "Point", "coordinates": [140.5, 35.0]}, "properties": {"id": 863, "author": "Fujiwara, Osamu, Takanobu Kamataki, Toru Tamura", "year": "2003", "referenceId": 4492, "publicationType": 4, "event": "Uplift/Subsidence", "locationName": "Boso Peninsula, Central Japan", "country": "JAPAN", "bodyOfWater": "Pacific Ocean", "environment": "drowned valley deposits", "publish": true, "numTsunamiEvents": 0}}, {"type": "Feature", "id": "864", "geometry": {"type": "Point", "coordinates": [140.5, 35.0]}, "properties": {"id": 864, "author": "Fujiwara, Osamu, Takanobu Kamataki, Keisuke Fuse", "year": "2003", "referenceId": 4491, "publicationType": 4, "event": "Storm versus tsunami", "geologicAgeId": 15, "locationName": "S. Boso Peninsula, E. Japan", "country": "JAPAN", "bodyOfWater": "Pacific Ocean", "environment": "drowned valley", "publish": true, "ageDescription": "Holocene", "numTsunamiEvents": 0}}, {"type": "Feature", "id": "865", "geometry": {"type": "Point", "coordinates": [140.5, 35.0]}, "properties": {"id": 865, "author": "Fujiwara, Osamu, Takanobu Kamataki", "year": "2003", "referenceId": 4490, "publicationType": 4, "event": "Coseismic", "geologicAgeId": 15, "locationName": "Boso Peninsula, Central Japan", "country": "JAPAN", "bodyOfWater": "Pacific Ocean", "publish": true, "ageDescription": "Last 6500 years", "numTsunamiEvents": 0}}, {"type": "Feature", "id": "866", "geometry": {"type": "Point", "coordinates": [141.0, 41.0]}, "properties": {"id": 866, "author": "Kato, Y., Z. Suzuki, K. Nakamura and A. Takagi", "year": "1961", "referenceId": 4721, "publicationType": 4, "event": "1960 Chile Earthquake & Tsunami", "geologicAgeId": 15, "yearBegin": 1960, "yearEnd": 1960, "locationName": "Sanriku coast, Japan (southwest)", "country": "JAPAN", "bodyOfWater": "Pacific Ocean", "publish": true, "ageDescription": "May 1960", "numTsunamiEvents": 0}}, {"type": "Feature", "id": "867", "geometry": {"type": "Point", "coordinates": [140.5, -3.0]}, "properties": {"id": 867, "author": "Kawata, Yoshiaki et al", "year": "1999", "referenceId": 2707, "publicationType": 2, "event": "1998 Papua New Guinea Earthquake & Tsunami", "geologicAgeId": 15, "yearBegin": 1998, "yearEnd": 1998, "locationName": "Papua New Guinea (northwest)", "country": "PAPUA NEW GUINEA", "bodyOfWater": "Pacific Ocean", "description": "survey", "publish": true, "ageDescription": "July 17, 1998", "numTsunamiEvents": 0}}, {"type": "Feature", "id": "870", "geometry": {"type": "Point", "coordinates": [172.0, -41.0]}, "properties": {"id": 870, "author": "Goff, James R.", "year": "1997", "referenceId": 3167, "publicationType": 4, "event": "Earthquake uplift and anthropogenic activity", "geologicAgeId": 15, "locationName": "Cook Strait (south), New Zealand", "country": "NEW ZEALAND", "bodyOfWater": "Pacific Ocean", "description": "sedimentary records", "publish": true, "ageDescription": "10,000-year chronology Holocene", "numTsunamiEvents": 0}}, {"type": "Feature", "id": "871", "geometry": {"type": "Point", "coordinates": [-104.0, 20.0]}, "properties": {"id": 871, "author": "Godin, G., de la Paz, R., Rodriquez, N., Ortiz, M.", "year": "1980", "referenceId": 4496, "publicationType": 4, "event": "Sea and tide levels", "locationName": "Mexico (west)", "country": "MEXICO", "bodyOfWater": "Pacific Ocean", "publish": true, "numTsunamiEvents": 0}}, {"type": "Feature", "id": "873", "geometry": {"type": "Point", "coordinates": [145.0, 43.0]}, "properties": {"id": 873, "author": "Soeda, Yuji, Nanayama, Futoshi, Shigeno, Kiyoyuki, Furukawa, Ryuta, Kumasaki, Nobuhiro, Tsutsumi, Yasuo, Kurumazuka, Hiroshi, Sawai, Yuki, Satake, Kenji, Nakagawa, Mitsuru, Yamada, Goro, Katsuragawa, Minoru and Akamatsu, M.", "year": "2003", "referenceId": 4498, "publicationType": 4, "event": "1843 Tokachi-oki Earthquake & Tsunami", "geologicAgeId": 15, "yearBegin": 1843, "yearEnd": 1843, "locationName": "Kokutaiji Temple, Akkeshi Town, Hokkaido (east), Japan", "country": "JAPAN", "bodyOfWater": "Pacific Ocean", "environment": "lowlands, marsh & lake", "publish": true, "ageDescription": "1843", "numTsunamiEvents": 0}}, {"type": "Feature", "id": "874", "geometry": {"type": "Point", "coordinates": [144.8, 43.0]}, "properties": {"id": 874, "author": "Nanayama, Futoshi, Makino, Akito, Satake, Kenji, Furukawa, Ryuta, Yokoyama, Yoshiharu, Nakagawa, Mitsuru, Tsukuda, Eikichi and Sugiyama, Yuichi", "year": "2001", "referenceId": 4499, "publicationType": 4, "event": "Kuril Subduction Zone", "geologicAgeId": 15, "locationName": "Lake Harutori-ko, Kushiro City, E. Hokkaido Japan", "country": "JAPAN", "bodyOfWater": "Pacific Ocean", "environment": "Lake, Kiritappu marsh", "publish": true, "ageDescription": "9000-6000 BP", "numTsunamiEvents": 0}}, {"type": "Feature", "id": "875", "geometry": {"type": "Point", "coordinates": [138.0, 34.4]}, "properties": {"id": 875, "author": "Takada, Keita, Satake, Kenji, Sangawa, Akira, Shimokawa, Koichi, Kumagai, Hiroyuki, Goto, Kenichi and Haraguchi, Tsuyoshi", "year": "2002", "referenceId": 4324, "publicationType": 4, "event": "1707 Hoei Earthquake/Nankai Trough, 1605 Tokai Earthquake", "geologicAgeId": 15, "yearBegin": 690, "yearEnd": 1260, "locationName": "Enshu-nada, Kosai City, Shizuoka, Japan", "country": "JAPAN", "bodyOfWater": "Pacific Ocean", "publish": true, "ageDescription": "690-1260", "numTsunamiEvents": 0}}, {"type": "Feature", "id": "876", "geometry": {"type": "Point", "coordinates": [137.5, 34.7]}, "properties": {"id": 876, "author": "Takashimizu, Yasuhiro, Fujio Masuda, Masaaki Tateishi", "year": "1999", "referenceId": 4500, "publicationType": 4, "event": "Sand deposit", "geologicAgeId": 15, "locationName": "Makinohara Upland, Shizuoka, Japan", "country": "JAPAN", "bodyOfWater": "Pacific Ocean", "environment": "drowned valley, estuary, beach shore face & alluvial system", "publish": true, "ageDescription": "Upper Pleistocene", "numTsunamiEvents": 0}}, {"type": "Feature", "id": "880", "geometry": {"type": "Point", "coordinates": [-6.0, 36.182]}, "properties": {"id": 880, "author": "Whelan, F. and Kelletat, D.", "year": "2003", "referenceId": 4504, "publicationType": 4, "event": "Tsunami deposits", "locationName": "Cabo de Trafalgar, Spain", "country": "SPAIN", "bodyOfWater": "Atlantic Ocean", "publish": true, "numTsunamiEvents": 0}}, {"type": "Feature", "id": "883", "geometry": {"type": "Point", "coordinates": [140.0, 42.0]}, "properties": {"id": 883, "author": "Baptista, A. M., Priest, G. R., Tanioka, Y., Myers, E. P.", "year": "1993", "referenceId": 4308, "publicationType": 1, "event": "1993 SW Hokkaido Earthquake & Tsunami", "geologicAgeId": 15, "yearBegin": 1993, "yearEnd": 1993, "locationName": "Hokkaido Coast (west) and Okushiri Island", "country": "JAPAN", "bodyOfWater": "Pacific Ocean", "environment": "inundated valleys at Monai", "publish": true, "ageDescription": "July 12, 1993", "numTsunamiEvents": 0}}, {"type": "Feature", "id": "884", "geometry": {"type": "Point", "coordinates": [-98.5, 22.0]}, "properties": {"id": 884, "author": "Adatte, T., Keller, G. and Stinnesbeck, W.", "year": "1993", "referenceId": 4512, "publicationType": 1, "event": "K/T Boundary Impact", "geologicAgeId": 13, "locationName": "Mexico (northeast)", "country": "MEXICO", "bodyOfWater": "Tethys", "publish": true, "ageDescription": "Cretaceous-Tertiary (K/T) Boundary", "numTsunamiEvents": 0}}, {"type": "Feature", "id": "886", "geometry": {"type": "Point", "coordinates": [138.0, 36.0]}, "properties": {"id": 886, "author": "Mizutani, T.", "year": "1991", "referenceId": 4513, "publicationType": 4, "event": "Storm versus tsunami", "locationName": "Japan", "country": "JAPAN", "description": "runup effects", "publish": true, "numTsunamiEvents": 0}}, {"type": "Feature", "id": "887", "geometry": {"type": "Point", "coordinates": [-126.0, 49.0]}, "properties": {"id": 887, "author": "Clague, John J. and Peter T. Bobrowsky", "year": "1994", "referenceId": 3018, "publicationType": 4, "event": "Coseismic", "geologicAgeId": 15, "locationName": "Vancouver Island, British Columbia, Canada", "country": "CANADA", "bodyOfWater": "Pacific Ocean", "environment": "tidal marshes", "publish": true, "ageDescription": "Last 100-400 years", "numTsunamiEvents": 0}}, {"type": "Feature", "id": "889", "geometry": {"type": "Point", "coordinates": [-125.0, 49.0]}, "properties": {"id": 889, "author": "Hutchinson, Ian, John J. Clague, and Rolf W. Mathewes", "year": "1997", "referenceId": 4319, "publicationType": 4, "event": "Tsunami record", "geologicAgeId": 15, "locationName": "Kanim Lake, Vancouver Island (west), British Columbia, Canada", "country": "CANADA", "bodyOfWater": "Inland waterway", "environment": "lake", "publish": true, "ageDescription": "Last 2800 years", "numTsunamiEvents": 0}}, {"type": "Feature", "id": "891", "geometry": {"type": "Point", "coordinates": [15.0, 38.0]}, "properties": {"id": 891, "author": "Heezen, B.C.", "year": "1957", "referenceId": 4421, "publicationType": 4, "event": "1908 Messina Earthquake & Tsunami", "geologicAgeId": 15, "yearBegin": 1908, "yearEnd": 1908, "locationName": "Messina Strait, South Italy", "country": "ITALY", "bodyOfWater": "Mediterranean Sea", "publish": true, "ageDescription": "December 28, 1908", "numTsunamiEvents": 0}}, {"type": "Feature", "id": "892", "geometry": {"type": "Point", "coordinates": [129.0, 37.0]}, "properties": {"id": 892, "author": "Choi, B.H., J.S. Ko, H.F. Chung, E.B. Kim, I.S. Oh, J.I. Choi, J.S. Sim, and E. Pelinovsky", "year": "1994", "referenceId": 5085, "publicationType": 4, "event": "1993 SW Hokkaido Earthquake & Tsunami", "geologicAgeId": 15, "yearBegin": 1993, "yearEnd": 1993, "locationName": "Korea (east coast)", "country": "KOREA", "bodyOfWater": "Pacific Ocean", "publish": true, "ageDescription": "July 12, 1993", "numTsunamiEvents": 0}}, {"type": "Feature", "id": "896", "geometry": {"type": "Point", "coordinates": [-87.0, 12.0]}, "properties": {"id": 896, "author": "Baptista, A.M., G.R., Priest, T.S. Murty", "year": "1993", "referenceId": 4309, "publicationType": 4, "event": "1992 Nicaragua Earthquake & Tsunami", "geologicAgeId": 15, "yearBegin": 1992, "yearEnd": 1992, "locationName": "San Martin, Nicaragua (west)", "country": "NICARAGUA", "bodyOfWater": "Pacific Ocean", "environment": "sandy beach", "publish": true, "ageDescription": "September 1992", "numTsunamiEvents": 0}}, {"type": "Feature", "id": "898", "geometry": {"type": "Point", "coordinates": [25.4, 36.4]}, "properties": {"id": 898, "author": "Dominey-Howes, D.T.M., G.A. Papadopoulos, and A.G. Dawson", "year": "2000", "referenceId": 1410, "publicationType": 4, "event": "Santorini Eruption & Tsunami", "geologicAgeId": 15, "yearBegin": 1650, "yearEnd": 1650, "locationName": "Kamari and Perissa, Greece", "country": "GREECE", "bodyOfWater": "Mediterranean Sea", "publish": true, "ageDescription": "1650", "numTsunamiEvents": 0}}, {"type": "Feature", "id": "900", "geometry": {"type": "Point", "coordinates": [-64.75, 32.3]}, "properties": {"id": 900, "author": "Vacher, H.L. and Hearty, P.", "year": "1989", "referenceId": 4342, "publicationType": 4, "event": "Sea level change", "geologicAgeId": 15, "locationName": "Bermuda", "country": "BERMUDA", "bodyOfWater": "Atlantic Ocean", "description": "Devonshire Formation", "environment": "sandy beach, protect shoreline", "publish": true, "ageDescription": "Pleistocene", "numTsunamiEvents": 0}}, {"type": "Feature", "id": "901", "geometry": {"type": "Point", "coordinates": [-95.0, 34.0]}, "properties": {"id": 901, "author": "Mescher, Paul K. and Douglas J. Schultz", "year": "1997", "referenceId": 3141, "publicationType": 4, "event": "Arbuckle Dolomite Marker=Ames County Impact", "geologicAgeId": 3, "locationName": "Wilburton Field, Oklahoma, USA", "country": "USA", "bodyOfWater": "Laurentia Sea", "environment": "Submarine", "publish": true, "ageDescription": "Lower (Early) Ordovician", "numTsunamiEvents": 0}}, {"type": "Feature", "id": "902", "geometry": {"type": "Point", "coordinates": [174.5, -41.4]}, "properties": {"id": 902, "author": "Chague-Goff, C., and J. Goff", "year": "1997", "referenceId": 5049, "publicationType": 1, "event": "Tsunami", "locationName": "Cook Strait (south), New Zealand", "country": "NEW ZEALAND", "bodyOfWater": "Pacific Ocean", "environment": "coastal wetlands", "publish": true, "numTsunamiEvents": 0}}, {"type": "Feature", "id": "903", "geometry": {"type": "Point", "coordinates": [9.5, 38.0]}, "properties": {"id": 903, "author": "Andrade, C., Miranda, J.M., Freitas, M.C. Baptista, M.A., Cachco, M., Munha, J.M.S.", "year": "1998", "referenceId": 4427, "publicationType": 4, "event": "Magnetic susceptibility methods", "locationName": "Tagus Estuary, Portugal", "country": "PORTUGAL", "bodyOfWater": "Atlantic Ocean", "publish": true, "numTsunamiEvents": 0}}, {"type": "Feature", "id": "906", "geometry": {"type": "Point", "coordinates": [-125.8, 49.2]}, "properties": {"id": 906, "author": "Clague, John J.", "year": "1995", "referenceId": 4430, "publicationType": 4, "event": "Uplift/subsidence", "locationName": "Vancouver Island (west), British Columbia, Canada", "country": "CANADA", "bodyOfWater": "Pacific Ocean", "description": "review", "publish": true, "numTsunamiEvents": 0}}, {"type": "Feature", "id": "912", "geometry": {"type": "Point", "coordinates": [138.0, 36.0]}, "properties": {"id": 912, "author": "Iida, Kumizi", "year": "1956", "referenceId": 4673, "publicationType": 4, "event": "Uplift/Subsidence", "locationName": "under sea off islands of Japan", "country": "JAPAN", "bodyOfWater": "Pacific Ocean", "publish": true, "numTsunamiEvents": 0}}, {"type": "Feature", "id": "914", "geometry": {"type": "Point", "coordinates": [25.4, 36.4]}, "properties": {"id": 914, "author": "Minoura, K., F. Imamura, U. Kuran, T. Nakamura, A. Gerassimos, T. Papadopoulos, Takahashi, and A.C. Yalciner", "year": "2003", "referenceId": 4436, "publicationType": 4, "event": "Santorini Eruption & Tsunami", "geologicAgeId": 15, "yearBegin": -1600, "yearEnd": -1300, "locationName": "Thera (Santorini Island), Crete and Turkey (west)", "country": "GREECE", "bodyOfWater": "Mediterranean Sea", "description": "landward tapering sedimentation of offshore material, mixed", "publish": true, "ageDescription": "1600-1300 BC", "numTsunamiEvents": 0}}, {"type": "Feature", "id": "915", "geometry": {"type": "Point", "coordinates": [28.3, 43.3]}, "properties": {"id": 915, "author": "Ranguelov, B.K.", "year": "2003", "referenceId": 4720, "publicationType": 4, "event": "1st Century BC tsunami", "geologicAgeId": 15, "locationName": "Black Sea, North Bulgarian coast", "country": "BULGARIA", "bodyOfWater": "Black Sea", "environment": "sandy beach", "publish": true, "ageDescription": "Last 2000 years", "numTsunamiEvents": 0}}, {"type": "Feature", "id": "916", "geometry": {"type": "Point", "coordinates": [15.0, 38.0]}, "properties": {"id": 916, "author": "Tinti, S. and A. Armigliato", "year": "2002", "referenceId": 4437, "publicationType": 4, "event": "1908 Messina Earthquake & Tsunami", "geologicAgeId": 15, "yearBegin": 1908, "yearEnd": 1908, "locationName": "Messina Strait, South Italy", "country": "ITALY", "bodyOfWater": "Mediterranean Sea", "description": "book", "publish": true, "ageDescription": "December 28, 1908", "numTsunamiEvents": 0}}, {"type": "Feature", "id": "917", "geometry": {"type": "Point", "coordinates": [138.0, 36.0]}, "properties": {"id": 917, "author": "Harada, K. and F. Imamura", "year": "2005", "referenceId": 2819, "publicationType": 4, "event": "Effects of Coastal Forest on Tsunami Hazard Mitigation", "locationName": "Japan", "country": "JAPAN", "bodyOfWater": "Pacific Ocean", "publish": true, "numTsunamiEvents": 0}}, {"type": "Feature", "id": "919", "geometry": {"type": "Point", "coordinates": [122.5, 8.5]}, "properties": {"id": 919, "author": "Shi, Shaozhong, Alastair G. Dawson, and David E. Smith", "year": "1995", "referenceId": 389, "publicationType": 4, "event": "1992 Flores Earthquake & Tsunami", "geologicAgeId": 15, "yearBegin": 1992, "yearEnd": 1992, "locationName": "Flores Island, Indonesia", "country": "INDONESIA", "bodyOfWater": "Indian Ocean", "environment": "sandy beach", "publish": true, "ageDescription": "December 12, 1992", "numTsunamiEvents": 0}}, {"type": "Feature", "id": "922", "geometry": {"type": "Point", "coordinates": [131.0, 33.0]}, "properties": {"id": 922, "author": "Inoue, Kimio, Masuda, Kooiti (prefacer) and Mikami, Takehiko (prefacer)", "year": "2000", "referenceId": 4442, "publicationType": 4, "event": "1792 Shimabara Earthquake", "geologicAgeId": 15, "yearBegin": 1792, "yearEnd": 1792, "locationName": "Unzen Volcanic Area, Kyushu (west), Japan", "country": "JAPAN", "bodyOfWater": "Pacific Ocean", "publish": true, "ageDescription": "May 21, 1792", "numTsunamiEvents": 0}}, {"type": "Feature", "id": "923", "geometry": {"type": "Point", "coordinates": [-123.7, 38.9]}, "properties": {"id": 923, "author": "Abramson, H.F.", "year": "1998", "referenceId": 4443, "publicationType": 6, "event": "Tsunami deposits", "geologicAgeId": 15, "locationName": "Lagoon Creek, Northern California, USA", "country": "USA", "bodyOfWater": "Pacific Ocean", "description": "Uplift/Subsidence", "publish": true, "ageDescription": "Last 3500 years", "numTsunamiEvents": 0}}, {"type": "Feature", "id": "924", "geometry": {"type": "Point", "coordinates": [-115.0, 38.0]}, "properties": {"id": 924, "author": "Ackman, B.W.", "year": "1991", "referenceId": 4444, "publicationType": 6, "event": "Earthquake triggered debris flow, Guilmette Formation", "geologicAgeId": 5, "locationName": "Schell Creek Range, SE Nevada, USA", "country": "USA", "bodyOfWater": "Epicontinental Sea", "description": "slope forming & ledge forming", "environment": "submarine", "publish": true, "ageDescription": "Late Devonian", "numTsunamiEvents": 0}}, {"type": "Feature", "id": "925", "geometry": {"type": "Point", "coordinates": [-124.0, 46.0]}, "properties": {"id": 925, "author": "Reinhart, M.A.", "year": "1991", "referenceId": 4445, "publicationType": 6, "event": "Uplift/Subsidence", "locationName": "Washington (south coast), USA", "country": "USA", "bodyOfWater": "Pacific Ocean", "publish": true, "numTsunamiEvents": 0}}, {"type": "Feature", "id": "926", "geometry": {"type": "Point", "coordinates": [-124.0, 46.0]}, "properties": {"id": 926, "author": "Leroy, T.H.", "year": "1999", "referenceId": 4446, "publicationType": 6, "event": "Sand dune stratigraphy", "geologicAgeId": 15, "locationName": "Humboldt Bay, Northern California, USA", "country": "USA", "bodyOfWater": "Pacific Ocean", "publish": true, "ageDescription": "Holocene", "numTsunamiEvents": 0}}, {"type": "Feature", "id": "930", "geometry": {"type": "Point", "coordinates": [-124.0, 46.0]}, "properties": {"id": 930, "author": "Li, Wen-Hao", "year": "1992", "referenceId": 4449, "publicationType": 6, "event": "Uplift/Subsidence", "geologicAgeId": 15, "locationName": "Eel River Valley (lower), Humboldt county, California (north), USA", "country": "USA", "bodyOfWater": "Pacific Ocean", "publish": true, "ageDescription": "Late Holocene", "numTsunamiEvents": 0}}, {"type": "Feature", "id": "933", "geometry": {"type": "Point", "coordinates": [-124.0, 45.0]}, "properties": {"id": 933, "author": "Darienzo, Mark E., Curt D. Peterson, and Charles Clough", "year": "1994", "referenceId": 5070, "publicationType": 4, "event": "Paleoseismic", "geologicAgeId": 15, "locationName": "Oregon coast (north), USA", "country": "USA", "bodyOfWater": "Pacific Ocean", "environment": "bays", "publish": true, "ageDescription": "Late Holocene", "numTsunamiEvents": 0}}, {"type": "Feature", "id": "934", "geometry": {"type": "Point", "coordinates": [-126.5, 49.75]}, "properties": {"id": 934, "author": "Ledwon, Anastasia", "year": "1997", "referenceId": 4452, "publicationType": 6, "event": "Cascadia Earthquake", "locationName": "Deserted Lake, British Columbia, Canada", "country": "CANADA", "bodyOfWater": "Pacific Ocean", "description": "inundated by 1 or 2 tsunamis, shallowing, fresh to marine", "environment": "low energy lake of shallow water", "publish": true, "numTsunamiEvents": 0}}, {"type": "Feature", "id": "936", "geometry": {"type": "Point", "coordinates": [-140.0, -20.0]}, "properties": {"id": 936, "author": "Dupon, J.F.", "year": "1988", "referenceId": 3183, "publicationType": 4, "event": "Storm versus tsunami", "locationName": "Tuamoto Archipelago, French Polynesia", "country": "FRENCH POLYNESIA", "bodyOfWater": "Pacific Ocean", "publish": true, "numTsunamiEvents": 0}}, {"type": "Feature", "id": "937", "geometry": {"type": "Point", "coordinates": [93.733, 18.85]}, "properties": {"id": 937, "author": "Aung, Than Tin, Kenji Satake, Yukinobu Okamura, Masanobu Shishikura, Win Swe, Hla Saw, Tint Lwin Swe, Soe Thura Tun, Thura Aung", "year": "2008", "referenceId": 4713, "publicationType": 4, "event": "1762 Bay of Bengal Earthquake & Tsunami", "geologicAgeId": 15, "yearBegin": -1395, "yearEnd": 1762, "locationName": "Cheduba and Myengun Islands, Rakhine coast, Myanmar", "country": "MYANMAR", "bodyOfWater": "Indian Ocean", "description": "uplifted marine terraces", "publish": true, "ageDescription": "1395\u0096740 BC, 805\u00961220 AD, 1585\u00961810 AD", "numTsunamiEvents": 0}}, {"type": "Feature", "id": "938", "geometry": {"type": "Point", "coordinates": [140.0, 35.0]}, "properties": {"id": 938, "author": "Pararas-Carayannis, George", "year": "2006", "referenceId": 6265, "publicationType": 4, "event": "Cascadia Earthquake", "geologicAgeId": 15, "yearBegin": 1700, "yearEnd": 1700, "locationName": "Japan", "country": "JAPAN", "bodyOfWater": "Pacific Ocean", "description": "review", "publish": true, "ageDescription": "1700", "numTsunamiEvents": 0}}, {"type": "Feature", "id": "939", "geometry": {"type": "Point", "coordinates": [-124.0, 46.4]}, "properties": {"id": 939, "author": "Atwater, Brian F.", "year": "1996", "referenceId": 4272, "publicationType": 4, "event": "Uplift/Subsidence", "locationName": "Washington (west), USA", "country": "USA", "bodyOfWater": "Pacific Ocean", "publish": true, "numTsunamiEvents": 0}}, {"type": "Feature", "id": "940", "geometry": {"type": "Point", "coordinates": [-98.5, 22.0]}, "properties": {"id": 940, "author": "Bahlburg, H. and P. Claeys", "year": "1999", "referenceId": 5063, "publicationType": 1, "event": "K/T Boundary Impact", "geologicAgeId": 13, "locationName": "Mexico (northeast)", "country": "MEXICO", "bodyOfWater": "Tethys", "publish": true, "ageDescription": "Cretaceous-Tertiary (K/T) Boundary", "numTsunamiEvents": 0}}, {"type": "Feature", "id": "945", "geometry": {"type": "Point", "coordinates": [140.5, -3.0]}, "properties": {"id": 945, "author": "Borrero, Jose C.", "year": "2001", "referenceId": 4457, "publicationType": 4, "event": "1998 Papua New Guinea Earthquake & Tsunami", "geologicAgeId": 15, "yearBegin": 1998, "yearEnd": 1998, "locationName": "Papua New Guinea", "country": "PAPUA NEW GUINEA", "bodyOfWater": "Pacific Ocean", "description": "field data; model results", "publish": true, "ageDescription": "July 17, 1998", "numTsunamiEvents": 0}}, {"type": "Feature", "id": "946", "geometry": {"type": "Point", "coordinates": [-73.5, -39.5]}, "properties": {"id": 946, "author": "Bourgeois, J., Reinhart, N.A.", "year": "1989", "referenceId": 4310, "publicationType": 1, "event": "1960 Chile Earthquake & Tsunami", "geologicAgeId": 15, "yearBegin": 1960, "yearEnd": 1960, "locationName": "Rio Lingue Estuary, South Central Chile", "country": "CHILE", "bodyOfWater": "Pacific Ocean", "description": "deposit fines dramatically from source, directly opposite of river mouth", "environment": "Coastal Plain at mouth of Rio Lingue", "publish": true, "ageDescription": "May 1960", "numTsunamiEvents": 0}}, {"type": "Feature", "id": "949", "geometry": {"type": "Point", "coordinates": [-86.0, 11.4]}, "properties": {"id": 949, "author": "Bourgeois, J. and M.A. Reinhart", "year": "1993", "referenceId": 4725, "publicationType": 1, "event": "1992 Nicaragua Earthquake & Tsunami", "geologicAgeId": 15, "yearBegin": 1992, "yearEnd": 1992, "locationName": "Nicaragua", "country": "NICARAGUA", "bodyOfWater": "Pacific Ocean", "environment": "sandy beach", "publish": true, "ageDescription": "September 1992", "numTsunamiEvents": 0}}, {"type": "Feature", "id": "951", "geometry": {"type": "Point", "coordinates": [-79.6, -9.0]}, "properties": {"id": 951, "author": "Bourgeois, Joann, Catherine Petroff, Harry Yeh, Vasily Titov, Costas Synolakis, Boyd Benson, Julio Kuroiwa, James Lander, and Edmund Norabuena", "year": "1999", "referenceId": 48, "publicationType": 4, "event": "1996 Peru Earthquake & Tsunami", "geologicAgeId": 15, "yearBegin": 1996, "yearEnd": 1996, "locationName": "Chimbote, Northern Peru", "country": "PERU", "bodyOfWater": "Pacific Ocean", "environment": "Coastal plain/near river", "publish": true, "ageDescription": "February 21, 1996", "numTsunamiEvents": 0}}, {"type": "Feature", "id": "953", "geometry": {"type": "Point", "coordinates": [-157.0, 21.1]}, "properties": {"id": 953, "author": "Bryan, W.B., Moore, J.G.", "year": "1994", "referenceId": 4459, "publicationType": 1, "event": "Giant Landslide", "geologicAgeId": 15, "locationName": "Molokai and Lanai Islands, Hawaii", "country": "USA", "bodyOfWater": "Pacific Ocean", "environment": "Rocky Coast", "publish": true, "ageDescription": "Molokai-200 ka,Lanai-100Ka", "numTsunamiEvents": 0}}, {"type": "Feature", "id": "956", "geometry": {"type": "Point", "coordinates": [-8.5, 37.5]}, "properties": {"id": 956, "author": "Bruzzi, C. and Prone, A.", "year": "2000", "referenceId": 4461, "publicationType": 4, "event": "1755 Lisbon Earthquake & Tsunami", "geologicAgeId": 15, "yearBegin": 1755, "yearEnd": 1997, "locationName": "Rhone Delta versus Mesotidal Portugal", "country": "PORTUGAL", "bodyOfWater": "Atlantic Ocean", "publish": true, "ageDescription": "1755, 1997", "numTsunamiEvents": 0}}, {"type": "Feature", "id": "961", "geometry": {"type": "Point", "coordinates": [-157.0, 20.0]}, "properties": {"id": 961, "author": "Cox, Doak C.", "year": "1961", "referenceId": 4667, "publicationType": 2, "event": "Tsunami potential", "locationName": "Hawaii", "country": "USA", "bodyOfWater": "Pacific Ocean", "publish": true, "numTsunamiEvents": 0}}, {"type": "Feature", "id": "962", "geometry": {"type": "Point", "coordinates": [-124.0, 44.0]}, "properties": {"id": 962, "author": "Darienzo, M.E., C.D. Peterson", "year": "1995", "referenceId": 3281, "publicationType": 4, "event": "Cascadia Earthquake", "geologicAgeId": 15, "locationName": "Alsea Bay, Oregon, USA", "country": "USA", "bodyOfWater": "Pacific Ocean", "environment": "estuary, 7 sites", "publish": true, "ageDescription": "Late Holocene", "numTsunamiEvents": 0}}, {"type": "Feature", "id": "967", "geometry": {"type": "Point", "coordinates": [-73.0, -38.0]}, "properties": {"id": 967, "author": "Barra, Ricardo, Marco Cisternas, Claudia Suarez, Alberto Araneda, Osvaldo Pinones, and Peter Popp", "year": "2004", "referenceId": 3108, "publicationType": 4, "event": "1960 Chile Earthquake & Tsunami", "geologicAgeId": 15, "yearBegin": 1960, "yearEnd": 1960, "locationName": "Imperial River, Chile", "country": "CHILE", "bodyOfWater": "Pacific Ocean", "publish": true, "ageDescription": "May 1960", "numTsunamiEvents": 0}}, {"type": "Feature", "id": "969", "geometry": {"type": "Point", "coordinates": [-2.0, 60.0]}, "properties": {"id": 969, "author": "Bondevik, Stein, Jan Mangerud, Sue Dawson, Alastair Dawson, and Oystein Lohne", "year": "2005", "referenceId": 3113, "publicationType": 4, "event": "Storegga landslide", "geologicAgeId": 15, "locationName": "Shetland Islands", "country": "UK", "bodyOfWater": "Atlantic Ocean", "publish": true, "ageDescription": "Last 8000 and 1500 years", "numTsunamiEvents": 0}}, {"type": "Feature", "id": "971", "geometry": {"type": "Point", "coordinates": [26.3, 35.2]}, "properties": {"id": 971, "author": "Bruins, H.J., J.A. MacGillivray, C.E. Synolakis, C. Benjaminie, J. Keller, H., J. Kische, A Kl\u00fcgelg and J. van del' Plichth", "year": "2008", "referenceId": 4779, "publicationType": 4, "event": "Santorini Eruption & Tsunami", "geologicAgeId": 15, "yearBegin": -1650, "yearEnd": -1490, "locationName": "Palaikastro, Crete", "country": "GREECE", "bodyOfWater": "Mediterranean Sea", "publish": true, "ageDescription": "Late Minoan IA", "numTsunamiEvents": 0}}, {"type": "Feature", "id": "973", "geometry": {"type": "Point", "coordinates": [-73.6, -41.6]}, "properties": {"id": 973, "author": "Cisternas, Marco; Contreras, Ingrid; Araneda, Alberto", "year": "2000", "referenceId": 4783, "publicationType": 4, "event": "1960 Chile Earthquake & Tsunami", "geologicAgeId": 15, "yearBegin": 1960, "yearEnd": 1960, "locationName": "Maull\u00edn, Chile", "country": "CHILE", "bodyOfWater": "Pacific Ocean", "publish": true, "ageDescription": "May 1960", "numTsunamiEvents": 0}}, {"type": "Feature", "id": "978", "geometry": {"type": "Point", "coordinates": [-73.0, -36.8]}, "properties": {"id": 978, "author": "Darwin, Charles", "year": "1845", "referenceId": 4792, "publicationType": 4, "event": "1835 Chile Earthquake and Tsunami", "geologicAgeId": 15, "yearBegin": 1835, "yearEnd": 1835, "locationName": "Chile", "country": "CHILE", "bodyOfWater": "Pacific Ocean", "publish": true, "numTsunamiEvents": 0}}, {"type": "Feature", "id": "980", "geometry": {"type": "Point", "coordinates": [174.8, -36.4]}, "properties": {"id": 980, "author": "de Lange, W.P.; Moon, V.G.", "year": "2007", "referenceId": 4802, "publicationType": 4, "event": "15th Century eruption of Mt Healy caldera", "geologicAgeId": 15, "yearBegin": 1343, "yearEnd": 1493, "locationName": "Tawharanui Regional Park, Tawharanui Peninsula", "country": "NEW ZEALAND", "bodyOfWater": "Pacific Ocean", "description": "washover deposits", "publish": true, "ageDescription": "15th Century", "numTsunamiEvents": 0}}, {"type": "Feature", "id": "981", "geometry": {"type": "Point", "coordinates": [-69.7, 48.1]}, "properties": {"id": 981, "author": "Doig, Ronald", "year": "1990", "referenceId": 4803, "publicationType": 4, "event": "Earthquake", "geologicAgeId": 15, "yearBegin": -320, "yearEnd": 1663, "locationName": "Lake Tadoussac, Charlevoix region, Canada", "country": "CANADA", "bodyOfWater": "Inland waterway", "publish": true, "ageDescription": "AD 1663, 1320, 60, and 320 B.C.", "numTsunamiEvents": 0}}, {"type": "Feature", "id": "983", "geometry": {"type": "Point", "coordinates": [150.9, -34.6]}, "properties": {"id": 983, "author": "Dominey-Howes, Dale T.M.; Humphreys, Geoff S.; Hesse, Paul P.", "year": "2006", "referenceId": 4804, "publicationType": 4, "event": "Paleotsunami", "geologicAgeId": 15, "locationName": "Minnamurra Point, Australia", "country": "AUSTRALIA", "bodyOfWater": "Pacific Ocean", "description": "Modern and paleotsunamis reviewed", "publish": true, "ageDescription": "Holocene", "numTsunamiEvents": 0}}, {"type": "Feature", "id": "987", "geometry": {"type": "Point", "coordinates": [-155.0, 19.7]}, "properties": {"id": 987, "author": "Eaton, J.P.; Richter, D. H.; Ault, W.U.", "year": "1961", "referenceId": 4808, "publicationType": 4, "event": "1960 Chile Earthquake & Tsunami", "geologicAgeId": 15, "yearBegin": 1960, "yearEnd": 1960, "locationName": "Hilo, Hawaii", "country": "USA", "bodyOfWater": "Pacific Ocean", "description": "boulders", "publish": true, "ageDescription": "May 1960", "numTsunamiEvents": 0}}, {"type": "Feature", "id": "988", "geometry": {"type": "Point", "coordinates": [-124.0, 46.0]}, "properties": {"id": 988, "author": "Fiedorowicz, Brooke K.; Peterson, Curt D.", "year": "2002", "referenceId": 4809, "publicationType": 4, "event": "1964 Alaskan Earthquake & Tsunami", "geologicAgeId": 15, "yearBegin": 1700, "yearEnd": 1964, "locationName": "Seaside, Oregon, USA", "country": "USA", "bodyOfWater": "Pacific Ocean", "publish": true, "ageDescription": "1700, 1964", "numTsunamiEvents": 0}}, {"type": "Feature", "id": "991", "geometry": {"type": "Point", "coordinates": [142.0, -3.0]}, "properties": {"id": 991, "author": "Huntington, K., J. Bourgeois, G. Gelfenbaum, P. Lynett, B. Jaffe, H. Yeh, and R. Weiss", "year": "2007", "referenceId": 4012, "publicationType": 4, "event": "1998 Papua New Guinea Earthquake & Tsunami", "geologicAgeId": 15, "yearBegin": 1998, "yearEnd": 1998, "locationName": "Mutnaya Bay, Papua New Guinea", "country": "PAPUA NEW GUINEA", "bodyOfWater": "Pacific Ocean", "description": "tsunami sedimentology benchmarks", "publish": true, "ageDescription": "July 17, 1998", "numTsunamiEvents": 0}}, {"type": "Feature", "id": "992", "geometry": {"type": "Point", "coordinates": [136.0, 35.0]}, "properties": {"id": 992, "author": "Inouchi, Yoshio; Kinugasa, Yoshihiro; Kumon, Fujio; Nakano, Satoshi; Yasumatsu, Sadao; Shiki, Tsunemasa", "year": "1996", "referenceId": 4835, "publicationType": 4, "event": "20 events", "geologicAgeId": 15, "yearBegin": -5190, "yearEnd": 1945, "locationName": "Lake Biwa, Japan", "country": "JAPAN", "bodyOfWater": "Inland waterway", "description": "20 events", "publish": true, "ageDescription": "5190 BC to 1945", "numTsunamiEvents": 0}}, {"type": "Feature", "id": "994", "geometry": {"type": "Point", "coordinates": [138.0, 36.0]}, "properties": {"id": 994, "author": "Kajiura, Kinjiro", "year": "1983", "referenceId": 2607, "publicationType": 4, "event": "Historic tsunami", "geologicAgeId": 15, "yearBegin": 1896, "yearEnd": 1968, "locationName": "Japan", "country": "JAPAN", "bodyOfWater": "Pacific Ocean", "description": "survey", "publish": true, "ageDescription": "1896, 1933, 1946, 1960, 1964, 1968", "numTsunamiEvents": 0}}, {"type": "Feature", "id": "995", "geometry": {"type": "Point", "coordinates": [73.0, 3.2]}, "properties": {"id": 995, "author": "Kench, P.S., R.F. McLean, R.W. Brander, S.L. Nichol, S.G. Smithers, M.R. Ford, K.E. Pamell, and M. Aslam", "year": "2006", "referenceId": 3218, "publicationType": 4, "event": "2004 Indian Ocean Earthquake & Tsunami", "geologicAgeId": 15, "yearBegin": 2004, "yearEnd": 2004, "locationName": "Maldives", "country": "MALDIVES", "bodyOfWater": "Indian Ocean", "description": "survey", "publish": true, "ageDescription": "December 26, 2004", "numTsunamiEvents": 0}}, {"type": "Feature", "id": "998", "geometry": {"type": "Point", "coordinates": [92.78, 9.17]}, "properties": {"id": 998, "author": "Kumar, A; Chingkhei, R K; Dolendro, T", "year": "2007", "referenceId": 4852, "publicationType": 4, "event": "2004 Indian Ocean Earthquake & Tsunami", "geologicAgeId": 15, "yearBegin": 2004, "yearEnd": 2004, "locationName": "Car Nicobar Island", "country": "INDIA", "bodyOfWater": "Indian Ocean", "description": "field survey", "publish": true, "ageDescription": "December 26, 2004", "numTsunamiEvents": 0}}, {"type": "Feature", "id": "999", "geometry": {"type": "Point", "coordinates": [76.5, 10.0]}, "properties": {"id": 999, "author": "Kurian N. P., P. Abilash P. Pillai, K Rajith, B. T. Murali Krishnan and P. Kalaiarasan", "year": "2006", "referenceId": 4854, "publicationType": 4, "event": "2004 Indian Ocean Earthquake & Tsunami", "geologicAgeId": 15, "yearBegin": 2004, "yearEnd": 2004, "locationName": "Kerala coast", "country": "INDIA", "bodyOfWater": "Indian Ocean", "description": "field survey", "publish": true, "ageDescription": "December 26, 2004", "numTsunamiEvents": 0}}, {"type": "Feature", "id": "1007", "geometry": {"type": "Point", "coordinates": [121.0, 14.0]}, "properties": {"id": 1007, "author": "Maso, S.J., Rev. Miguel Saderra", "year": "1911", "referenceId": 2340, "publicationType": 2, "event": "1911 Lake Taal Eruption & Tsunami", "geologicAgeId": 15, "yearBegin": 1911, "yearEnd": 1911, "locationName": "Philippines", "country": "PHILIPPINES", "bodyOfWater": "Pacific Ocean", "publish": true, "ageDescription": "1911", "numTsunamiEvents": 0}}, {"type": "Feature", "id": "1047", "geometry": {"type": "Point", "coordinates": [95.4, 5.29]}, "properties": {"id": 1047, "author": "Hulugalle, NR; Jaya, R; Luther, GC; Ferizal, M; Daud, S; Yufniati, ZA; Feriyanti, F; Han, B", "year": "2009", "referenceId": 5193, "publicationType": 4, "event": "2004 Indian Ocean Earthquake & Tsunami", "geologicAgeId": 15, "yearBegin": 2004, "yearEnd": 2004, "locationName": "Aceh, Indonesia", "country": "INDONESIA", "bodyOfWater": "Indian Ocean", "publish": true, "ageDescription": "December 26, 2004", "numTsunamiEvents": 0}}, {"type": "Feature", "id": "1067", "geometry": {"type": "Point", "coordinates": [160.0, 55.0]}, "properties": {"id": 1067, "author": "Pinegina, T.K. and J. Bourgeois", "year": "2001", "referenceId": 3126, "publicationType": 4, "event": "Historic and prehistoric tsunamis", "geologicAgeId": 15, "locationName": "Kamchatka, Russia", "country": "RUSSIA", "bodyOfWater": "Pacific Ocean", "publish": true, "ageDescription": "Last 8000 BP", "numTsunamiEvents": 0}}, {"type": "Feature", "id": "1087", "geometry": {"type": "Point", "coordinates": [59.53, 22.57]}, "properties": {"id": 1087, "author": "Donato, S.V.; Reinhardt, E.G.; Boyce, J.I.; Pilarczyk, J.E.; Jupp, B.P.", "year": "2009", "referenceId": 5107, "publicationType": 4, "event": "1945 Earthquake & Tsunami", "geologicAgeId": 15, "yearBegin": 1945, "yearEnd": 1945, "locationName": "Sur Lagoon", "country": "OMAN", "bodyOfWater": "Indian Ocean", "description": "lagoon separated from ocean by sand spit", "environment": "Lagoon, sediment basin", "publish": true, "ageDescription": "November 28, 1945", "numTsunamiEvents": 0}}, {"type": "Feature", "id": "1089", "geometry": {"type": "Point", "coordinates": [112.4, 9.4]}, "properties": {"id": 1089, "author": "Yu, K -F; Zhao, J -X; Shi, Q; Meng, Q -S", "year": "2009", "referenceId": 5108, "publicationType": 4, "event": "Storm versus tsunami", "geologicAgeId": 15, "yearBegin": 1030, "yearEnd": 1887, "locationName": "Yongshu reef, South China Sea", "country": "CHINA", "bodyOfWater": "Pacific Ocean", "description": "large transported coral blocks on reef flats and elevated sedimentation rates in atoll lagoons", "environment": "lagoon", "publish": true, "numTsunamiEvents": 0}}, {"type": "Feature", "id": "1090", "geometry": {"type": "Point", "coordinates": [-73.4, -39.8]}, "properties": {"id": 1090, "author": "Nelson, Alan R; Kashima, Kaoru; Bradley, Lee-Ann", "year": "2009", "referenceId": 5199, "publicationType": 4, "event": "Great-earthquake subsidence during Holocene emergence", "geologicAgeId": 15, "locationName": "Valdivia Estuary, south central Chile", "country": "CHILE", "bodyOfWater": "Pacific Ocean", "environment": "Estuary", "publish": true, "numTsunamiEvents": 0}}, {"type": "Feature", "id": "1091", "geometry": {"type": "Point", "coordinates": [-175.338, -21.147]}, "properties": {"id": 1091, "author": "Frohlich, Cliff; Hornbach, Matthew J; Taylor, Frederick W; Shen, Chuan-Chou; Moala, 'Apai; Morton, Allan E; Kruger, Jens", "year": "2009", "referenceId": 5109, "publicationType": 4, "event": "Boulders", "geologicAgeId": 15, "locationName": "Fahefa", "country": "TONGA", "bodyOfWater": "Pacific Ocean", "environment": "island", "publish": true, "numTsunamiEvents": 0}}, {"type": "Feature", "id": "1092", "geometry": {"type": "Point", "coordinates": [140.0, 35.0]}, "properties": {"id": 1092, "author": "Fujiwara, Osamu; Kamataki, Takanobu; Uchida, Jun-ichi; Abe, Kohei; Haraguchi, Tsuyoshi", "year": "2009", "referenceId": 5110, "publicationType": 4, "event": "Sea level change", "geologicAgeId": 15, "locationName": "Boso Peninsula (southeast coast)", "country": "JAPAN", "bodyOfWater": "Pacific Ocean", "description": "drowned valley deposit", "environment": "valley", "publish": true, "ageDescription": "Holocene", "numTsunamiEvents": 0}}, {"type": "Feature", "id": "1107", "geometry": {"type": "Point", "coordinates": [-61.198, 13.367]}, "properties": {"id": 1107, "author": "Le Friant, Anne; Boudon, Georges; Arnulf, Adrien; Robertson, Richard E A", "year": "2009", "referenceId": 5111, "publicationType": 4, "event": "Volcanogenic deposit", "geologicAgeId": 15, "locationName": "Soufriere volcano", "country": "SAINT VINCENT AND THE GRENADINES", "bodyOfWater": "Caribbean Sea", "environment": "submarine slump", "publish": true, "ageDescription": "Last 50,000 years", "numTsunamiEvents": 0}}, {"type": "Feature", "id": "1108", "geometry": {"type": "Point", "coordinates": [145.105, 43.082]}, "properties": {"id": 1108, "author": "Sawai, Yuki; Kamataki, Takanobu; Shishikura, Masanobu; Nasu, Hiroo; Okamura, Yukinobu; Satake, Kenji; Thomson, Katie H.; Matsumoto, Dan; Fujii, Yushiro; Komatsubara, Junko; Aung, Than Tin", "year": "2009", "referenceId": 5200, "publicationType": 4, "event": "Tsunami deposits", "geologicAgeId": 15, "locationName": "Kiritappu, Hokkaido", "country": "JAPAN", "bodyOfWater": "Pacific Ocean", "description": "sand and mud deposits", "environment": "Lagoon, sediment basin", "publish": true, "ageDescription": "200-6000 BP", "numTsunamiEvents": 0}}, {"type": "Feature", "id": "1109", "geometry": {"type": "Point", "coordinates": [98.0, 7.9]}, "properties": {"id": 1109, "author": "Kozak, Lidia; Niedzielski, Przemyslaw; Szczucinski, Witold", "year": "2008", "referenceId": 5203, "publicationType": 4, "event": "2004 Indian Ocean Earthquake & Tsunami", "geologicAgeId": 15, "yearBegin": 2004, "yearEnd": 2004, "locationName": "Patong Bay and Phang Nga", "country": "THAILAND", "bodyOfWater": "Indian Ocean", "environment": "coastal area", "publish": true, "ageDescription": "December 26, 2004", "numTsunamiEvents": 0}}, {"type": "Feature", "id": "1110", "geometry": {"type": "Point", "coordinates": [98.0, 8.8]}, "properties": {"id": 1110, "author": "Matsumoto, Dan; Naruse, Hajime; Fujino, Shigehiro; Surphawajruksakul, Apichart; Jarupongsakul, Thanawat; Sakakura, Norihiko; Murayama, Masafumi", "year": "2008", "referenceId": 5114, "publicationType": 4, "event": "2004 Indian Ocean Earthquake & Tsunami", "geologicAgeId": 15, "yearBegin": 2004, "yearEnd": 2004, "locationName": "Bang Sak", "country": "THAILAND", "bodyOfWater": "Indian Ocean", "description": "truncated flame structures", "publish": true, "ageDescription": "December 26, 2004", "numTsunamiEvents": 0}}, {"type": "Feature", "id": "1111", "geometry": {"type": "Point", "coordinates": [138.367, 34.989]}, "properties": {"id": 1111, "author": "Komatsubara, Junko; Fujiwara, Osamu; Takada, Keita; Sawai, Yuki; Aung, Than Tin; Kamataki, Takanobu", "year": "2008", "referenceId": 5115, "publicationType": 4, "event": "Tsunami deposits", "geologicAgeId": 15, "yearBegin": 1498, "yearEnd": 1854, "locationName": "Shizuoka, Tokai", "country": "JAPAN", "bodyOfWater": "Pacific Ocean", "description": "sand deposits", "environment": "low lying coastal plain", "publish": true, "numTsunamiEvents": 0}}, {"type": "Feature", "id": "1112", "geometry": {"type": "Point", "coordinates": [95.0, 5.6]}, "properties": {"id": 1112, "author": "Monecke, Katrin, Willi Finger, David Klarer, Widjo Kongko, Brian G. McAdoo, Andrew L. Moore, Sam U. Sudrajat", "year": "2008", "referenceId": 5021, "publicationType": 4, "event": "Tsunami deposits", "geologicAgeId": 15, "locationName": "Aceh, Sumatra", "country": "INDONESIA", "bodyOfWater": "Indian Ocean", "description": "sand deposits", "publish": true, "ageDescription": "Last 1000 years", "numTsunamiEvents": 0}}, {"type": "Feature", "id": "1127", "geometry": {"type": "Point", "coordinates": [15.3, 38.8]}, "properties": {"id": 1127, "author": "Chiocci, Francesco L; Romagnoli, Claudia; Tommasi, Paolo; Bosman, Alessandro", "year": "2008", "referenceId": 5206, "publicationType": 4, "event": "2002 Stromboli Eruption & Tsunami", "geologicAgeId": 15, "yearBegin": 2002, "yearEnd": 2002, "locationName": "Stromboli Volcano, Italy", "country": "ITALY", "bodyOfWater": "Mediterranean Sea", "publish": true, "numTsunamiEvents": 0}}, {"type": "Feature", "id": "1129", "geometry": {"type": "Point", "coordinates": [-2.25, 36.78]}, "properties": {"id": 1129, "author": "Reicherter, Klaus and Peter Becker-Heidmann", "year": "2009", "referenceId": 5113, "publicationType": 4, "event": "1522 Almeria earthquake", "geologicAgeId": 15, "yearBegin": 1522, "yearEnd": 1522, "locationName": "Cabo de Gata, Spain", "country": "SPAIN", "bodyOfWater": "Mediterranean Sea", "publish": true, "ageDescription": "1522", "numTsunamiEvents": 0}}, {"type": "Feature", "id": "1147", "geometry": {"type": "Point", "coordinates": [72.95, 5.13]}, "properties": {"id": 1147, "author": "Nichol, Scott L. and Paul S. Kench", "year": "2008", "referenceId": 5118, "publicationType": 4, "event": "2004 Indian Ocean Earthquake & Tsunami", "geologicAgeId": 15, "yearBegin": 2004, "yearEnd": 2004, "locationName": "Baa Atoll", "country": "MALDIVES", "bodyOfWater": "Indian Ocean", "description": "sand deposits", "publish": true, "ageDescription": "December 26, 2004", "numTsunamiEvents": 0}}, {"type": "Feature", "id": "1167", "geometry": {"type": "Point", "coordinates": [-86.4, 16.45]}, "properties": {"id": 1167, "author": "Cox, R T; Lumsden, David N; Gough, Kevin; Lloyd, R; Talnagi, Joseph", "year": "2008", "referenceId": 5213, "publicationType": 4, "event": "1856 Earthquake", "geologicAgeId": 15, "yearBegin": 1856, "yearEnd": 1856, "locationName": "Roatan, Honduras", "country": "GUATEMALA", "bodyOfWater": "Atlantic Ocean", "publish": true, "ageDescription": "August", "numTsunamiEvents": 0}}, {"type": "Feature", "id": "1187", "geometry": {"type": "Point", "coordinates": [80.087, 6.171]}, "properties": {"id": 1187, "author": "Dahanayake, Kapila and Nayomi Kulasena", "year": "2008", "referenceId": 5119, "publicationType": 4, "event": "2004 Indian Ocean Earthquake & Tsunami", "geologicAgeId": 15, "yearBegin": 2004, "yearEnd": 2004, "locationName": "Peraliya", "country": "SRI LANKA", "bodyOfWater": "Indian Ocean", "description": "clastic sediments", "publish": true, "ageDescription": "December 26, 2004", "numTsunamiEvents": 0}}, {"type": "Feature", "id": "1188", "geometry": {"type": "Point", "coordinates": [-67.5, 18.5]}, "properties": {"id": 1188, "author": "Lopez-Venegas, A.M.; Ten Brink, U.S.; Geist, E.L.", "year": "2008", "referenceId": 5215, "publicationType": 4, "event": "1918 Earthquake & Tsunami", "geologicAgeId": 15, "yearBegin": 1918, "yearEnd": 1918, "locationName": "Puerto Rico", "country": "USA TERRITORY", "bodyOfWater": "Caribbean Sea", "publish": true, "ageDescription": "1918", "numTsunamiEvents": 0}}, {"type": "Feature", "id": "1207", "geometry": {"type": "Point", "coordinates": [15.3, 38.8]}, "properties": {"id": 1207, "author": "Chiocci, F.L.; Romagnoli, C.; Bosman, Alessandro", "year": "2008", "referenceId": 5121, "publicationType": 4, "event": "2002 Stromboli Eruption & Tsunami", "geologicAgeId": 15, "yearBegin": 2002, "yearEnd": 2002, "locationName": "Stromboli Volcano, Italy", "country": "ITALY", "bodyOfWater": "Mediterranean Sea", "publish": true, "ageDescription": "2002", "numTsunamiEvents": 0}}, {"type": "Feature", "id": "1208", "geometry": {"type": "Point", "coordinates": [79.842, 10.788]}, "properties": {"id": 1208, "author": "Sujatha, CH; Aneeshkumar, N; Renjith, KR", "year": "2008", "referenceId": 5216, "publicationType": 4, "event": "2004 Indian Ocean Earthquake & Tsunami", "geologicAgeId": 15, "yearBegin": 2004, "yearEnd": 2004, "locationName": "Nagapattinam, Tamil Nadu, India", "country": "INDIA", "bodyOfWater": "Indian Ocean", "description": "chemical composition of sediment", "environment": "Beach", "publish": true, "ageDescription": "December 26, 2004", "numTsunamiEvents": 0}}, {"type": "Feature", "id": "1209", "geometry": {"type": "Point", "coordinates": [79.79, 11.431]}, "properties": {"id": 1209, "author": "Ranjan, Rajesh Kumar; Ramanathan, Al; Singh, Gurmeet", "year": "2008", "referenceId": 5217, "publicationType": 4, "event": "2004 Indian Ocean Earthquake & Tsunami", "geologicAgeId": 15, "yearBegin": 2004, "yearEnd": 2004, "locationName": "Pichavaram mangrove ecosystem", "country": "INDIA", "bodyOfWater": "Indian Ocean", "description": "geochemical behavior of nutrients", "publish": true, "ageDescription": "December 26, 2004", "numTsunamiEvents": 0}}, {"type": "Feature", "id": "1227", "geometry": {"type": "Point", "coordinates": [14.4, 40.8]}, "properties": {"id": 1227, "author": "Milia, Alfonsa; Molisso, Flavia; Raspini, Arturo; Sacchi, Marco; Torrente, Maurizio M", "year": "2008", "referenceId": 5124, "publicationType": 4, "event": "79 AD Vesuvius Eruption & Tsunami", "geologicAgeId": 15, "yearBegin": 79, "yearEnd": 79, "locationName": "Bay of Naples", "country": "ITALY", "bodyOfWater": "Mediterranean Sea", "description": "pyroclastic flows", "publish": true, "ageDescription": "79", "numTsunamiEvents": 0}}, {"type": "Feature", "id": "1248", "geometry": {"type": "Point", "coordinates": [81.6, 6.6]}, "properties": {"id": 1248, "author": "Morton, Robert A.; Goff, James R.; Nichol, Scott L.", "year": "2008", "referenceId": 5125, "publicationType": 4, "event": "2004 Indian Ocean Earthquake & Tsunami", "geologicAgeId": 15, "yearBegin": 2004, "yearEnd": 2004, "locationName": "Sri Lanka (southeast)", "country": "SRI LANKA", "bodyOfWater": "Indian Ocean", "description": "sand sheets", "environment": "Coastal plain/near river", "publish": true, "ageDescription": "December 26, 2004", "numTsunamiEvents": 0}}, {"type": "Feature", "id": "1267", "geometry": {"type": "Point", "coordinates": [96.0, 5.2]}, "properties": {"id": 1267, "author": "Moore, Andrew; Nishimura, Yuichi; Gelfenbaum, Guy; Kamataki, Takanobu; Triyono, Rahmat", "year": "2006", "referenceId": 5340, "publicationType": 4, "event": "2004 Indian Ocean Earthquake & Tsunami", "geologicAgeId": 15, "yearBegin": 2004, "yearEnd": 2004, "locationName": "Aceh, Sumatra", "country": "INDONESIA", "bodyOfWater": "Indian Ocean", "description": "sand and mud deposits", "publish": true, "ageDescription": "December 26, 2004", "numTsunamiEvents": 0}}, {"type": "Feature", "id": "1268", "geometry": {"type": "Point", "coordinates": [98.331, 7.984]}, "properties": {"id": 1268, "author": "Bishop, Paul; Sanderson, David; Hansom, Jim; Chaimanee, Niran", "year": "2005", "referenceId": 5338, "publicationType": 4, "event": "2004 Indian Ocean Earthquake & Tsunami", "geologicAgeId": 15, "yearBegin": 2004, "yearEnd": 2004, "locationName": "Khao Lak and Phuket Island", "country": "THAILAND", "bodyOfWater": "Indian Ocean", "description": "age-dating tsunami deposits", "publish": true, "ageDescription": "December 26, 2004", "numTsunamiEvents": 0}}, {"type": "Feature", "id": "1269", "geometry": {"type": "Point", "coordinates": [-10.6, 36.0]}, "properties": {"id": 1269, "author": "Abrantes, F; Alt-Epping, U; Lebreiro, S; Voelker, A; Schneider, Ralph", "year": "2008", "referenceId": 5241, "publicationType": 4, "event": "1969 Earthquake & Tsunami", "geologicAgeId": 15, "yearBegin": 1969, "yearEnd": 1969, "locationName": "Portuguese Shelf", "country": "PORTUGAL", "bodyOfWater": "Atlantic Ocean", "description": "sedimentary records", "publish": true, "ageDescription": "1969", "numTsunamiEvents": 0}}, {"type": "Feature", "id": "1270", "geometry": {"type": "Point", "coordinates": [-10.6, 36.0]}, "properties": {"id": 1270, "author": "Abrantes, F; Alt-Epping, U; Lebreiro, S; Voelker, A; Schneider, Ralph", "year": "2008", "referenceId": 5241, "publicationType": 4, "event": "1755 Lisbon Earthquake & Tsunami", "geologicAgeId": 15, "yearBegin": 1755, "yearEnd": 1755, "locationName": "Portuguese Shelf", "country": "PORTUGAL", "bodyOfWater": "Atlantic Ocean", "description": "sedimentary records", "environment": "shallow marine", "publish": true, "ageDescription": "1755", "numTsunamiEvents": 0}}, {"type": "Feature", "id": "1271", "geometry": {"type": "Point", "coordinates": [79.443, 9.166]}, "properties": {"id": 1271, "author": "Kumaraguru, A.K., K. Jayakumar, J.J. Wilson, and C.M. Ramakritinan", "year": "2005", "referenceId": 5335, "publicationType": 4, "event": "2004 Indian Ocean Earthquake & Tsunami", "geologicAgeId": 15, "yearBegin": 2004, "yearEnd": 2004, "locationName": "Gulf of Mannar and Palk Bay", "country": "INDIA", "bodyOfWater": "Indian Ocean", "description": "coral reef environment", "publish": true, "ageDescription": "December 26, 2004", "numTsunamiEvents": 0}}, {"type": "Feature", "id": "1287", "geometry": {"type": "Point", "coordinates": [24.9, 35.2]}, "properties": {"id": 1287, "author": "Antonopoulos, John", "year": "1992", "referenceId": 4768, "publicationType": 4, "event": "Santorini Eruption & Tsunami", "geologicAgeId": 15, "yearBegin": -1500, "yearEnd": -1600, "locationName": "Amnisos, Northern Crete", "country": "GREECE", "bodyOfWater": "Mediterranean Sea", "description": "deeply buried by masses of pumice, stone, and sand", "publish": true, "ageDescription": "1600-1500 BC", "numTsunamiEvents": 0}}, {"type": "Feature", "id": "1307", "geometry": {"type": "Point", "coordinates": [-3.9, 58.0]}, "properties": {"id": 1307, "author": "Bailey, E.B. and J. Weir", "year": "1932", "referenceId": 4769, "publicationType": 4, "event": "Earthquake and tsunami", "geologicAgeId": 10, "locationName": "Kintradwell, Scotland", "country": "UK", "bodyOfWater": "North Sea", "description": "recurrent boulder beds interstratified among more normal sediments", "publish": true, "ageDescription": "Jurassic", "numTsunamiEvents": 0}}, {"type": "Feature", "id": "1347", "geometry": {"type": "Point", "coordinates": [159.5, 54.0]}, "properties": {"id": 1347, "author": "Belousov, A.,V. Voight, M. Belousova, Y. Muravyev", "year": "2000", "referenceId": 2422, "publicationType": 4, "event": "1996 Karymsky Eruption & Tsunami", "geologicAgeId": 15, "yearBegin": 1996, "yearEnd": 1996, "locationName": "Karymskoye Lake, Kamchatka", "country": "RUSSIA", "bodyOfWater": "Pacific Ocean", "publish": true, "ageDescription": "January 1996", "numTsunamiEvents": 0}}, {"type": "Feature", "id": "1467", "geometry": {"type": "Point", "coordinates": [141.0, 41.0]}, "properties": {"id": 1467, "author": "Abe, Katsuyuki", "year": "2005", "referenceId": 4764, "publicationType": 4, "event": "Seiche oscillations observed under quiet sea conditions", "geologicAgeId": 15, "yearBegin": 2001, "yearEnd": 2002, "locationName": "36 bays in the Sanriku district, Japan", "country": "JAPAN", "bodyOfWater": "Pacific Ocean", "description": "survey", "publish": true, "ageDescription": "September 24, 2001 to August 11, 2002", "numTsunamiEvents": 0}}, {"type": "Feature", "id": "1487", "geometry": {"type": "Point", "coordinates": [-74.0, -35.0]}, "properties": {"id": 1487, "author": "Wright, Charles and Arnoldo Mella", "year": "1963", "referenceId": 3180, "publicationType": 4, "event": "1960 Chile Earthquake & Tsunami", "geologicAgeId": 15, "yearBegin": 1960, "yearEnd": 1960, "locationName": "Chile (south-central)", "country": "CHILE", "bodyOfWater": "Pacific Ocean", "description": "erosion and sedimentation", "publish": true, "ageDescription": "May 1960", "numTsunamiEvents": 0}}, {"type": "Feature", "id": "1509", "geometry": {"type": "Point", "coordinates": [108.4, -7.7]}, "properties": {"id": 1509, "author": "Lavigne, F., C. Gomez, M. Giffo, P. Wassmer, C. Hoebreck, D. Mardiatno, J. Prioyono, and R. Paris", "year": "2007", "referenceId": 4102, "publicationType": 4, "event": "2006 Java, Indonesia Earthquake & Tsunami", "geologicAgeId": 15, "yearBegin": 2006, "yearEnd": 2006, "locationName": "Cimerak district, West Java to Gunung Kidul district, Central Java", "country": "INDONESIA", "bodyOfWater": "Indian Ocean", "description": "survey", "publish": true, "ageDescription": "July 2006", "numTsunamiEvents": 0}}, {"type": "Feature", "id": "1511", "geometry": {"type": "Point", "coordinates": [163.0, 59.0]}, "properties": {"id": 1511, "author": "Martin, M. Elizabeth, Robert Weiss, Joanne Bourgeois, Tatiana K. Pinegina, Heidi Houston, and Vasily V. Titov", "year": "2008", "referenceId": 4851, "publicationType": 4, "event": "1969 and 1971 Kamchatka Earthquakes & Tsunamis", "geologicAgeId": 15, "yearBegin": 1969, "yearEnd": 1971, "locationName": "Bering Sea coast of Kamchatka from North of the Uka River to the Kamchatskii Peninsula and Bering Is", "country": "RUSSIA", "bodyOfWater": "Pacific Ocean", "publish": true, "ageDescription": "1969 and 1971", "numTsunamiEvents": 0}}, {"type": "Feature", "id": "1527", "geometry": {"type": "Point", "coordinates": [96.0, 4.8]}, "properties": {"id": 1527, "author": "McAdoo, B.G., N. Richardson, and J. Borrero", "year": "2007", "referenceId": 4853, "publicationType": 4, "event": "2004 Indian Ocean Earthquake & Tsunami", "geologicAgeId": 15, "yearBegin": 2004, "yearEnd": 2004, "locationName": "Aceh coast, Indonesia", "country": "INDONESIA", "bodyOfWater": "Indian Ocean", "description": "remote sensing and tsunami survey analysis", "publish": true, "ageDescription": "December 26, 2004", "numTsunamiEvents": 0}}, {"type": "Feature", "id": "1528", "geometry": {"type": "Point", "coordinates": [174.0, -41.0]}, "properties": {"id": 1528, "author": "McFadgen, B.G., and J.R. Goff", "year": "2007", "referenceId": 4855, "publicationType": 4, "event": "Archaeological record", "geologicAgeId": 15, "locationName": "Wairau, South Island, New Zealand", "country": "NEW ZEALAND", "bodyOfWater": "Pacific Ocean", "publish": true, "numTsunamiEvents": 0}}, {"type": "Feature", "id": "1547", "geometry": {"type": "Point", "coordinates": [-137.526, 58.672]}, "properties": {"id": 1547, "author": "Miller, Don J.", "year": "1960", "referenceId": 270, "publicationType": 2, "event": "1958 Earthquake Landslide Tsunami", "geologicAgeId": 15, "yearBegin": 1958, "yearEnd": 1958, "locationName": "Lituya Bay, Alaska, USA", "country": "USA", "bodyOfWater": "Pacific Ocean", "publish": true, "ageDescription": "July 1958", "numTsunamiEvents": 0}}, {"type": "Feature", "id": "1548", "geometry": {"type": "Point", "coordinates": [27.1, 40.617]}, "properties": {"id": 1548, "author": "Minoura, K., F. Imamura, U. Kuran, T. Nakamura, G.A. Papadopoulos, D. Sugawara, T. Takahashi, and A.C. Yalciner", "year": "2005", "referenceId": 2746, "publicationType": 4, "event": "11th Century Marmara Sea tsunami", "geologicAgeId": 15, "yearBegin": 1000, "yearEnd": 1100, "locationName": "Sarkoy, northern coast of the Marmara Sea, northwestern Turkey", "country": "TURKEY", "bodyOfWater": "Mediterranean Sea", "publish": true, "ageDescription": "Middle 11th Century", "numTsunamiEvents": 0}}, {"type": "Feature", "id": "1587", "geometry": {"type": "Point", "coordinates": [-54.267, 46.883]}, "properties": {"id": 1587, "author": "Moore, Andrew L., Brian G. McAdoo, and Alan Ruffman", "year": "2007", "referenceId": 4841, "publicationType": 4, "event": "1929 Grand Banks Earthquake & Tsunami", "geologicAgeId": 15, "yearBegin": 1929, "yearEnd": 1929, "locationName": "Taylor's Bay, Newfoundland, Canada", "country": "CANADA", "bodyOfWater": "Atlantic Ocean", "publish": true, "ageDescription": "November 18, 1929", "numTsunamiEvents": 0}}, {"type": "Feature", "id": "1588", "geometry": {"type": "Point", "coordinates": [-156.9, 20.7]}, "properties": {"id": 1588, "author": "Moore, James G. and George W. Moore", "year": "1984", "referenceId": 3144, "publicationType": 4, "event": "Submarine landslide", "geologicAgeId": 15, "locationName": "Lanai, Hawaii (south: sea scarp)", "country": "USA", "bodyOfWater": "Pacific Ocean", "publish": true, "ageDescription": "Last 100,000 years", "numTsunamiEvents": 0}}, {"type": "Feature", "id": "1607", "geometry": {"type": "Point", "coordinates": [-165.0, 24.5]}, "properties": {"id": 1607, "author": "Moore, James G., William R. Normark, and Robin T. Holcomb", "year": "1994", "referenceId": 4842, "publicationType": 4, "event": "Submarine landslide", "geologicAgeId": 15, "locationName": "Hawaiian Ridge, Hawaii", "country": "USA", "bodyOfWater": "Pacific Ocean", "publish": true, "numTsunamiEvents": 0}}, {"type": "Feature", "id": "1608", "geometry": {"type": "Point", "coordinates": [-68.26, 12.2]}, "properties": {"id": 1608, "author": "Morton, Robert A., Bruce M. Richmond, Bruce E. Jaffe, and Guy Gelfenbaum", "year": "2006", "referenceId": 3147, "publicationType": 2, "event": "Storm versus tsunami", "locationName": "Bonaire, Puerto Rico", "country": "USA TERRITORY", "bodyOfWater": "Caribbean Sea", "publish": true, "numTsunamiEvents": 0}}, {"type": "Feature", "id": "1609", "geometry": {"type": "Point", "coordinates": [-61.5, 16.2]}, "properties": {"id": 1609, "author": "Morton, Robert A., Bruce M. Richmond, Bruce E. Jaffe, and Guy Gelfenbaum", "year": "2006", "referenceId": 3147, "publicationType": 2, "event": "Storm versus tsunami", "locationName": "Guadeloupe", "country": "GUADELOUPE", "bodyOfWater": "Caribbean Sea", "publish": true, "numTsunamiEvents": 0}}, {"type": "Feature", "id": "1627", "geometry": {"type": "Point", "coordinates": [80.0, 12.0]}, "properties": {"id": 1627, "author": "Murari, M.K., H. Achyuthan, and A. K. Singhvi", "year": "2007", "referenceId": 4844, "publicationType": 4, "event": "2004 Indian Ocean Earthquake & Tsunami", "geologicAgeId": 15, "yearBegin": 2004, "yearEnd": 2004, "locationName": "Pichavaram - Chennai transect, India", "country": "INDIA", "bodyOfWater": "Indian Ocean", "publish": true, "ageDescription": "December 26, 2004", "numTsunamiEvents": 0}}, {"type": "Feature", "id": "1648", "geometry": {"type": "Point", "coordinates": [145.105, 43.082]}, "properties": {"id": 1648, "author": "Nanayama, Futoshi, Ryuta Furukawa, Kiyoyuki Shigeno, Akito Makino, Yuji Soeda, and Yaeko Igarashi", "year": "2007", "referenceId": 4846, "publicationType": 4, "event": "Kuril Subduction Zone", "geologicAgeId": 15, "yearEnd": 1952, "locationName": "Kiritappu Marsh, Eastern Hokkaido, Japan", "country": "JAPAN", "bodyOfWater": "Pacific Ocean", "description": "11 sequences of sand in last 4 yrs", "publish": true, "ageDescription": "Last 4000 years", "numTsunamiEvents": 0}}, {"type": "Feature", "id": "1649", "geometry": {"type": "Point", "coordinates": [-124.0, 45.0]}, "properties": {"id": 1649, "author": "Nelson, Alan R., Andrew C. Asquith, and Wendy C. Grant", "year": "2004", "referenceId": 4848, "publicationType": 4, "event": "Earthquake", "geologicAgeId": 15, "yearEnd": 1700, "locationName": "Salmon River estuary, central Oregon coast, USA", "country": "USA", "bodyOfWater": "Pacific Ocean", "publish": true, "ageDescription": "Last 2000 years", "numTsunamiEvents": 0}}, {"type": "Feature", "id": "1667", "geometry": {"type": "Point", "coordinates": [-158.0, 21.7]}, "properties": {"id": 1667, "author": "Noormets, Riko, Keith A.W. Crook, and E. Anne Felton", "year": "2004", "referenceId": 3174, "publicationType": 4, "event": "1946 Aleutian Tsunami & Storm comparison", "geologicAgeId": 15, "yearBegin": 1946, "yearEnd": 1946, "locationName": "Sunset Beach, Oahu, Hawaii", "country": "USA", "bodyOfWater": "Pacific Ocean", "description": "mega clasts; blocks on reef terraces", "environment": "low submerged shoreline cliff", "publish": true, "ageDescription": "1946", "numTsunamiEvents": 0}}, {"type": "Feature", "id": "1668", "geometry": {"type": "Point", "coordinates": [44.0, 2.5]}, "properties": {"id": 1668, "author": "Obura, David", "year": "2006", "referenceId": 4785, "publicationType": 4, "event": "2004 Indian Ocean Earthquake & Tsunami", "geologicAgeId": 15, "yearBegin": 2004, "yearEnd": 2004, "locationName": "Africa (East coast)", "country": "NONE", "bodyOfWater": "Indian Ocean", "description": "field survey", "publish": true, "ageDescription": "December 26, 2004", "numTsunamiEvents": 0}}, {"type": "Feature", "id": "1687", "geometry": {"type": "Point", "coordinates": [-124.0, 45.0]}, "properties": {"id": 1687, "author": "Peters, R., B. Jaffe, and G. Gelfenbaum", "year": "2007", "referenceId": 4787, "publicationType": 4, "event": "Cascadia Earthquake", "geologicAgeId": 15, "yearEnd": 1700, "locationName": "Cascadia", "country": "USA", "bodyOfWater": "Pacific Ocean", "publish": true, "ageDescription": "Last 7000 years", "numTsunamiEvents": 0}}, {"type": "Feature", "id": "1688", "geometry": {"type": "Point", "coordinates": [-3.85, 58.03]}, "properties": {"id": 1688, "author": "Pickering, K.T.", "year": "1984", "referenceId": 4789, "publicationType": 4, "event": "Boulder beds", "geologicAgeId": 10, "locationName": "Scotland (northeast)", "country": "UK", "bodyOfWater": "North Sea", "publish": true, "ageDescription": "Upper Jurassic", "numTsunamiEvents": 0}}, {"type": "Feature", "id": "1690", "geometry": {"type": "Point", "coordinates": [-56.0, 44.5]}, "properties": {"id": 1690, "author": "Piper, D.J.W., Shor, A.N., and Clarke, J.E.H.", "year": "1988", "referenceId": 4791, "publicationType": 4, "event": "1929 Grand Banks Earthquake & Tsunami", "geologicAgeId": 15, "yearBegin": 1929, "yearEnd": 1929, "locationName": "Grand Banks", "country": "CANADA", "bodyOfWater": "Atlantic Ocean", "publish": true, "ageDescription": "November 18, 1929", "numTsunamiEvents": 0}}, {"type": "Feature", "id": "1707", "geometry": {"type": "Point", "coordinates": [-153.0, 57.5]}, "properties": {"id": 1707, "author": "Plafker, George and Reuben Kachadoorian", "year": "1966", "referenceId": 3128, "publicationType": 2, "event": "1964 Alaskan Earthquake & Tsunami", "geologicAgeId": 15, "yearBegin": 1964, "yearEnd": 1964, "locationName": "Kodiak and nearby islands, Alaska, USA", "country": "USA", "bodyOfWater": "Pacific Ocean", "publish": true, "ageDescription": "March 27, 1964", "numTsunamiEvents": 0}}, {"type": "Feature", "id": "1708", "geometry": {"type": "Point", "coordinates": [-76.0, 38.0]}, "properties": {"id": 1708, "author": "Poag, C. Wylie", "year": "1997", "referenceId": 3130, "publicationType": 4, "event": "Chesapeake Bay Impact Crater", "geologicAgeId": 14, "locationName": "Virginia segment of the Atlantic Coastal Plain", "country": "USA", "bodyOfWater": "Atlantic Ocean", "publish": true, "ageDescription": "Late Eocene", "numTsunamiEvents": 0}}, {"type": "Feature", "id": "1727", "geometry": {"type": "Point", "coordinates": [-72.0, 38.7]}, "properties": {"id": 1727, "author": "Poag, C.W., D.S. Powars, L.J. Poppe, R.B. Mixon, L.E. Edwards, D.W. Folger, and S. Bruce", "year": "1992", "referenceId": 3119, "publicationType": 4, "event": "Impact", "geologicAgeId": 14, "locationName": "DSDP site 612, New Jersey continental slope", "country": "USA", "bodyOfWater": "Atlantic Ocean", "publish": true, "ageDescription": "Late Eocene", "numTsunamiEvents": 0}}, {"type": "Feature", "id": "1728", "geometry": {"type": "Point", "coordinates": [-76.0, 38.0]}, "properties": {"id": 1728, "author": "Poag, C.W., J.B. Plescia, and P.C. Molzer", "year": "2002", "referenceId": 4793, "publicationType": 4, "event": "Chesapeake Bay Impact Crater, Toms Canyon, Montagnais Impact Craters", "geologicAgeId": 14, "locationName": "Southeastern Virginia, New Jersey Outer Continental Shelf, Nova Scotia", "country": "NONE", "bodyOfWater": "Atlantic Ocean", "publish": true, "ageDescription": "35 and 51 million years ago", "numTsunamiEvents": 0}}, {"type": "Feature", "id": "1747", "geometry": {"type": "Point", "coordinates": [-82.0, 38.0]}, "properties": {"id": 1747, "author": "Pope, M.C., Read, J.F., Bambach, R. and Hofmann, H.J.", "year": "1997", "referenceId": 4259, "publicationType": 4, "event": "Seismites", "geologicAgeId": 3, "locationName": "Kentucky, southwest Ohio, and Virginia", "country": "USA", "publish": true, "ageDescription": "Late Middle to Late Ordovician", "numTsunamiEvents": 0}}, {"type": "Feature", "id": "1748", "geometry": {"type": "Point", "coordinates": [-120.0, 45.0]}, "properties": {"id": 1748, "author": "Pratt, Brian R.", "year": "2001", "referenceId": 4796, "publicationType": 4, "event": "Subsidence", "geologicAgeId": 1, "locationName": "Western North America", "country": "NONE", "bodyOfWater": "Laurentia Sea", "publish": true, "ageDescription": "Mesoproterozoic Belt Supergroup", "numTsunamiEvents": 0}}, {"type": "Feature", "id": "1768", "geometry": {"type": "Point", "coordinates": [78.0, 11.0]}, "properties": {"id": 1768, "author": "Ramakrishnan, D., S.K. Ghosh, V.K.M. Raja, R. Vinu Chandran and A. Jeyram", "year": "2005", "referenceId": 4798, "publicationType": 4, "event": "2004 Indian Ocean Earthquake & Tsunami", "geologicAgeId": 15, "yearBegin": 2004, "yearEnd": 2004, "locationName": "Tamil Nadu, India", "country": "INDIA", "bodyOfWater": "Indian Ocean", "description": "remote sensing analysis", "publish": true, "ageDescription": "December 26, 2004", "numTsunamiEvents": 0}}, {"type": "Feature", "id": "1769", "geometry": {"type": "Point", "coordinates": [78.0, 11.0]}, "properties": {"id": 1769, "author": "Ramasamy, S.M., C.J. Kumanan, J.S. Saravanavel, and R. Selvakumar", "year": "2006", "referenceId": 4799, "publicationType": 4, "event": "2004 Indian Ocean Earthquake & Tsunami", "geologicAgeId": 15, "yearBegin": 2004, "yearEnd": 2004, "locationName": "Tamil Nadu, India", "country": "INDIA", "bodyOfWater": "Indian Ocean", "description": "survey", "publish": true, "ageDescription": "December 26, 2004", "numTsunamiEvents": 0}}, {"type": "Feature", "id": "1771", "geometry": {"type": "Point", "coordinates": [29.8, 40.7]}, "properties": {"id": 1771, "author": "Rothaus, Richard M., Eduard Reinhardt, and Jay Noller", "year": "2004", "referenceId": 1397, "publicationType": 4, "event": "1999 Turkey Earthquake & Tsunami", "geologicAgeId": 15, "yearBegin": 1999, "yearEnd": 1999, "locationName": "Golcuk area, Turkey", "country": "TURKEY", "bodyOfWater": "Mediterranean Sea", "publish": true, "ageDescription": "August 1999", "numTsunamiEvents": 0}}, {"type": "Feature", "id": "1787", "geometry": {"type": "Point", "coordinates": [155.0, 47.1]}, "properties": {"id": 1787, "author": "Satake, K., F. Nanayama, S. Yamaki, Y. Tanioka, and K. Hirata", "year": "2005", "referenceId": 3813, "publicationType": 4, "event": "Tsunami record", "geologicAgeId": 15, "yearEnd": 2003, "locationName": "Kuril Trench", "country": "JAPAN", "bodyOfWater": "Pacific Ocean", "publish": true, "ageDescription": "17th to 21st centuries", "numTsunamiEvents": 0}}, {"type": "Feature", "id": "1807", "geometry": {"type": "Point", "coordinates": [20.65, 38.717]}, "properties": {"id": 1807, "author": "Vott, A; Bruckner, H; Brockmuller, S; Handl, M; May, SM; Gaki-Papanastassiou, K; Herd, R; Lang, F; Maroukian, H; Nelle, O; Papanastassiou, D", "year": "2009", "referenceId": 5197, "publicationType": 4, "event": "Tsunami deposits", "geologicAgeId": 15, "locationName": "Sound of Lefkada, NW Greece", "country": "GREECE", "bodyOfWater": "Mediterranean Sea", "publish": true, "ageDescription": "Holocene", "numTsunamiEvents": 0}}, {"type": "Feature", "id": "1808", "geometry": {"type": "Point", "coordinates": [-98.5, 22.0]}, "properties": {"id": 1808, "author": "Keller, Gerta; Adatte, Thierry; Juez, Alfonso Pardo; Lopez-Oliva, Jose G", "year": "2009", "referenceId": 5112, "publicationType": 4, "event": "K/T Boundary Impact", "geologicAgeId": 13, "locationName": "Mexico (northeast)", "country": "MEXICO", "bodyOfWater": "Tethys", "publish": true, "ageDescription": "Cretaceous-Tertiary (K/T) Boundary", "numTsunamiEvents": 0}}, {"type": "Feature", "id": "1810", "geometry": {"type": "Point", "coordinates": [-2.45, 56.7]}, "properties": {"id": 1810, "author": "Smith, David E., I.D.L. Foster, D. Long, and S. Shi", "year": "2007", "referenceId": 4811, "publicationType": 4, "event": "Storegga landslide", "geologicAgeId": 15, "locationName": "Montrose, Scotland (east)", "country": "UK", "bodyOfWater": "Atlantic Ocean", "publish": true, "ageDescription": "8000 BP", "numTsunamiEvents": 0}}, {"type": "Feature", "id": "1812", "geometry": {"type": "Point", "coordinates": [80.167, 12.567]}, "properties": {"id": 1812, "author": "Srinivasalu, S., N. Thangadurai, A.D. Switzer, V. Ram Mohan, and T. Ayyamperumal", "year": "2007", "referenceId": 4813, "publicationType": 4, "event": "2004 Indian Ocean Earthquake & Tsunami", "geologicAgeId": 15, "yearBegin": 2004, "yearEnd": 2004, "locationName": "Kalpakkam, Tamil Nadu, India", "country": "INDIA", "bodyOfWater": "Indian Ocean", "description": "field survey", "publish": true, "ageDescription": "December 26, 2004", "numTsunamiEvents": 0}}, {"type": "Feature", "id": "1813", "geometry": {"type": "Point", "coordinates": [73.0, -0.6]}, "properties": {"id": 1813, "author": "Morner, Nils-Axel; Laborel, Jacques; Dawson, Sue", "year": "2008", "referenceId": 5208, "publicationType": 4, "event": "2004 Indian Ocean Earthquake & Tsunami", "geologicAgeId": 15, "yearBegin": 2004, "yearEnd": 2004, "locationName": "Maldives & Sri Lanka", "country": "SRI LANKA", "bodyOfWater": "Indian Ocean", "description": "Submarine 'sandstorms' driven by tsunami waves brought littoral deposits down into caves", "publish": true, "ageDescription": "December 26, 2004", "numTsunamiEvents": 0}}, {"type": "Feature", "id": "1814", "geometry": {"type": "Point", "coordinates": [-97.4, 42.9]}, "properties": {"id": 1814, "author": "Steiner, Maureen B., and Eugene M. Shoemaker", "year": "1996", "referenceId": 4814, "publicationType": 4, "event": "Manson Impact", "geologicAgeId": 12, "locationName": "White River near Chamberlain and Yankton, South Dakota", "country": "USA", "bodyOfWater": "Epicontinental Sea", "publish": true, "ageDescription": "65.8 \u00b1 0.4 Ma", "numTsunamiEvents": 0}}, {"type": "Feature", "id": "1827", "geometry": {"type": "Point", "coordinates": [105.0, -6.0]}, "properties": {"id": 1827, "author": "Symons, G.J.", "year": "1888", "referenceId": 4815, "publicationType": 2, "event": "1883 Krakatau Eruption", "geologicAgeId": 15, "yearBegin": 1883, "yearEnd": 1883, "locationName": "Krakatau, Indonesia", "country": "NONE", "bodyOfWater": "Indian Ocean", "publish": true, "ageDescription": "August 1883", "numTsunamiEvents": 0}}, {"type": "Feature", "id": "1828", "geometry": {"type": "Point", "coordinates": [98.0, 8.6]}, "properties": {"id": 1828, "author": "Szczucinski, W., N. Chaimanee, P. Niedzielski, G. Rachlewicz, D. Saisuttichai, T. Tepsuwan, S. Lorenc, and J. Siepak", "year": "2006", "referenceId": 4817, "publicationType": 4, "event": "2004 Indian Ocean Earthquake & Tsunami", "geologicAgeId": 15, "yearBegin": 2004, "yearEnd": 2004, "locationName": "Phang Nga, Thailand", "country": "THAILAND", "bodyOfWater": "Indian Ocean", "description": "field survey", "publish": true, "ageDescription": "December 26, 2004", "numTsunamiEvents": 0}}, {"type": "Feature", "id": "1829", "geometry": {"type": "Point", "coordinates": [98.3, 8.8]}, "properties": {"id": 1829, "author": "Szczucinski, W., P. Niedzielski, G. Rachlewicz, T. Sobczynski, A. Ziola, A. Kowalski, S. Lorenc, and J. Siepak", "year": "2005", "referenceId": 3089, "publicationType": 4, "event": "2004 Indian Ocean Earthquake & Tsunami", "geologicAgeId": 15, "yearBegin": 2004, "yearEnd": 2004, "locationName": "Khao Lak and Kho Khao Island (coastline between)", "country": "THAILAND", "bodyOfWater": "Indian Ocean", "publish": true, "ageDescription": "December 26, 2004", "numTsunamiEvents": 0}}, {"type": "Feature", "id": "1831", "geometry": {"type": "Point", "coordinates": [95.0, 5.0]}, "properties": {"id": 1831, "author": "Umitsu, Masatomo, Charlchai Tanavud, and Boonrak Patanakanog", "year": "2007", "referenceId": 4818, "publicationType": 4, "event": "2004 Indian Ocean Earthquake & Tsunami", "geologicAgeId": 15, "yearBegin": 2004, "yearEnd": 2004, "locationName": "Banda Aceh, Indonesia, and Nam Khem, Thailand", "country": "NONE", "bodyOfWater": "Indian Ocean", "description": "remote sensing and tsunami survey analysis", "publish": true, "ageDescription": "December 26, 2004", "numTsunamiEvents": 0}}, {"type": "Feature", "id": "1847", "geometry": {"type": "Point", "coordinates": [24.514, 58.375]}, "properties": {"id": 1847, "author": "Veski, Siim, Atko Heinsalu, Veiko Klassen, Aivar Kriiska, Lembi Lougas, Anneli Poska, and Ulla Saluaar", "year": "2005", "referenceId": 4821, "publicationType": 4, "event": "Storegga landslide or Meteorite Impact", "geologicAgeId": 15, "locationName": "Parnu, Estonia", "country": "ESTONIA", "bodyOfWater": "Baltic Sea", "publish": true, "ageDescription": "8400-8200 years BP", "numTsunamiEvents": 0}}, {"type": "Feature", "id": "1848", "geometry": {"type": "Point", "coordinates": [150.8, -34.6]}, "properties": {"id": 1848, "author": "Switzer, Adam D. and Brian G. Jones", "year": "2008", "referenceId": 5122, "publicationType": 4, "event": "Lagoon deposit", "geologicAgeId": 15, "locationName": "Killalea Lagoon, New South Wales, Australia", "country": "AUSTRALIA", "bodyOfWater": "Pacific Ocean", "description": "large-scale washover sedimentation", "publish": true, "ageDescription": "Holocene", "numTsunamiEvents": 0}}, {"type": "Feature", "id": "1867", "geometry": {"type": "Point", "coordinates": [146.7, 43.78]}, "properties": {"id": 1867, "author": "Razzhigaeva, N.G; Ganzey, L A; Grebenshchikova, T A; Kharlamov, A A; Il'yev, A Ya; Kaystrenkov, V M", "year": "2008", "referenceId": 5123, "publicationType": 4, "event": "Kuril Subduction Zone", "geologicAgeId": 15, "locationName": "Shikotan Island", "country": "RUSSIA", "bodyOfWater": "Pacific Ocean", "description": "paleotsunami", "publish": true, "ageDescription": "Holocene", "numTsunamiEvents": 0}}, {"type": "Feature", "id": "1888", "geometry": {"type": "Point", "coordinates": [-115.0, 38.0]}, "properties": {"id": 1888, "author": "Warme, John, and Charles Sandberg", "year": "1995", "referenceId": 4824, "publicationType": 4, "event": "Alamo Impact Event", "geologicAgeId": 5, "locationName": "Southern Nevada", "country": "USA", "bodyOfWater": "Epicontinental Sea", "publish": true, "ageDescription": "Late Devonian", "numTsunamiEvents": 0}}, {"type": "Feature", "id": "1889", "geometry": {"type": "Point", "coordinates": [-153.5, 59.0]}, "properties": {"id": 1889, "author": "Waythomas, Christopher F., Philip Watts, and Joseph Scott Walder", "year": "2006", "referenceId": 4825, "publicationType": 4, "event": "Augustine Eruption", "locationName": "Burr Point and West Island, Alaska, USA", "country": "USA", "bodyOfWater": "Pacific Ocean", "description": "model", "publish": true, "numTsunamiEvents": 0}}, {"type": "Feature", "id": "1907", "geometry": {"type": "Point", "coordinates": [116.0, -25.0]}, "properties": {"id": 1907, "author": "Scheffers, S.R., A. Scheffers, D. Kelletat, E.A. Bryant", "year": "2008", "referenceId": 5126, "publicationType": 4, "event": "Paleotsunami", "geologicAgeId": 15, "locationName": "Australia (west)", "country": "AUSTRALIA", "bodyOfWater": "Indian Ocean", "publish": true, "ageDescription": "Holocene", "numTsunamiEvents": 0}}, {"type": "Feature", "id": "1908", "geometry": {"type": "Point", "coordinates": [-123.96, 45.89]}, "properties": {"id": 1908, "author": "Peterson, Curt D; Cruikshank, Kenneth M; Jol, Harry M; Schlichting, Robert B", "year": "2008", "referenceId": 5127, "publicationType": 4, "event": "Cascadia Earthquake", "geologicAgeId": 15, "locationName": "Oregon, USA", "country": "USA", "bodyOfWater": "Pacific Ocean", "description": "sand deposits", "environment": "wetlands", "publish": true, "ageDescription": "Holocene", "numTsunamiEvents": 0}}, {"type": "Feature", "id": "1909", "geometry": {"type": "Point", "coordinates": [141.0, 38.0]}, "properties": {"id": 1909, "author": "Sawai, Yuki; Fujii, Yushiro; Fujiwara, Osamu; Kamataki, Takanobu; Komatsubara, Junko; Okamura, Yukinobu; Satake, Kenji; Shishikura, Masanobu", "year": "2008", "referenceId": 5128, "publicationType": 4, "event": "869 Sanriku Earthquake and Tsunami", "geologicAgeId": 15, "locationName": "Suijin-numa, Japan Trench", "country": "JAPAN", "bodyOfWater": "Pacific Ocean", "description": "Marine deposits", "publish": true, "ageDescription": "Holocene", "numTsunamiEvents": 0}}, {"type": "Feature", "id": "1928", "geometry": {"type": "Point", "coordinates": [-74.5, 24.0]}, "properties": {"id": 1928, "author": "Mylroie, J.E.", "year": "2008", "referenceId": 5230, "publicationType": 4, "event": "Sea and tide levels", "geologicAgeId": 15, "locationName": "Bahamas", "country": "BAHAMAS", "bodyOfWater": "Caribbean Sea", "publish": true, "ageDescription": "Holocene", "numTsunamiEvents": 0}}, {"type": "Feature", "id": "1929", "geometry": {"type": "Point", "coordinates": [-65.72, 18.09]}, "properties": {"id": 1929, "author": "Woodruff, Jonathan D; Donnelly, Jeffrey P; Mohrig, David; Geyer, Wayne R", "year": "2008", "referenceId": 5231, "publicationType": 4, "event": "Storm versus tsunami", "geologicAgeId": 15, "locationName": "Laguna Playa Grande, Vieques, Puerto Rico", "country": "USA TERRITORY", "bodyOfWater": "Caribbean Sea", "description": "barrier bar-lagoon", "environment": "Back barrier lagoon", "publish": true, "ageDescription": "Last 5000 years", "numTsunamiEvents": 0}}, {"type": "Feature", "id": "1930", "geometry": {"type": "Point", "coordinates": [15.6, 38.3]}, "properties": {"id": 1930, "author": "Pantosti, D; Barbano, MS; Smedile, A; De Martini, PM; Tigano, G", "year": "2008", "referenceId": 5235, "publicationType": 4, "event": "Paleotsunami", "geologicAgeId": 15, "yearBegin": 17, "yearEnd": 1900, "locationName": "Torre degli Inglesi, Sicily", "country": "ITALY", "bodyOfWater": "Mediterranean Sea", "publish": true, "ageDescription": "Last 2000 years", "numTsunamiEvents": 0}}, {"type": "Feature", "id": "1931", "geometry": {"type": "Point", "coordinates": [21.305, 37.648]}, "properties": {"id": 1931, "author": "Vott, A; Bruckner, H; May, M; Lang, F; Herd, R; Brockmuller, S", "year": "2008", "referenceId": 5237, "publicationType": 4, "event": "Impact tsunami", "geologicAgeId": 15, "locationName": "Bay of Aghios Nikolaos, northwest Greece", "country": "GREECE", "bodyOfWater": "Mediterranean Sea", "publish": true, "ageDescription": "Last 5000 years", "numTsunamiEvents": 0}}, {"type": "Feature", "id": "1932", "geometry": {"type": "Point", "coordinates": [92.7, 11.7]}, "properties": {"id": 1932, "author": "Choowong, Montri; Murakoshi, Naomi; Hisada, Ken-ichiro; Charoentitirat, Thasinee; Charusiri, Punya; Phantuwongraj, Sumet; Wongkok, Prawpan; Choowong, Alongkorn; Subsayjun, Rittirong; Chutakositkanon, Vichai; Jankaew, Kruawan; Kanjanapayont, Pitsanupong", "year": "2008", "referenceId": 5162, "publicationType": 4, "event": "2004 Indian Ocean Earthquake & Tsunami", "geologicAgeId": 15, "yearBegin": 2004, "yearEnd": 2004, "locationName": "Andaman coast", "country": "THAILAND", "bodyOfWater": "Indian Ocean", "description": "debris flow", "publish": true, "ageDescription": "December 26, 2004", "numTsunamiEvents": 0}}, {"type": "Feature", "id": "1947", "geometry": {"type": "Point", "coordinates": [-81.0, 22.5]}, "properties": {"id": 1947, "author": "Goto, Kazuhisa, Ryuji Tada, Eiichi Tajika, Manuel A. Iturralde-Vinent, Takafumi Matsui, Shinji Yamamoto, Yoichiro Nakano, Tatsuo Oji, Shoichi Kiyokawa, Dora E. Garc\u00eda Delgado, Consuelo D\u00edaz Otero, Reinaldo Rojas Consuegra", "year": "2008", "referenceId": 4393, "publicationType": 4, "event": "Deep sea deposit", "geologicAgeId": 13, "locationName": "Penalver Formation, Cuba (northwest)", "country": "CUBA", "bodyOfWater": "Caribbean Sea", "publish": true, "ageDescription": "Cretaceous-Tertiary (K/T) Boundary", "numTsunamiEvents": 0}}, {"type": "Feature", "id": "1967", "geometry": {"type": "Point", "coordinates": [-7.0, 37.0]}, "properties": {"id": 1967, "author": "Morales, J A; Borrego, J; San Miguel, E G; Lopez-Gonzalez, N; Carro, B", "year": "2008", "referenceId": 5238, "publicationType": 4, "event": "Historic tsunami", "geologicAgeId": 15, "locationName": "Huelva Estuary, Gulf of Cadiz, Spain", "country": "SPAIN", "bodyOfWater": "Atlantic Ocean", "environment": "Estuary", "publish": true, "ageDescription": "Late Holocene", "numTsunamiEvents": 0}}, {"type": "Feature", "id": "1969", "geometry": {"type": "Point", "coordinates": [73.0, 3.2]}, "properties": {"id": 1969, "author": "Kench, P S; Nichol, S L; Smithers, S G; McLean, R F; Brander, R W", "year": "2008", "referenceId": 5243, "publicationType": 4, "event": "2004 Indian Ocean Earthquake & Tsunami", "geologicAgeId": 15, "yearBegin": 2004, "yearEnd": 2004, "locationName": "Maldives", "country": "MALDIVES", "bodyOfWater": "Indian Ocean", "environment": "island", "publish": true, "ageDescription": "December 26, 2004", "numTsunamiEvents": 0}}, {"type": "Feature", "id": "1970", "geometry": {"type": "Point", "coordinates": [59.53, 22.57]}, "properties": {"id": 1970, "author": "Donato, S.V.; Reinhardt, E.G.; Boyce, J.I.; Rothaus, R.; Vosmer, T.", "year": "2008", "referenceId": 5244, "publicationType": 4, "event": "1945 Earthquake & Tsunami", "geologicAgeId": 15, "yearBegin": 1945, "yearEnd": 1945, "locationName": "Sur Lagoon", "country": "OMAN", "bodyOfWater": "Indian Ocean", "description": "bivalve shell taphonomy", "publish": true, "ageDescription": "November 28, 1945", "numTsunamiEvents": 0}}, {"type": "Feature", "id": "1987", "geometry": {"type": "Point", "coordinates": [-7.5, 37.0]}, "properties": {"id": 1987, "author": "Ruiz, Francisco; Abad, Manuel; Rodriguez Vidal, Joaquin; Caceres, Luis Miguel; Gonzalez Regalado, Maria Luz; Carretero, Maria Isabel; Pozo, Manuel; Gomez Toscano, Francisco", "year": "2008", "referenceId": 5245, "publicationType": 4, "event": "Paleotsunami", "geologicAgeId": 15, "locationName": "Donana National Park, Spain (southwest)", "country": "SPAIN", "bodyOfWater": "Atlantic Ocean", "environment": "lagoon", "publish": true, "ageDescription": "Holocene", "numTsunamiEvents": 0}}, {"type": "Feature", "id": "1988", "geometry": {"type": "Point", "coordinates": [-57.85, -51.7]}, "properties": {"id": 1988, "author": "Regnauld, Herve; Planchon, Olivier; Goff, James", "year": "2008", "referenceId": 5254, "publicationType": 4, "event": "Coastal Evolution", "geologicAgeId": 15, "locationName": "Falkland Archipelago", "country": "UK TERRITORY", "bodyOfWater": "Atlantic Ocean", "publish": true, "ageDescription": "Holocene", "numTsunamiEvents": 0}}, {"type": "Feature", "id": "2007", "geometry": {"type": "Point", "coordinates": [98.33, 7.98]}, "properties": {"id": 2007, "author": "Choowong, Montri, Naomi Murakoshi, Ken-ichiro Hisada, Punya Charusiri, Thasinee Charoentitirat, Vichai Chutakositkanon, Kruawan Jankaew, Pitsanupong Kanjanapayont, Sumet Phantuwongraj", "year": "2008", "referenceId": 4292, "publicationType": 4, "event": "2004 Indian Ocean Earthquake & Tsunami", "geologicAgeId": 15, "yearBegin": 2004, "yearEnd": 2004, "locationName": "Phuket", "country": "THAILAND", "bodyOfWater": "Indian Ocean", "description": "inflow / outflow waves", "publish": true, "ageDescription": "December 26, 2004", "numTsunamiEvents": 0}}, {"type": "Feature", "id": "2008", "geometry": {"type": "Point", "coordinates": [79.9, 10.8]}, "properties": {"id": 2008, "author": "Srinivasalu, S; Thangadurai, N; Jonathan, M P; Armstrong-Altrin, J S; Ayyamperumal, T; Ram-Mohan, V", "year": "2008", "referenceId": 5257, "publicationType": 4, "event": "2004 Indian Ocean Earthquake & Tsunami", "geologicAgeId": 15, "yearBegin": 2004, "yearEnd": 2004, "locationName": "India (southeast coast)", "country": "INDIA", "bodyOfWater": "Indian Ocean", "description": "trace-metal enrichments", "publish": true, "ageDescription": "December 26, 2004", "numTsunamiEvents": 0}}, {"type": "Feature", "id": "2009", "geometry": {"type": "Point", "coordinates": [-73.6, -37.5]}, "properties": {"id": 2009, "author": "Le Roux, J.P.; Nielsen, Sven N.; Kemnitz, Helga; Henriquez, Alvaro", "year": "2008", "referenceId": 5259, "publicationType": 4, "event": "Megatsunami", "geologicAgeId": 14, "locationName": "Ranquil Formation, southern Chile", "country": "CHILE", "bodyOfWater": "Pacific Ocean", "publish": true, "ageDescription": "Pliocene", "numTsunamiEvents": 0}}, {"type": "Feature", "id": "2027", "geometry": {"type": "Point", "coordinates": [-90.0, 38.2]}, "properties": {"id": 2027, "author": "Campbell, Carl E; Oboh-Ikuenobe, Francisca E; Eifert, Tambra L", "year": "2008", "referenceId": 5264, "publicationType": 4, "event": "Megatsunami", "geologicAgeId": 13, "locationName": "Crowleys Ridge, Missouri", "country": "USA", "bodyOfWater": "Tethys", "publish": true, "ageDescription": "Cretaceous-Tertiary (K/T) Boundary", "numTsunamiEvents": 0}}, {"type": "Feature", "id": "2047", "geometry": {"type": "Point", "coordinates": [93.6, 7.6]}, "properties": {"id": 2047, "author": "Dorobek, Steven L.", "year": "2008", "referenceId": 5265, "publicationType": 4, "event": "Volcanogenic deposit", "country": "NONE", "description": "review of volcanic arcs", "publish": true, "numTsunamiEvents": 0}}, {"type": "Feature", "id": "2067", "geometry": {"type": "Point", "coordinates": [79.8, 10.9]}, "properties": {"id": 2067, "author": "Loveson, VJ; Angusamy, N; Guiar, AR; Chandrasekar, N; Rajamanickam, GV", "year": "2008", "referenceId": 5286, "publicationType": 4, "event": "2004 Indian Ocean Earthquake & Tsunami", "geologicAgeId": 15, "yearBegin": 2003, "yearEnd": 2004, "locationName": "East India: Poompuhar; Karaikkal; Nagoor", "country": "INDIA", "bodyOfWater": "Indian Ocean", "description": "erosion", "publish": true, "ageDescription": "December 26, 2004", "numTsunamiEvents": 0}}, {"type": "Feature", "id": "2087", "geometry": {"type": "Point", "coordinates": [-62.85, 17.8]}, "properties": {"id": 2087, "author": "Le Friant, Anne; Heinrich, Philippe; Boudon, Georges", "year": "2008", "referenceId": 5287, "publicationType": 4, "event": "2004 Caribbean Earthquake & Tsunami", "geologicAgeId": 15, "yearBegin": 2004, "yearEnd": 2004, "locationName": "Les Saintes (Lesser Antilles)", "country": "FRANCE", "bodyOfWater": "Caribbean Sea", "description": "field survey", "publish": true, "ageDescription": "December 26, 2004", "numTsunamiEvents": 0}}, {"type": "Feature", "id": "2088", "geometry": {"type": "Point", "coordinates": [77.5, 8.08]}, "properties": {"id": 2088, "author": "Bapat, Arun, and Tad Murty", "year": "2008", "referenceId": 4082, "publicationType": 4, "event": "2004 Indian Ocean Earthquake & Tsunami", "geologicAgeId": 15, "yearBegin": 2004, "yearEnd": 2004, "locationName": "Kanyakumari", "country": "INDIA", "bodyOfWater": "Indian Ocean", "description": "field survey; runup variations", "publish": true, "ageDescription": "December 26, 2004", "numTsunamiEvents": 0}}, {"type": "Feature", "id": "2127", "geometry": {"type": "Point", "coordinates": [80.09, 6.17]}, "properties": {"id": 2127, "author": "Dahanayake, K and N. Kulasena", "year": "2008", "referenceId": 5288, "publicationType": 4, "event": "2004 Indian Ocean Earthquake & Tsunami", "geologicAgeId": 15, "yearBegin": 2004, "yearEnd": 2004, "locationName": "Peraliya and Denuwala villages", "country": "SRI LANKA", "bodyOfWater": "Indian Ocean", "publish": true, "ageDescription": "Hist/Geol", "numTsunamiEvents": 0}}, {"type": "Feature", "id": "2128", "geometry": {"type": "Point", "coordinates": [-6.86, 34.02]}, "properties": {"id": 2128, "author": "Mhammdi, N; Medina, F; Kelletat, D; Ahmamou, M; Aloussi, L", "year": "2008", "referenceId": 5289, "publicationType": 4, "event": "1755 Lisbon Earthquake & Tsunami", "geologicAgeId": 15, "yearBegin": 1755, "yearEnd": 1755, "locationName": "Rabat coast", "country": "MOROCCO", "bodyOfWater": "Atlantic Ocean", "description": "boulders", "publish": true, "ageDescription": "1755", "numTsunamiEvents": 0}}, {"type": "Feature", "id": "2147", "geometry": {"type": "Point", "coordinates": [98.43, 7.98]}, "properties": {"id": 2147, "author": "Kennedy, J; Barry, B; Markwitz, A; Srisuksawad, K; Limsakul, A", "year": "2008", "referenceId": 5290, "publicationType": 4, "event": "2004 Indian Ocean Earthquake & Tsunami", "geologicAgeId": 15, "yearBegin": 2004, "yearEnd": 2004, "locationName": "Phuket Island", "country": "THAILAND", "bodyOfWater": "Indian Ocean", "description": "PIXE analysis; marine deposits", "publish": true, "ageDescription": "December 26, 2004", "numTsunamiEvents": 0}}, {"type": "Feature", "id": "2148", "geometry": {"type": "Point", "coordinates": [-7.0, 37.0]}, "properties": {"id": 2148, "author": "Koster, B; Vonberg, D; Reicherter, K", "year": "2008", "referenceId": 5291, "publicationType": 1, "event": "1755 Lisbon Earthquake & Tsunami", "geologicAgeId": 15, "yearBegin": 1755, "yearEnd": 1755, "locationName": "Gulf of Cadiz, Spain", "country": "SPAIN", "bodyOfWater": "Atlantic Ocean", "publish": true, "ageDescription": "1755", "numTsunamiEvents": 0}}, {"type": "Feature", "id": "2167", "geometry": {"type": "Point", "coordinates": [4.3, 51.55]}, "properties": {"id": 2167, "author": "Cohen, Kim M. and Marc P. Hjima", "year": "2008", "referenceId": 5293, "publicationType": 4, "event": "Sediments in river estuaries", "geologicAgeId": 15, "locationName": "Blijdorp (Rotterdam); Rhine", "country": "NETHERLANDS", "bodyOfWater": "North Sea & Atlantic", "description": "estuary deposits", "environment": "Estuary", "publish": true, "ageDescription": "Late Holocene", "numTsunamiEvents": 0}}, {"type": "Feature", "id": "2168", "geometry": {"type": "Point", "coordinates": [15.0, 59.0]}, "properties": {"id": 2168, "author": "Morner, Nils-Axel and Sue Dawson", "year": "2008", "referenceId": 5295, "publicationType": 1, "event": "Paleotsunami", "geologicAgeId": 15, "locationName": "Scandinavia", "country": "SWEDEN", "bodyOfWater": "Baltic & North Seas", "description": "seismites and tsunamiites", "publish": true, "numTsunamiEvents": 0}}, {"type": "Feature", "id": "2188", "geometry": {"type": "Point", "coordinates": [15.3, 68.7]}, "properties": {"id": 2188, "author": "Haflidason, H; de Alvaro, MM; Nygard, A; Sejrup, HP; Laberg, JS", "year": "2007", "referenceId": 5308, "publicationType": 4, "event": "Norwegian Coastline tsunami", "geologicAgeId": 15, "locationName": "Norwegian Continental slope; Andoya Canyon system; Norwegian Sea", "country": "NORWAY", "bodyOfWater": "Atlantic Ocean", "description": "turbidites", "environment": "Mountains", "publish": true, "ageDescription": "Holocene", "numTsunamiEvents": 0}}, {"type": "Feature", "id": "2207", "geometry": {"type": "Point", "coordinates": [15.0, 43.0]}, "properties": {"id": 2207, "author": "Trincardi, Fabio; Cattaneo, Antonio; Correggiari, Annamaria; Ridente, Domenico", "year": "2004", "referenceId": 5313, "publicationType": 4, "event": "Deformation in mud deposits", "geologicAgeId": 15, "locationName": "Adriatic Sea", "country": "NONE", "bodyOfWater": "Mediterranean Sea", "description": "sediment transport", "publish": true, "numTsunamiEvents": 0}}, {"type": "Feature", "id": "2208", "geometry": {"type": "Point", "coordinates": [-115.0, 38.0]}, "properties": {"id": 2208, "author": "Morrow, Jared R; Sandberg, Charles A; Harris, Anita G", "year": "2005", "referenceId": 5314, "publicationType": 4, "event": "Alamo Impact Event", "geologicAgeId": 5, "locationName": "Nevada, USA", "country": "USA", "bodyOfWater": "Epicontinental Sea", "publish": true, "ageDescription": "Upper Devonian", "numTsunamiEvents": 0}}, {"type": "Feature", "id": "2227", "geometry": {"type": "Point", "coordinates": [140.5, 42.0]}, "properties": {"id": 2227, "author": "Okahashi, Hisayo; Yasuhara, Moriaki; Mitamura, Muneki; Hirose, Kotaro; Yoshikawa, Shusaku", "year": "2005", "referenceId": 5316, "publicationType": 4, "event": "Tsunami deposits", "geologicAgeId": 15, "locationName": "Shima Peninsula", "country": "JAPAN", "bodyOfWater": "Pacific Ocean", "publish": true, "ageDescription": "Holocene", "numTsunamiEvents": 0}}, {"type": "Feature", "id": "2228", "geometry": {"type": "Point", "coordinates": [35.4, 31.7]}, "properties": {"id": 2228, "author": "Salamon, Amos", "year": "2005", "referenceId": 5317, "publicationType": 4, "event": "2004 Dead Sea Earthquake-triggered Landslide and Tsunami", "geologicAgeId": 15, "yearBegin": 2004, "yearEnd": 2004, "locationName": "Dead Sea (northwest coast)", "country": "ISRAEL", "bodyOfWater": "Dead Sea", "description": "11 February 2004 earthquake", "publish": true, "ageDescription": "February 11, 2004", "numTsunamiEvents": 0}}, {"type": "Feature", "id": "2247", "geometry": {"type": "Point", "coordinates": [78.0, 11.0]}, "properties": {"id": 2247, "author": "Vaidyanadhan, R.", "year": "2005", "referenceId": 5319, "publicationType": 4, "event": "2004 Indian Ocean Earthquake & Tsunami", "geologicAgeId": 15, "yearBegin": 2004, "yearEnd": 2004, "locationName": "Tamil Nadu, India (north coast)", "country": "INDIA", "bodyOfWater": "Indian Ocean", "description": "field survey", "publish": true, "ageDescription": "December 26, 2004", "numTsunamiEvents": 0}}, {"type": "Feature", "id": "2248", "geometry": {"type": "Point", "coordinates": [78.0, 11.0]}, "properties": {"id": 2248, "author": "Chadha, RK; Latha, G; Yeh, H; Peterson, C; Katada, Toshitama", "year": "2005", "referenceId": 5320, "publicationType": 4, "event": "2004 Indian Ocean Earthquake & Tsunami", "geologicAgeId": 15, "yearBegin": 2004, "yearEnd": 2004, "locationName": "Tamil Nadu, India", "country": "INDIA", "bodyOfWater": "Indian Ocean", "description": "tsunami heights", "publish": true, "ageDescription": "December 26, 2004", "numTsunamiEvents": 0}}, {"type": "Feature", "id": "2287", "geometry": {"type": "Point", "coordinates": [80.3, 13.2]}, "properties": {"id": 2287, "author": "Thangadurai, N; Srinivasalu, S; Jonathan, M P; Rajeshwara Rao, N; Santhosh Kumar, R", "year": "2005", "referenceId": 5332, "publicationType": 4, "event": "2004 Indian Ocean Earthquake & Tsunami", "geologicAgeId": 15, "yearBegin": 2004, "yearEnd": 2004, "locationName": "Ennore, Chennai, Tamil Nadu, India", "country": "INDIA", "bodyOfWater": "Indian Ocean", "description": "chemical composition of sediment", "environment": "Continental shelf", "publish": true, "ageDescription": "December 26, 2004", "numTsunamiEvents": 0}}, {"type": "Feature", "id": "2307", "geometry": {"type": "Point", "coordinates": [176.7, -39.5]}, "properties": {"id": 2307, "author": "Cochran, U; Berryman, K R; Mildenhall, D C; Hayward, B W; Southall, K; Hollis, C J", "year": "2005", "referenceId": 5333, "publicationType": 4, "event": "Storm versus tsunami", "geologicAgeId": 15, "locationName": "Hawke's Bay, New Zealand", "country": "NEW ZEALAND", "bodyOfWater": "Pacific Ocean", "description": "sand deposits", "publish": true, "ageDescription": "Holocene", "numTsunamiEvents": 0}}, {"type": "Feature", "id": "2308", "geometry": {"type": "Point", "coordinates": [15.0, 59.0]}, "properties": {"id": 2308, "author": "Morner, Nils-Axel", "year": "2005", "referenceId": 5334, "publicationType": 4, "event": "Paleoliquefaction and tsunamis", "geologicAgeId": 15, "locationName": "Sweden", "country": "SWEDEN", "bodyOfWater": "Baltic & North Seas", "description": "sedimentary records", "publish": true, "ageDescription": "Upper Holocene", "numTsunamiEvents": 0}}, {"type": "Feature", "id": "2327", "geometry": {"type": "Point", "coordinates": [-86.3, 12.4]}, "properties": {"id": 2327, "author": "Freundt, Armin, Steffen Kutterolf, Heidi Wehrmann, Hans-Ulrich Schminckea, and Wilfried Strauch", "year": "2006", "referenceId": 6225, "publicationType": 4, "event": "Volcanogenic deposit", "geologicAgeId": 15, "locationName": "Lake Managua", "country": "NICARAGUA", "bodyOfWater": "Inland waterway", "publish": true, "ageDescription": "Holocene", "numTsunamiEvents": 0}}, {"type": "Feature", "id": "2328", "geometry": {"type": "Point", "coordinates": [76.5, 10.0]}, "properties": {"id": 2328, "author": "Kurian, N P; Prakash, T N; Baba, M; Nirupama, N", "year": "2006", "referenceId": 5347, "publicationType": 4, "event": "2004 Indian Ocean Earthquake & Tsunami", "geologicAgeId": 15, "yearBegin": 2004, "yearEnd": 2004, "locationName": "Kerala coast", "country": "INDIA", "bodyOfWater": "Indian Ocean", "publish": true, "ageDescription": "December 26, 2004", "numTsunamiEvents": 0}}, {"type": "Feature", "id": "2347", "geometry": {"type": "Point", "coordinates": [-68.26, 12.2]}, "properties": {"id": 2347, "author": "Scheffers, Anja; Scheffers, Sander", "year": "2006", "referenceId": 5348, "publicationType": 4, "event": "Storm versus tsunami", "geologicAgeId": 15, "yearBegin": 2004, "yearEnd": 2004, "locationName": "Bonaire", "country": "NETHERLANDS ANTILLES", "bodyOfWater": "Caribbean Sea", "description": "boulders; Hurricane Ivan", "publish": true, "ageDescription": "Summer 2004", "numTsunamiEvents": 0}}, {"type": "Feature", "id": "2348", "geometry": {"type": "Point", "coordinates": [117.0, 36.7]}, "properties": {"id": 2348, "author": "Yang Jianping; Wang Yali; Zha Ming; Mu Xuemei", "year": "2006", "referenceId": 5349, "publicationType": 4, "event": "Tsunami deposits", "geologicAgeId": 14, "locationName": "Shandong; Huimin Depression", "country": "CHINA", "bodyOfWater": "Pacific Ocean", "description": "seismites", "publish": true, "ageDescription": "Tertiary", "numTsunamiEvents": 0}}, {"type": "Feature", "id": "2349", "geometry": {"type": "Point", "coordinates": [79.0, 9.5]}, "properties": {"id": 2349, "author": "Kumar, KA; Achyuthan, H", "year": "2006", "referenceId": 5350, "publicationType": 4, "event": "Volcanogenic tsunami", "geologicAgeId": 15, "locationName": "Sri Lanka and India", "country": "INDIA", "bodyOfWater": "Indian Ocean", "publish": true, "ageDescription": "Last 200 years", "numTsunamiEvents": 0}}, {"type": "Feature", "id": "2350", "geometry": {"type": "Point", "coordinates": [101.05, 12.0]}, "properties": {"id": 2350, "author": "Boszke, Leonard; Kowalski, Artur; Szczucinski, Witold; Rachlewicz, Grzegorz; Lorenc, Stanislaw; Siepak, Jerzy", "year": "2006", "referenceId": 5351, "publicationType": 4, "event": "2004 Indian Ocean Earthquake & Tsunami", "geologicAgeId": 15, "yearBegin": 2004, "yearEnd": 2004, "locationName": "Patong Bay and Phang Nga", "country": "THAILAND", "bodyOfWater": "Indian Ocean", "description": "chemical composition of sediment", "publish": true, "ageDescription": "December 26, 2004", "numTsunamiEvents": 0}}, {"type": "Feature", "id": "2351", "geometry": {"type": "Point", "coordinates": [-22.1, 72.9]}, "properties": {"id": 2351, "author": "Wagner, Bernd; Bennike, Ole; Klug, Martin; Cremer, Holger", "year": "2007", "referenceId": 5352, "publicationType": 4, "event": "Storegga landslide", "geologicAgeId": 15, "locationName": "Loon Lake, East Greenland", "country": "DENMARK", "bodyOfWater": "Atlantic Ocean", "description": "marine deposits", "publish": true, "ageDescription": "8500-8300 BP", "numTsunamiEvents": 0}}, {"type": "Feature", "id": "2367", "geometry": {"type": "Point", "coordinates": [-124.0, 43.3]}, "properties": {"id": 2367, "author": "Briggs, M.J., C.E. Synolakis, G.S. Harkins, Collidge, A. Kanoglu", "year": "1994", "referenceId": 4321, "publicationType": 4, "event": "Earthquake", "geologicAgeId": 15, "locationName": "Siuslaw, Umpqua and Coo River systems, Oregon (south-central), USA", "country": "USA", "bodyOfWater": "Pacific Ocean", "description": "buried marshes, overlapping, 1-2m subsidence", "environment": "marsh", "publish": true, "ageDescription": "400 BP", "numTsunamiEvents": 0}}, {"type": "Feature", "id": "2387", "geometry": {"type": "Point", "coordinates": [-125.0, 45.0]}, "properties": {"id": 2387, "author": "Peters, Robert, Bruce Jaffe, Guy Gelfenbaum, and Curt Peterson", "year": "2003", "referenceId": 2480, "publicationType": 2, "event": "Cascadia Earthquake", "locationName": "Pacific Northwest coast", "country": "NONE", "bodyOfWater": "Pacific Ocean", "description": "database review", "publish": true, "numTsunamiEvents": 0}}, {"type": "Feature", "id": "2407", "geometry": {"type": "Point", "coordinates": [-125.0, 46.0]}, "properties": {"id": 2407, "author": "Adams, John", "year": "1990", "referenceId": 4766, "publicationType": 4, "event": "Cascadia Earthquake", "geologicAgeId": 15, "locationName": "Cascadia Channel cores off Oregon-Washington", "country": "USA", "bodyOfWater": "Pacific Ocean", "environment": "Deep sea", "publish": true, "ageDescription": "Holocene", "numTsunamiEvents": 0}}, {"type": "Feature", "id": "2427", "geometry": {"type": "Point", "coordinates": [150.68, -35.05]}, "properties": {"id": 2427, "author": "Switzer, Adam D. and Joanna M. Burston", "year": "2010", "referenceId": 6345, "publicationType": 4, "event": "Storm versus tsunami", "geologicAgeId": 15, "locationName": "Jervis Bay, Australia", "country": "AUSTRALIA", "bodyOfWater": "Pacific Ocean", "description": "boulders", "publish": true, "ageDescription": "Late Holocene", "numTsunamiEvents": 0}}, {"type": "Feature", "id": "2447", "geometry": {"type": "Point", "coordinates": [-21.35, 66.0]}, "properties": {"id": 2447, "author": "Etienne, Samuel and Raphael Paris", "year": "2010", "referenceId": 6346, "publicationType": 4, "event": "Storm versus tsunami", "locationName": "Reykjanes Peninsula", "country": "ICELAND", "bodyOfWater": "Atlantic Ocean", "description": "boulders", "publish": true, "numTsunamiEvents": 0}}, {"type": "Feature", "id": "2467", "geometry": {"type": "Point", "coordinates": [5.49, 61.91]}, "properties": {"id": 2467, "author": "Lysa, A., B.O. Hjelstuen, and E. Larsen", "year": "2009", "referenceId": 6365, "publicationType": 4, "event": "Storegga landslide", "locationName": "Nordfjord system on the west coast of Norway", "country": "NORWAY", "bodyOfWater": "Atlantic Ocean", "environment": "fjords & lakes", "publish": true, "numTsunamiEvents": 0}}, {"type": "Feature", "id": "2487", "geometry": {"type": "Point", "coordinates": [79.9, 10.8]}, "properties": {"id": 2487, "author": "Srinivasalu, S., M.P. Jonathan, N. Thangadurai, and V. Ram-Mohan", "year": "2010", "referenceId": 6387, "publicationType": 4, "event": "2004 Indian Ocean Earthquake & Tsunami", "geologicAgeId": 15, "yearBegin": 2004, "yearEnd": 2004, "locationName": "Tamil Nadu, India", "country": "INDIA", "bodyOfWater": "Indian Ocean", "description": "shallow marine tsunami deposit", "publish": true, "ageDescription": "December 26, 2004", "numTsunamiEvents": 0}}, {"type": "Feature", "id": "2507", "geometry": {"type": "Point", "coordinates": [141.767, 39.033]}, "properties": {"id": 2507, "author": "Yagishita, Koji", "year": "2000", "referenceId": 6466, "publicationType": 4, "event": "Gravel Sheet", "geologicAgeId": 15, "locationName": "Attari coast, Japan", "country": "JAPAN", "bodyOfWater": "Pacific Ocean", "publish": true, "numTsunamiEvents": 0}}, {"type": "Feature", "id": "2508", "geometry": {"type": "Point", "coordinates": [29.0, 41.0]}, "properties": {"id": 2508, "author": "Altinok, Y., S. Tinti, V. Alpar, A.C. Yalciner, S. Ersoy, E. Bortolucci, and A. Armigliato", "year": "2001", "referenceId": 1403, "publicationType": 4, "event": "1999 Turkey Earthquake & Tsunami", "geologicAgeId": 15, "yearBegin": 1999, "yearEnd": 1999, "locationName": "Sea of Marmara, Izmit Bay, Istanbul", "country": "TURKEY", "bodyOfWater": "Mediterranean Sea", "publish": true, "ageDescription": "August 1999", "numTsunamiEvents": 0}}, {"type": "Feature", "id": "2511", "geometry": {"type": "Point", "coordinates": [3.58, 36.77]}, "properties": {"id": 2511, "author": "Dan, G., N. Sultan, A. Cattaneo, J. Deverchere, and K. Yelles", "year": "2010", "referenceId": 6471, "publicationType": 4, "event": "2003 Algerian Earthquake & Tsunami", "geologicAgeId": 15, "yearBegin": 2003, "yearEnd": 2003, "locationName": "Algiers and Dellys", "country": "ALGERIA", "bodyOfWater": "Mediterranean Sea", "description": "mass transport of deposits", "publish": true, "numTsunamiEvents": 0}}, {"type": "Feature", "id": "2512", "geometry": {"type": "Point", "coordinates": [-146.48, 61.11]}, "properties": {"id": 2512, "author": "Ryan, H.F., H.J. Lee, P.J. Haeussler, C.R. Alexander and R.E. Kayen", "year": "2010", "referenceId": 6472, "publicationType": 4, "event": "1964 Alaskan Earthquake & Tsunami", "geologicAgeId": 15, "yearBegin": 1964, "yearEnd": 1964, "locationName": "Port Valdez, Alaska", "country": "USA", "bodyOfWater": "Pacific Ocean", "description": "debris lobes", "publish": true, "ageDescription": "March 27, 1964", "numTsunamiEvents": 0}}, {"type": "Feature", "id": "2513", "geometry": {"type": "Point", "coordinates": [80.1, 12.5]}, "properties": {"id": 2513, "author": "Yeh, H., Chadha, R.K., Francis, M., Katada, T., Latha, G., Peterson, C., Raghuraman, G., Singh, J. P.", "year": "2006", "referenceId": 6473, "publicationType": 4, "event": "2004 Indian Ocean Earthquake & Tsunami", "geologicAgeId": 15, "yearBegin": 2004, "yearEnd": 2004, "locationName": "Vedaranniyam to Vodarevu (southeast Indian coast)", "country": "INDIA", "bodyOfWater": "Indian Ocean", "description": "field survey", "publish": true, "ageDescription": "December 26, 2004", "numTsunamiEvents": 0}}, {"type": "Feature", "id": "2514", "geometry": {"type": "Point", "coordinates": [95.0, 5.5]}, "properties": {"id": 2514, "author": "Wong, P.P.", "year": "2009", "referenceId": 5393, "publicationType": 4, "event": "2004 Indian Ocean Earthquake & Tsunami", "geologicAgeId": 15, "yearBegin": 2004, "yearEnd": 2004, "locationName": "Banda Aceh, Sumatra", "country": "INDONESIA", "bodyOfWater": "Indian Ocean", "description": "tsunami damage", "publish": true, "ageDescription": "December 26, 2004", "numTsunamiEvents": 0}}, {"type": "Feature", "id": "2515", "geometry": {"type": "Point", "coordinates": [39.0, -5.0]}, "properties": {"id": 2515, "author": "Weiss, Robert and Heinrich Bahlburg", "year": "2006", "referenceId": 6475, "publicationType": 4, "event": "2004 Indian Ocean Earthquake & Tsunami", "geologicAgeId": 15, "yearBegin": 2004, "yearEnd": 2005, "locationName": "Mombasa and the Ngomeni Peninsula coasts", "country": "KENYA", "bodyOfWater": "Indian Ocean", "description": "field survey", "publish": true, "ageDescription": "December 26, 2004", "numTsunamiEvents": 0}}, {"type": "Feature", "id": "2516", "geometry": {"type": "Point", "coordinates": [95.0, 5.0]}, "properties": {"id": 2516, "author": "Wassmer, P. Baumert, P. Lavigne, F. Paris, R. Sartohadi, J.", "year": "2007", "referenceId": 6476, "publicationType": 4, "event": "2004 Indian Ocean Earthquake & Tsunami", "geologicAgeId": 15, "yearBegin": 2004, "yearEnd": 2004, "locationName": "Kajhu Perumnas District, Banda Aceh, Sumatra", "country": "INDONESIA", "bodyOfWater": "Indian Ocean", "description": "sediment transport", "publish": true, "ageDescription": "December 26, 2004", "numTsunamiEvents": 0}}, {"type": "Feature", "id": "2517", "geometry": {"type": "Point", "coordinates": [-115.0, 38.0]}, "properties": {"id": 2517, "author": "Warme, John E; Morrow, Jared R; Sandberg, Charles A", "year": "2008", "referenceId": 5262, "publicationType": 2, "event": "Alamo Impact Event", "geologicAgeId": 5, "locationName": "Nevada, USA", "country": "USA", "bodyOfWater": "Epicontinental Sea", "publish": true, "ageDescription": "Devonian", "numTsunamiEvents": 0}}, {"type": "Feature", "id": "2527", "geometry": {"type": "Point", "coordinates": [15.2, 39.9]}, "properties": {"id": 2527, "author": "Di Roberto, A., M. Rosi, A. Bertagnini, M.P. Marani and F. Gamberi", "year": "2010", "referenceId": 6480, "publicationType": 4, "event": "2002 Stromboli Eruption & Tsunami", "geologicAgeId": 15, "yearBegin": 2002, "yearEnd": 2002, "locationName": "Stromboli Volcano, Italy", "country": "ITALY", "bodyOfWater": "Mediterranean Sea", "description": "turbidites", "publish": true, "ageDescription": "2002", "numTsunamiEvents": 0}}, {"type": "Feature", "id": "2547", "geometry": {"type": "Point", "coordinates": [15.3, 38.8]}, "properties": {"id": 2547, "author": "Rotonda, Tatiana, Tommasi, Paolo, Boldini, Daniela", "year": "2010", "referenceId": 6486, "publicationType": 4, "event": "2002 Stromboli Eruption & Tsunami", "geologicAgeId": 15, "yearBegin": 2002, "yearEnd": 2002, "locationName": "Stromboli Volcano, Italy", "country": "ITALY", "bodyOfWater": "Mediterranean Sea", "description": "grain surface morphology", "publish": true, "ageDescription": "2002", "numTsunamiEvents": 0}}, {"type": "Feature", "id": "2548", "geometry": {"type": "Point", "coordinates": [96.0, 5.2]}, "properties": {"id": 2548, "author": "Liew, Soo Chin; Gupta, Avijit; Poh Wong, Poh; Keong Kwoh, Leong", "year": "2010", "referenceId": 6613, "publicationType": 4, "event": "2004 Indian Ocean Earthquake & Tsunami", "geologicAgeId": 15, "yearBegin": 2004, "yearEnd": 2004, "locationName": "Aceh, Sumatra", "country": "INDONESIA", "bodyOfWater": "Indian Ocean", "description": "erosion", "environment": "Coastal", "publish": true, "ageDescription": "December 26, 2004", "numTsunamiEvents": 0}}, {"type": "Feature", "id": "2549", "geometry": {"type": "Point", "coordinates": [-10.6, 36.0]}, "properties": {"id": 2549, "author": "Abrantes, F., S. Lebreiro, T. Rodrigues, I. Gil, H. Bartels-Jonsdottir, P. Oliveira, C. Kissel, and J.O. Grimalt", "year": "2005", "referenceId": 3257, "publicationType": 4, "event": "1755 Lisbon Earthquake & Tsunami", "geologicAgeId": 15, "locationName": "Lisbon, Portugal", "country": "PORTUGAL", "bodyOfWater": "Atlantic Ocean", "description": "sediment cores", "publish": true, "ageDescription": "Last 2000 years", "numTsunamiEvents": 0}}, {"type": "Feature", "id": "2550", "geometry": {"type": "Point", "coordinates": [29.0, 40.7]}, "properties": {"id": 2550, "author": "Altinok, T., and S. Ersoy", "year": "2000", "referenceId": 1404, "publicationType": 4, "event": "Historic tsunami", "geologicAgeId": 15, "locationName": "Turkey", "country": "TURKEY", "bodyOfWater": "Mediterranean Sea", "publish": true, "ageDescription": "Last 3000 years", "numTsunamiEvents": 0}}, {"type": "Feature", "id": "2551", "geometry": {"type": "Point", "coordinates": [22.0, 38.0]}, "properties": {"id": 2551, "author": "Alvarez-Zarikian, Carlos A., Steven Soter, Dora Katsonopoulou", "year": "2008", "referenceId": 6591, "publicationType": 4, "event": "Historic tsunami", "geologicAgeId": 15, "locationName": "Gulf of Corinth, Central Greece", "country": "GREECE", "bodyOfWater": "Mediterranean Sea", "description": "sedimentation", "publish": true, "numTsunamiEvents": 0}}, {"type": "Feature", "id": "2552", "geometry": {"type": "Point", "coordinates": [80.2, 12.6]}, "properties": {"id": 2552, "author": "Anandan, C. and P. Sasidhar", "year": "2008", "referenceId": 5285, "publicationType": 4, "event": "2004 Indian Ocean Earthquake & Tsunami", "geologicAgeId": 15, "yearBegin": 2004, "yearEnd": 2004, "locationName": "Kalpakkam, Tamil Nadu, India", "country": "INDIA", "bodyOfWater": "Indian Ocean", "description": "coastal deposits", "publish": true, "ageDescription": "December 26, 2004", "numTsunamiEvents": 0}}, {"type": "Feature", "id": "2553", "geometry": {"type": "Point", "coordinates": [25.4, 36.4]}, "properties": {"id": 2553, "author": "Anastasakis, George", "year": "2007", "referenceId": 6592, "publicationType": 4, "event": "Santorini Eruption & Tsunami", "geologicAgeId": 15, "locationName": "Cretan Basin, Aegean Sea, Greece", "country": "GREECE", "bodyOfWater": "Mediterranean Sea", "description": "megabeds", "environment": "submarine basin", "publish": true, "ageDescription": "3500 BP", "numTsunamiEvents": 0}}, {"type": "Feature", "id": "2554", "geometry": {"type": "Point", "coordinates": [20.5, 58.0]}, "properties": {"id": 2554, "author": "Andren, Thomas; Andren, Elinor", "year": "2001", "referenceId": 6638, "publicationType": 4, "event": "Storegga landslide", "geologicAgeId": 15, "locationName": "Baltic Sea", "country": "NONE", "bodyOfWater": "Baltic Sea", "description": "deep sea deposit", "publish": true, "ageDescription": "8000 BP", "numTsunamiEvents": 0}}, {"type": "Feature", "id": "2567", "geometry": {"type": "Point", "coordinates": [-76.0, 38.0]}, "properties": {"id": 2567, "author": "Cockell, Charles S; Gronstal, Aaron L; Voytek, Mary A; Kirshtein, Julie D; Finster, Kai; Sanford, Ward E; Glamoclija, Mihaela; Gohn, Gregory S; Powars, David S; Horton, J Wright, Jr.", "year": "2009", "referenceId": 6452, "publicationType": 4, "event": "Chesapeake Bay Impact Crater", "geologicAgeId": 14, "locationName": "Chesapeake Bay Impact Crater, SE Virginia", "country": "USA", "bodyOfWater": "Atlantic Ocean", "description": "resurge sediments and sediment megablocks", "publish": true, "ageDescription": "Upper Eocene", "numTsunamiEvents": 0}}, {"type": "Feature", "id": "2568", "geometry": {"type": "Point", "coordinates": [34.9, 25.0]}, "properties": {"id": 2568, "author": "Salem, El-Sayed Mohamed", "year": "2009", "referenceId": 6506, "publicationType": 4, "event": "Paleotsunami", "locationName": "Red Sea coast, North Marsa Alam City", "country": "EGYPT", "environment": "Beach Deposit", "publish": true, "numTsunamiEvents": 0}}, {"type": "Feature", "id": "2570", "geometry": {"type": "Point", "coordinates": [95.56, 5.35]}, "properties": {"id": 2570, "author": "Kamataki, Takanobu, Yuichi Nishimura, Guy Gelfenbaum, Andrew Moore and Rahmat Toriyono", "year": "2005", "referenceId": 6507, "publicationType": 4, "event": "2004 Indian Ocean Earthquake & Tsunami", "geologicAgeId": 15, "yearBegin": 2004, "yearEnd": 2004, "locationName": "Nanggroe Aceh Darussalam, Indonesia (north)", "country": "INDONESIA", "bodyOfWater": "Indian Ocean", "description": "field survey", "publish": true, "ageDescription": "December 26, 2004", "numTsunamiEvents": 0}}, {"type": "Feature", "id": "2571", "geometry": {"type": "Point", "coordinates": [-66.0, 18.5]}, "properties": {"id": 2571, "author": "Hearne, Meghan E.", "year": "2009", "referenceId": 6508, "publicationType": 6, "event": "Landslide", "geologicAgeId": 15, "locationName": "Puerto Rico", "country": "USA TERRITORY", "bodyOfWater": "Caribbean Sea", "publish": true, "numTsunamiEvents": 0}}, {"type": "Feature", "id": "2572", "geometry": {"type": "Point", "coordinates": [-73.6, -41.6]}, "properties": {"id": 2572, "author": "Shishikura, Masanobu Kamataki, Takanobu Sawai, Yuki Satake, Kenji Cisternas, Marco Atwater, Brian Youlton, Cristian Sugiyama, Yuichi", "year": "2004", "referenceId": 6511, "publicationType": 2, "event": "1960 Chile Earthquake & Tsunami", "geologicAgeId": 15, "yearBegin": 1575, "yearEnd": 1960, "locationName": "Chuyaquen site and Chamiza", "country": "CHILE", "bodyOfWater": "Pacific Ocean", "publish": true, "numTsunamiEvents": 0}}, {"type": "Feature", "id": "2574", "geometry": {"type": "Point", "coordinates": [98.0, 7.9]}, "properties": {"id": 2574, "author": "Tsuji, Y., Namegaya, Y., Matsumoto, H., Iwasaki, S., Kanbua, W., Sriwichai, M., and Meesuk, V.", "year": "2006", "referenceId": 2042, "publicationType": 4, "event": "2004 Indian Ocean Earthquake & Tsunami", "geologicAgeId": 15, "yearBegin": 2004, "yearEnd": 2004, "locationName": "South of Phuket Island up to the border of Myanmar including four islands", "country": "THAILAND", "bodyOfWater": "Indian Ocean", "description": "field survey", "publish": true, "ageDescription": "December 26, 2004", "numTsunamiEvents": 0}}, {"type": "Feature", "id": "2575", "geometry": {"type": "Point", "coordinates": [80.8, 7.8]}, "properties": {"id": 2575, "author": "Tomita, T. Imamura, F. Arikawa, T. Yasuda, T. Kawata, Y.", "year": "2006", "referenceId": 6513, "publicationType": 4, "event": "2004 Indian Ocean Earthquake & Tsunami", "geologicAgeId": 15, "yearBegin": 2004, "yearEnd": 2004, "country": "SRI LANKA", "bodyOfWater": "Indian Ocean", "description": "field survey", "publish": true, "ageDescription": "December 26, 2004", "numTsunamiEvents": 0}}, {"type": "Feature", "id": "2587", "geometry": {"type": "Point", "coordinates": [15.0, 38.0]}, "properties": {"id": 2587, "author": "Tinti, Stefano, Alessandra Maramai, Alberto Armigliato, Laura Graziani, Anna Manucci, Gianluca Pagnoni, Filippo Zaniboni", "year": "2006", "referenceId": 4392, "publicationType": 4, "event": "2002 Stromboli Eruption & Tsunami", "geologicAgeId": 15, "yearBegin": 2002, "yearEnd": 2002, "locationName": "Stromboli Volcano, Italy", "country": "ITALY", "bodyOfWater": "Mediterranean Sea", "description": "field survey", "publish": true, "numTsunamiEvents": 0}}, {"type": "Feature", "id": "2588", "geometry": {"type": "Point", "coordinates": [-81.5, 22.5]}, "properties": {"id": 2588, "author": "Tada, R.; Takayama, H.; Matsui, T.; Iturralde Vinent, M.; Tajika, E.; Oji, T.; Kiyokawa, S.; Garcia, D.; Okada, H.; Toyoda, K.; Hasagawa, T.", "year": "2006", "referenceId": 6546, "publicationType": 1, "event": "K/T Boundary Impact", "geologicAgeId": 13, "country": "CUBA", "bodyOfWater": "Tethys", "publish": true, "ageDescription": "Cretaceous-Tertiary (K/T) Boundary", "numTsunamiEvents": 0}}, {"type": "Feature", "id": "2589", "geometry": {"type": "Point", "coordinates": [-83.7, 22.6]}, "properties": {"id": 2589, "author": "Tada, Ryuji, Youichiro Nakano, Manuel A. Iturralde-Vinent, Shinji Yamamoto, T. Kamata, Eiichi Tajika,  K. Toyoda, Shoichi Kiyokawa, Dora Garcia Delgado, Tatsuo Oji, Kazuhisa Goto,  Hideo Takayama, Reinaldo Rojas-Consuegra and Takafumi Matsui", "year": "2002", "referenceId": 6547, "publicationType": 4, "event": "K/T Boundary Impact", "geologicAgeId": 13, "locationName": "Moncada Formation in western Cuba", "country": "CUBA", "bodyOfWater": "Tethys", "publish": true, "ageDescription": "Cretaceous-Tertiary (K/T) Boundary", "numTsunamiEvents": 0}}, {"type": "Feature", "id": "2607", "geometry": {"type": "Point", "coordinates": [-97.0, 31.25]}, "properties": {"id": 2607, "author": "Prauss, Michael L.", "year": "2009", "referenceId": 6565, "publicationType": 4, "event": "K/T Boundary Impact", "geologicAgeId": 13, "locationName": "Brazos River, Texas, USA", "country": "USA", "bodyOfWater": "Tethys", "description": "event deposit (ED)", "publish": true, "ageDescription": "Cretaceous-Tertiary (K/T) Boundary", "numTsunamiEvents": 0}}, {"type": "Feature", "id": "2608", "geometry": {"type": "Point", "coordinates": [153.3, 46.6]}, "properties": {"id": 2608, "author": "MacInnes, Breanyn T; Bourgeois, Joanne; Pinegina, Tatiana K; Kravchunovskaya, Ekaterina A", "year": "2009", "referenceId": 5521, "publicationType": 4, "event": "2006 Kuril Islands Earthquake & Tsunami", "geologicAgeId": 15, "yearBegin": 2006, "yearEnd": 2006, "locationName": "Kuril Islands", "country": "RUSSIA", "bodyOfWater": "Pacific Ocean", "publish": true, "ageDescription": "2006", "numTsunamiEvents": 0}}, {"type": "Feature", "id": "2627", "geometry": {"type": "Point", "coordinates": [80.2, 14.5]}, "properties": {"id": 2627, "author": "Ruiz, Francisco, Manuel Abad, Lu\u00eds Miguel C\u00e1ceres, Joaqu\u00edn Rodr\u00edguez Vidal, Mar\u00eda Isabel Carretero, Manuel Pozo and Mar\u00eda Luz Gonz\u00e1lez-Regalado", "year": "2010", "referenceId": 6585, "publicationType": 4, "event": "2004 Indian Ocean Earthquake & Tsunami", "geologicAgeId": 15, "yearBegin": 2004, "yearEnd": 2004, "locationName": "India (east coast) and others", "country": "INDIA", "bodyOfWater": "Indian Ocean", "description": "ostracods as tsunami tracers", "publish": true, "ageDescription": "December 26, 2004", "numTsunamiEvents": 0}}, {"type": "Feature", "id": "2628", "geometry": {"type": "Point", "coordinates": [92.7, 11.7]}, "properties": {"id": 2628, "author": "Srisutam, Chanchai, Wagner, Jean-Frank", "year": "2010", "referenceId": 6588, "publicationType": 4, "event": "2004 Indian Ocean Earthquake & Tsunami", "geologicAgeId": 15, "yearBegin": 2004, "yearEnd": 2004, "locationName": "Andaman coast", "country": "THAILAND", "bodyOfWater": "Indian Ocean", "description": "sedimentary records", "publish": true, "ageDescription": "December 26, 2004", "numTsunamiEvents": 0}}, {"type": "Feature", "id": "2649", "geometry": {"type": "Point", "coordinates": [1.5, 50.75]}, "properties": {"id": 2649, "author": "Deconinck, J.F., F. Baudin, N. Tribovillard", "year": "2000", "referenceId": 6620, "publicationType": 4, "event": "Tsunami deposits", "geologicAgeId": 11, "locationName": "Boulonnais, Northern France", "country": "FRANCE", "bodyOfWater": "Atlantic Ocean", "description": "Purbeckian facies deposits", "publish": true, "ageDescription": "Jurassic-Cretaceous boundary", "numTsunamiEvents": 0}}, {"type": "Feature", "id": "2650", "geometry": {"type": "Point", "coordinates": [-7.93, 37.0]}, "properties": {"id": 2650, "author": "Dawson, A.G., R. Hindson, C. Andrade, C. Freitas, R. Parish, and M. Bateman", "year": "1995", "referenceId": 6677, "publicationType": 4, "event": "1755 Lisbon Earthquake & Tsunami", "geologicAgeId": 15, "yearBegin": 1755, "yearEnd": 1755, "locationName": "Boca do Rio, Algarve, Portugal", "country": "PORTUGAL", "bodyOfWater": "Atlantic Ocean", "description": "sedimentary records", "publish": true, "ageDescription": "1755", "numTsunamiEvents": 0}}, {"type": "Feature", "id": "2652", "geometry": {"type": "Point", "coordinates": [97.64, 8.65]}, "properties": {"id": 2652, "author": "Chavanich, S., V. Viyakarn, P. Sojisuporn, A. Siripong, P. Menasveta", "year": "2008", "referenceId": 6673, "publicationType": 4, "event": "2004 Indian Ocean Earthquake & Tsunami", "geologicAgeId": 15, "yearBegin": 2004, "yearEnd": 2004, "locationName": "Mu Ko Similan Marine National Park", "country": "THAILAND", "bodyOfWater": "Indian Ocean", "description": "coral damage", "publish": true, "ageDescription": "December 26, 2004", "numTsunamiEvents": 0}}, {"type": "Feature", "id": "2653", "geometry": {"type": "Point", "coordinates": [-62.18, 16.72]}, "properties": {"id": 2653, "author": "Edmonds, Marie; Herd, Richard A.; Strutt, Michael H.", "year": "2006", "referenceId": 6680, "publicationType": 4, "event": "Volcano Montserrat Lava Dome Collapse", "geologicAgeId": 15, "yearBegin": 2003, "yearEnd": 2003, "locationName": "Soufriere Hills, West Indies", "country": "MONTSERRAT", "bodyOfWater": "Caribbean Sea", "description": "tephra deposits", "publish": true, "ageDescription": "July 12-13, 2003", "numTsunamiEvents": 0}}, {"type": "Feature", "id": "2654", "geometry": {"type": "Point", "coordinates": [-8.5, 55.0]}, "properties": {"id": 2654, "author": "Scheffers, Anja; Scheffers, Sander; Kelletat, Dieter; Browne, Tony", "year": "2009", "referenceId": 6813, "publicationType": 4, "event": "Boulders", "geologicAgeId": 15, "locationName": "Ireland and Scotland (west coasts)", "country": "UK", "bodyOfWater": "Atlantic Ocean", "publish": true, "numTsunamiEvents": 0}}, {"type": "Feature", "id": "2655", "geometry": {"type": "Point", "coordinates": [92.9, 12.7]}, "properties": {"id": 2655, "author": "Kunz, Alexander; Frechen, Manfred; Ramesh, Ramachandran; Urban, Brigitte", "year": "2010", "referenceId": 6752, "publicationType": 4, "event": "Paleotsunami", "geologicAgeId": 15, "locationName": "Andaman coast", "country": "INDIA", "bodyOfWater": "Indian Ocean", "description": "radiocarbin and OSL dating", "publish": true, "ageDescription": "Holocene 3000 years", "numTsunamiEvents": 0}}, {"type": "Feature", "id": "2656", "geometry": {"type": "Point", "coordinates": [147.35, 43.5]}, "properties": {"id": 2656, "author": "Razzhigaeva, N.G. (Razzhigayeva, N.G.); Ganzei, L.A.; Grebennikova, T.A.; Kharlamov, A.A.; Il'ev, A. Ya (Il'yev, A. Ya); Kaistrenko, V. M.", "year": "2007", "referenceId": 6634, "publicationType": 4, "event": "1994 Shikotan Earthquake", "geologicAgeId": 15, "yearBegin": 1994, "yearEnd": 1994, "locationName": "Shikotan Island", "country": "RUSSIA", "bodyOfWater": "Pacific Ocean", "publish": true, "ageDescription": "October 4, 1994", "numTsunamiEvents": 0}}, {"type": "Feature", "id": "2657", "geometry": {"type": "Point", "coordinates": [5.7, 59.1]}, "properties": {"id": 2657, "author": "Boe, Reidulv, Prosch-danielsen Lisbeth, Lepland Aivo, Harbitz Carl B., Gauer Peter, Lovholt Finn, Hogestol Mari", "year": "2007", "referenceId": 6652, "publicationType": 4, "event": "Landslide tsunami", "geologicAgeId": 15, "locationName": "Rennesoy, SW Norway", "country": "NORWAY", "bodyOfWater": "Atlantic Ocean", "description": "Stone Age settlements", "publish": true, "ageDescription": "Holocene", "numTsunamiEvents": 0}}, {"type": "Feature", "id": "2658", "geometry": {"type": "Point", "coordinates": [-123.95, 45.883]}, "properties": {"id": 2658, "author": "Priest, George R.,  Chris Goldfinger, Kelin Wang, Robert C. Witter, Yinglong Zhang, Antonio M. Baptista", "year": "2009", "referenceId": 7075, "publicationType": 4, "event": "10,000-year history of Cascadia great earthquakes", "geologicAgeId": 15, "locationName": "Cannon Beach, Oregon, USA", "country": "USA", "bodyOfWater": "Pacific Ocean", "publish": true, "ageDescription": "Holocene", "numTsunamiEvents": 0}}, {"type": "Feature", "id": "2659", "geometry": {"type": "Point", "coordinates": [-6.38, 56.97]}, "properties": {"id": 2659, "author": "Jordan, Jason T., Smith, David E., Dawson, Sue, and Alastair G. Dawson", "year": "2010", "referenceId": 7115, "publicationType": 4, "event": "Storegga landslide", "geologicAgeId": 15, "locationName": "Harris, Outer Hebrides, Scotland", "country": "UK", "bodyOfWater": "Atlantic Ocean", "description": "sea and tide levels", "publish": true, "ageDescription": "Holocene", "numTsunamiEvents": 0}}, {"type": "Feature", "id": "2660", "geometry": {"type": "Point", "coordinates": [26.8, 40.6]}, "properties": {"id": 2660, "author": "Erginal, A.E., N.G. Kiyak, and H. Ozcan", "year": "2009", "referenceId": 5540, "publicationType": 4, "event": "Tsunami uncertainty", "geologicAgeId": 15, "yearEnd": 1672, "locationName": "Kavak Delta (Saros Gulf, NW Turkey)", "country": "TURKEY", "bodyOfWater": "Mediterranean Sea", "description": "optically stimulated luminescence dating", "environment": "delta", "publish": true, "ageDescription": "Holocene", "numTsunamiEvents": 0}}, {"type": "Feature", "id": "2661", "geometry": {"type": "Point", "coordinates": [142.0, -3.0]}, "properties": {"id": 2661, "author": "Dawson, Sue", "year": "2007", "referenceId": 6619, "publicationType": 4, "event": "1998 Papua New Guinea Earthquake & Tsunami", "geologicAgeId": 15, "yearBegin": 1998, "yearEnd": 1998, "locationName": "Sissano Lagoon, Aitape, Papua New Guinea", "country": "PAPUA NEW GUINEA", "bodyOfWater": "Pacific Ocean", "description": "diatom assemblages and sediment", "environment": "Lagoon, sediment basin", "publish": true, "ageDescription": "July 17, 1998", "numTsunamiEvents": 0}}, {"type": "Feature", "id": "2663", "geometry": {"type": "Point", "coordinates": [76.5, 10.0]}, "properties": {"id": 2663, "author": "Babu, N., D.S. Suresh Babu and P.N. Mohan Das", "year": "2007", "referenceId": 6614, "publicationType": 4, "event": "2004 Indian Ocean Earthquake & Tsunami", "geologicAgeId": 15, "yearBegin": 2004, "yearEnd": 2004, "locationName": "Kerala coast", "country": "INDIA", "bodyOfWater": "Indian Ocean", "description": "grain size analysis; trace-metal enrichments", "publish": true, "ageDescription": "December 26, 2004", "numTsunamiEvents": 0}}, {"type": "Feature", "id": "2664", "geometry": {"type": "Point", "coordinates": [98.0, 9.2]}, "properties": {"id": 2664, "author": "Hawkes, A.D., M. Bird, S. Cowie, C. Grundy-Warr, B.P. Horton, A.T. Shau Hwai, L. Law, C. MacGregor, J. Nott, J.E. Ong, J. Rigg, R. Robinson, M. Tan-Mullins, T.T. Sa, Z. Yasin, L.W. Aik", "year": "2007", "referenceId": 6623, "publicationType": 4, "event": "2004 Indian Ocean Earthquake & Tsunami", "geologicAgeId": 15, "yearBegin": 2004, "yearEnd": 2004, "locationName": "Thailand-Malaysia coast", "country": "THAILAND", "bodyOfWater": "Indian Ocean", "description": "sediment transport", "publish": true, "ageDescription": "December 26, 2004", "numTsunamiEvents": 0}}, {"type": "Feature", "id": "2665", "geometry": {"type": "Point", "coordinates": [170.8, -45.5]}, "properties": {"id": 2665, "author": "Kennedy, D.M.; Tannock, K.L.; Crozier, M.J.; Rieser, U.", "year": "2007", "referenceId": 6631, "publicationType": 4, "event": "Boulders", "geologicAgeId": 15, "locationName": "Otago coast and Shag Point", "country": "NEW ZEALAND", "bodyOfWater": "Pacific Ocean", "publish": true, "ageDescription": "Quaternary/Holocene", "numTsunamiEvents": 0}}, {"type": "Feature", "id": "2666", "geometry": {"type": "Point", "coordinates": [140.0, 42.0]}, "properties": {"id": 2666, "author": "Nanayama, Futoshi; Shigeno, Kiyoyuki; Miura, Kenichiro; Makino, Akito; Furukawa, Ryuta; Satake, Kenji; Saito, Ken-ichi; Sagayama, Tsumoru; Nakagawa, Mitsuru", "year": "2002", "referenceId": 6632, "publicationType": 4, "event": "Tsunami potential", "geologicAgeId": 15, "yearBegin": 1200, "yearEnd": 1960, "locationName": "Tokachi coast, Hokkaido, Japan", "country": "JAPAN", "bodyOfWater": "Pacific Ocean", "description": "inundation limits", "publish": true, "ageDescription": "Holocene", "numTsunamiEvents": 0}}, {"type": "Feature", "id": "2667", "geometry": {"type": "Point", "coordinates": [141.0, 42.0]}, "properties": {"id": 2667, "author": "Takashimizu, Yasuhiro; Sagayama, Tsumoru; Nishina, Kenji; Oka, Takao; Nakamura, Yugo; Nishimura, Yuichi", "year": "2007", "referenceId": 6637, "publicationType": 4, "event": "Tsunami deposits", "geologicAgeId": 15, "yearBegin": 1600, "yearEnd": 1700, "locationName": "Iburi coast, Hokkaido, Japan", "country": "JAPAN", "bodyOfWater": "Pacific Ocean", "description": "sand deposits", "publish": true, "ageDescription": "17th Century", "numTsunamiEvents": 0}}, {"type": "Feature", "id": "2668", "geometry": {"type": "Point", "coordinates": [124.2, 24.4]}, "properties": {"id": 2668, "author": "Suzuki, A., Yokoyama, Y., Kan, H., Minoshima, K., Matsuzaki, H., Hamanaka, N., Kawahata, H.", "year": "2008", "referenceId": 7158, "publicationType": 4, "event": "1771 Meiwa Earthquake & Tsunami", "geologicAgeId": 15, "yearBegin": 1771, "yearEnd": 1771, "locationName": "Ishigaki Island", "country": "JAPAN", "bodyOfWater": "Pacific Ocean", "description": "boulders", "publish": true, "ageDescription": "Holocene", "numTsunamiEvents": 0}}, {"type": "Feature", "id": "2669", "geometry": {"type": "Point", "coordinates": [92.85, 12.7]}, "properties": {"id": 2669, "author": "Ilayaraja, Kathirkaman and R.R. Krishnamurthy", "year": "2008", "referenceId": 7159, "publicationType": 4, "event": "2004 Indian Ocean Earthquake & Tsunami", "geologicAgeId": 15, "yearBegin": 2004, "yearEnd": 2004, "locationName": "Andaman Islands, Bay of Bengal", "country": "INDIA", "bodyOfWater": "Indian Ocean", "description": "sedimentary features of tsunami deposits", "publish": true, "ageDescription": "December 26, 2004", "numTsunamiEvents": 0}}, {"type": "Feature", "id": "2670", "geometry": {"type": "Point", "coordinates": [-4.5, 51.4]}, "properties": {"id": 2670, "author": "Haslett, Simon K., Holly E. Mellor and Edward A. Bryant", "year": "2009", "referenceId": 6325, "publicationType": 4, "event": "Meteo-tsunami", "geologicAgeId": 15, "yearBegin": 1892, "yearEnd": 1966, "locationName": "SW England", "country": "UK", "bodyOfWater": "Atlantic Ocean", "description": "summer thunderstorms", "publish": true, "ageDescription": "Last 100 years", "numTsunamiEvents": 0}}, {"type": "Feature", "id": "2671", "geometry": {"type": "Point", "coordinates": [124.2, 24.4]}, "properties": {"id": 2671, "author": "Goto, Kazuhisa; Miyagi, Kunimasa; Kawamata, Hideki; Imamura, Fumihiko", "year": "2010", "referenceId": 6975, "publicationType": 4, "event": "Storm versus tsunami", "geologicAgeId": 15, "locationName": "Ishigaki Island", "country": "JAPAN", "bodyOfWater": "Pacific Ocean", "description": "boulders", "publish": true, "ageDescription": "Holocene", "numTsunamiEvents": 0}}, {"type": "Feature", "id": "2672", "geometry": {"type": "Point", "coordinates": [95.0, 5.0]}, "properties": {"id": 2672, "author": "Paris, Raphael; Fournier, Jerome; Poizot, Emmanuel; Etienne, Samuel; Morin, Julie; Lavigne, Franck; Wassmer, Patrick", "year": "2010", "referenceId": 6976, "publicationType": 4, "event": "2004 Indian Ocean Earthquake & Tsunami", "geologicAgeId": 15, "yearBegin": 2004, "yearEnd": 2004, "locationName": "Banda Aceh, Sumatra", "country": "INDONESIA", "bodyOfWater": "Indian Ocean", "description": "boulders", "publish": true, "ageDescription": "December 26, 2004", "numTsunamiEvents": 0}}, {"type": "Feature", "id": "2673", "geometry": {"type": "Point", "coordinates": [55.0, 24.0]}, "properties": {"id": 2673, "author": "Kumar, A.", "year": "2010", "referenceId": 7017, "publicationType": 4, "event": "Megatsunami", "geologicAgeId": 13, "locationName": "Arabian peninsula", "country": "INDIA", "bodyOfWater": "Indian Ocean", "description": "turbidity current", "publish": true, "ageDescription": "Cretaceous-Tertiary (K/T) Boundary", "numTsunamiEvents": 0}}, {"type": "Feature", "id": "2674", "geometry": {"type": "Point", "coordinates": [15.2, 40.2]}, "properties": {"id": 2674, "author": "Massari, Francesco, Assunta D'Alessandro, and Eric Davaud", "year": "2009", "referenceId": 5546, "publicationType": 4, "event": "Tsunamiites", "geologicAgeId": 14, "locationName": "Salento, southeast Italy", "country": "ITALY", "bodyOfWater": "Mediterranean Sea", "publish": true, "ageDescription": "Pliocene", "numTsunamiEvents": 0}}, {"type": "Feature", "id": "2675", "geometry": {"type": "Point", "coordinates": [-7.5, 37.0]}, "properties": {"id": 2675, "author": "Pozo, Manuel; Ruiz, Francisco; Carretero, Mar\u00eda Isabel; Vidal, Joaqu\u00edn Rodr\u00edguez; C\u00e1ceres, Lu\u00eds Miguel; Abad, Manuel; Gonz\u00e1lez-Regalado, Mar\u00eda Luz", "year": "2010", "referenceId": 7157, "publicationType": 4, "event": "Paleotsunami", "geologicAgeId": 15, "locationName": "Donana National Park, Spain (southwest)", "country": "SPAIN", "bodyOfWater": "Atlantic Ocean", "description": "chemical composition of sediment", "environment": "Estuary", "publish": true, "ageDescription": "Holocene and Late Pleistocene", "numTsunamiEvents": 0}}, {"type": "Feature", "id": "2677", "geometry": {"type": "Point", "coordinates": [10.8, 33.6]}, "properties": {"id": 2677, "author": "Frebourg, Gregory; Hasler, Claude-Alain; Davaud, Eric", "year": "2010", "referenceId": 7215, "publicationType": 4, "event": "Storm versus tsunami", "geologicAgeId": 15, "locationName": "Sidi Salem Formation, Tunisia (southeast)", "country": "TUNISIA", "bodyOfWater": "Mediterranean Sea", "description": "eolianites and tsunamites", "publish": true, "ageDescription": "Holocene, 8000 BP", "numTsunamiEvents": 0}}, {"type": "Feature", "id": "2678", "geometry": {"type": "Point", "coordinates": [-124.0, 46.0]}, "properties": {"id": 2678, "author": "Tsunami Pilot Study Working Group", "year": "2006", "referenceId": 7276, "publicationType": 4, "event": "Tsunami deposits", "geologicAgeId": 15, "yearBegin": 1700, "yearEnd": 1964, "locationName": "Seaside, Oregon, USA", "country": "USA", "bodyOfWater": "Pacific Ocean", "description": "five tsunami deposits in the last 2000 years", "publish": true, "ageDescription": "1700, 1964", "numTsunamiEvents": 0}}, {"type": "Feature", "id": "2679", "geometry": {"type": "Point", "coordinates": [-151.92, 59.35]}, "properties": {"id": 2679, "author": "Beget, J.E., Z. Kowalik", "year": "2006", "referenceId": 7315, "publicationType": 4, "event": "Augustine Eruption", "geologicAgeId": 15, "yearBegin": 1883, "yearEnd": 1883, "locationName": "Cook Inlet, Alaska, Augustine Volcano, USA", "country": "USA", "bodyOfWater": "Pacific Ocean", "publish": true, "ageDescription": "October 6, 1883", "numTsunamiEvents": 0}}, {"type": "Feature", "id": "2680", "geometry": {"type": "Point", "coordinates": [-8.5, 37.5]}, "properties": {"id": 2680, "author": "Cunha, P.P., J.P. Buylaert, A.S. Murray, C. Andrade, M.C. Freitas, F. Fatela, J.M. Munha, A.A. Martins and S. Sugisaki", "year": "2010", "referenceId": 7195, "publicationType": 4, "event": "1755 Lisbon Earthquake & Tsunami", "geologicAgeId": 15, "yearBegin": 1755, "yearEnd": 1755, "locationName": "Algarve Barrier Islands, South Portugal", "country": "PORTUGAL", "bodyOfWater": "Atlantic Ocean", "description": "clastic deposits; optical dating", "publish": true, "ageDescription": "1755", "numTsunamiEvents": 0}}, {"type": "Feature", "id": "2681", "geometry": {"type": "Point", "coordinates": [78.0, 11.0]}, "properties": {"id": 2681, "author": "Kumar, S. Jaya, Naik, K.A., Ramanamurthy, M.V., Ilangovan, D., Gowthaman, R., Jena, B.K.", "year": "2008", "referenceId": 6730, "publicationType": 4, "event": "2004 Indian Ocean Earthquake & Tsunami", "geologicAgeId": 15, "yearBegin": 2004, "yearEnd": 2004, "locationName": "Tamil Nadu, India", "country": "INDIA", "bodyOfWater": "Indian Ocean", "description": "sedimentation patterns", "environment": "Coastal", "publish": true, "ageDescription": "December 26, 2004", "numTsunamiEvents": 0}}, {"type": "Feature", "id": "2682", "geometry": {"type": "Point", "coordinates": [28.25, 40.667]}, "properties": {"id": 2682, "author": "Beck, Christian, Bernard Mercier de Lepinay, Jean-Luc Schneider, Michel Cremer, Namik Cagatay, Evrard Wendenbaum, Sebastien Boutareaud, Guillemette Menot, Sabine Schmidt, Olivier Weber, Kadir Eris, Rolando Armijo, Bertrand Meyer, Nicolas Pondard, et al", "year": "2007", "referenceId": 6651, "publicationType": 4, "event": "Tsunami uncertainty", "geologicAgeId": 15, "locationName": "Sea of Marmara, Izmit Bay, Istanbul", "country": "TURKEY", "bodyOfWater": "Mediterranean Sea", "description": "turbidites", "environment": "Lake", "publish": true, "ageDescription": "Late Quaternary", "numTsunamiEvents": 0}}, {"type": "Feature", "id": "2683", "geometry": {"type": "Point", "coordinates": [-76.0, 38.0]}, "properties": {"id": 2683, "author": "Edwards, L.E. and D.S. Powars", "year": "2003", "referenceId": 6681, "publicationType": 4, "event": "Chesapeake Bay Impact Crater", "geologicAgeId": 14, "locationName": "Chesapeake Bay Impact Crater, SE Virginia", "country": "USA", "bodyOfWater": "Atlantic Ocean", "description": "event deposit (ED)", "publish": true, "ageDescription": "Upper Eocene", "numTsunamiEvents": 0}}, {"type": "Feature", "id": "2684", "geometry": {"type": "Point", "coordinates": [138.0, 35.0]}, "properties": {"id": 2684, "author": "Fujiwara, Osamu; Komatsubara, Junko; Takada, Keita; Shishikura, Masanobu; Kamataki, Takanobu", "year": "2006", "referenceId": 6689, "publicationType": 4, "event": "1707 Hoei Earthquake/Nankai Trough, 1605 Tokai Earthquake", "geologicAgeId": 15, "locationName": "Shirasuka, Shizuoka Prefecture", "country": "JAPAN", "bodyOfWater": "Pacific Ocean", "description": "sand and mud deposits", "environment": "sand dune & marsh", "publish": true, "ageDescription": "Late Holocene", "numTsunamiEvents": 0}}, {"type": "Feature", "id": "2685", "geometry": {"type": "Point", "coordinates": [-72.64, 18.432]}, "properties": {"id": 2685, "author": "Maurrasse, Florentin J.-M., and Gautam Sen", "year": "1991", "referenceId": 6759, "publicationType": 4, "event": "K/T Boundary Impact", "geologicAgeId": 13, "locationName": "Beloc formation, southern Haiti", "country": "HAITI", "bodyOfWater": "Tethys", "publish": true, "ageDescription": "Cretaceous-Tertiary (K/T) Boundary", "numTsunamiEvents": 0}}, {"type": "Feature", "id": "2686", "geometry": {"type": "Point", "coordinates": [48.0, 5.0]}, "properties": {"id": 2686, "author": "Fritz, H.M. and J.C. Borrero", "year": "2006", "referenceId": 6683, "publicationType": 4, "event": "2004 Indian Ocean Earthquake & Tsunami", "geologicAgeId": 15, "yearBegin": 2004, "yearEnd": 2004, "locationName": "Somalia", "country": "SOMALIA", "bodyOfWater": "Indian Ocean", "description": "field survey", "publish": true, "ageDescription": "December 26, 2004", "numTsunamiEvents": 0}}, {"type": "Feature", "id": "2687", "geometry": {"type": "Point", "coordinates": [147.35, 43.5]}, "properties": {"id": 2687, "author": "Ganzei, L.A., N.G. Razzhigaeva, A.A. Harlamov, and T.N. Ivel'skaya", "year": "2010", "referenceId": 8197, "publicationType": 4, "event": "Storm versus tsunami", "geologicAgeId": 15, "locationName": "Shikotan Island, Japan", "country": "JAPAN", "bodyOfWater": "Pacific Ocean", "description": "2006-2007 storm events", "publish": true, "ageDescription": "Quaternary", "numTsunamiEvents": 0}}, {"type": "Feature", "id": "2688", "geometry": {"type": "Point", "coordinates": [43.37, -11.58]}, "properties": {"id": 2688, "author": "Okal, Emile A; Fritz, Hermann M; Sladen, A", "year": "2009", "referenceId": 8200, "publicationType": 4, "event": "2004 Indian Ocean Earthquake & Tsunami", "geologicAgeId": 15, "yearBegin": 2004, "yearEnd": 2004, "locationName": "Comoros Islands", "country": "TANZANIA", "bodyOfWater": "Indian Ocean", "description": "field survey", "publish": true, "ageDescription": "December 26, 2004", "numTsunamiEvents": 0}}, {"type": "Feature", "id": "2689", "geometry": {"type": "Point", "coordinates": [59.0, -20.0]}, "properties": {"id": 2689, "author": "Okal, Emile A., Anthony Sladen, and Emily A.-S. Okal", "year": "2006", "referenceId": 6766, "publicationType": 4, "event": "2004 Indian Ocean Earthquake & Tsunami", "geologicAgeId": 15, "yearBegin": 2004, "yearEnd": 2005, "locationName": "Rodrigues, Mauritius and Reunion Islands", "country": "MADAGASCAR", "bodyOfWater": "Indian Ocean", "description": "field survey", "publish": true, "ageDescription": "December 26, 2004", "numTsunamiEvents": 0}}, {"type": "Feature", "id": "2691", "geometry": {"type": "Point", "coordinates": [174.43, -35.43]}, "properties": {"id": 2691, "author": "Goff, James; Pearce, Steven; Nichol, Scott L.; Chague-Goff, Catherine; Horrocks, Mark; Strotz, Luke", "year": "2010", "referenceId": 7281, "publicationType": 4, "event": "Paleotsunami", "geologicAgeId": 15, "yearEnd": 1453, "locationName": "Kaituna Bay, Mimiwhangata", "country": "NEW ZEALAND", "bodyOfWater": "Pacific Ocean", "description": "multi-proxy records", "publish": true, "ageDescription": "6500 BP", "numTsunamiEvents": 0}}, {"type": "Feature", "id": "2692", "geometry": {"type": "Point", "coordinates": [81.0, 7.0]}, "properties": {"id": 2692, "author": "Goff, James R.", "year": "2005", "referenceId": 6694, "publicationType": 4, "event": "2004 Indian Ocean Earthquake & Tsunami", "geologicAgeId": 15, "yearBegin": 2004, "yearEnd": 2004, "locationName": "Sri Lanka", "country": "SRI LANKA", "bodyOfWater": "Indian Ocean", "description": "field survey: two weeks following tsunami event", "publish": true, "ageDescription": "December 26, 2004", "numTsunamiEvents": 0}}, {"type": "Feature", "id": "2693", "geometry": {"type": "Point", "coordinates": [95.0, 5.0]}, "properties": {"id": 2693, "author": "Jaffe, B.E., J.C. Borrero, G.S. Prasetya, R. Peters, B. McAdoo, G. Gelfenbaum, R. Morton, P. Ruggiero, B. Higman, L. Dengler, R. Hidayat, E. Kingsley, W. Kongko, Lukijanto, A. Moore, V. Titov, E. Yulianto", "year": "2006", "referenceId": 6715, "publicationType": 4, "event": "2004 Indian Ocean Earthquake & Tsunami", "geologicAgeId": 15, "yearBegin": 2004, "yearEnd": 2004, "locationName": "Banda Aceh, Sumatra and offshore islands", "country": "INDONESIA", "bodyOfWater": "Indian Ocean", "description": "field survey", "publish": true, "ageDescription": "December 26, 2004", "numTsunamiEvents": 0}}, {"type": "Feature", "id": "2694", "geometry": {"type": "Point", "coordinates": [73.0, 3.2]}, "properties": {"id": 2694, "author": "Fujima, K.; Shigihara, Y.; Tomita, T.; Honda, K.; Nobuoka, H.; Hanzawa, M.; Fujii, H.; Ohtani, H.; Orishimo, S.; Tatsumi, M.; Koshimura, S. I.", "year": "2006", "referenceId": 6688, "publicationType": 4, "event": "2004 Indian Ocean Earthquake & Tsunami", "geologicAgeId": 15, "yearBegin": 2004, "yearEnd": 2004, "locationName": "Maldives", "country": "MALDIVES", "bodyOfWater": "Indian Ocean", "description": "field survey", "publish": true, "ageDescription": "December 26, 2004", "numTsunamiEvents": 0}}, {"type": "Feature", "id": "2695", "geometry": {"type": "Point", "coordinates": [98.0, 7.9]}, "properties": {"id": 2695, "author": "Kozak, L., J. Machat and P. Niedzielski", "year": "2009", "referenceId": 6750, "publicationType": 4, "event": "2004 Indian Ocean Earthquake & Tsunami", "geologicAgeId": 15, "yearBegin": 2004, "yearEnd": 2004, "locationName": "Phuket Island, Nham Khem, and Bang Mor", "country": "THAILAND", "bodyOfWater": "Indian Ocean", "description": "sedimentation", "publish": true, "ageDescription": "December 26, 2004", "numTsunamiEvents": 0}}, {"type": "Feature", "id": "2696", "geometry": {"type": "Point", "coordinates": [17.0, 40.0]}, "properties": {"id": 2696, "author": "Mastronuzzi, G., C. Pignatelli, P. Sanso, and G. Selleri", "year": "2007", "referenceId": 6757, "publicationType": 4, "event": "1743 Earthquake and tsunami", "geologicAgeId": 15, "yearBegin": 1743, "yearEnd": 1743, "locationName": "SE Salento (Apulia region, Italy)", "country": "ITALY", "bodyOfWater": "Mediterranean Sea", "description": "boulders", "publish": true, "ageDescription": "1743", "numTsunamiEvents": 0}}, {"type": "Feature", "id": "2697", "geometry": {"type": "Point", "coordinates": [77.0, 8.0]}, "properties": {"id": 2697, "author": "Mujabar, P.S.; Chandrasekar, N.; Saravanan, S.; Immanuel, J.L.", "year": "2007", "referenceId": 6761, "publicationType": 4, "event": "2004 Indian Ocean Earthquake & Tsunami", "geologicAgeId": 15, "yearBegin": 2004, "yearEnd": 2004, "locationName": "Ovari and Kanyakumari, Tamil Nadu, South India", "country": "INDIA", "bodyOfWater": "Indian Ocean", "description": "field survey", "environment": "Coastal", "publish": true, "ageDescription": "December 26, 2004", "numTsunamiEvents": 0}}, {"type": "Feature", "id": "2698", "geometry": {"type": "Point", "coordinates": [76.5, 10.0]}, "properties": {"id": 2698, "author": "Narayana, A.C., R. Tatavarti, N. Shinu and A. Subeer", "year": "2007", "referenceId": 6763, "publicationType": 4, "event": "2004 Indian Ocean Earthquake & Tsunami", "geologicAgeId": 15, "yearBegin": 2004, "yearEnd": 2004, "locationName": "Tamil Nadu, India", "country": "INDIA", "bodyOfWater": "Indian Ocean", "description": "grain surface morphology", "publish": true, "ageDescription": "December 26, 2004", "numTsunamiEvents": 0}}, {"type": "Feature", "id": "2699", "geometry": {"type": "Point", "coordinates": [92.7, 11.7]}, "properties": {"id": 2699, "author": "Srisutam, Chanchai and Jean-Frank Wagner", "year": "2010", "referenceId": 7279, "publicationType": 4, "event": "2004 Indian Ocean Earthquake & Tsunami", "geologicAgeId": 15, "yearBegin": 2004, "yearEnd": 2004, "locationName": "Andaman coast", "country": "THAILAND", "bodyOfWater": "Indian Ocean", "description": "field survey", "publish": true, "ageDescription": "December 26, 2004", "numTsunamiEvents": 0}}, {"type": "Feature", "id": "2700", "geometry": {"type": "Point", "coordinates": [150.0, -35.7]}, "properties": {"id": 2700, "author": "Switzer, Adam D., Craig R. Sloss, Brian G. Jones and Charles S. Bristow", "year": "2010", "referenceId": 8419, "publicationType": 4, "event": "Sea level change", "geologicAgeId": 15, "locationName": "Batemans Bay, New South Wales", "country": "AUSTRALIA", "bodyOfWater": "Pacific Ocean", "description": "sand deposits", "publish": true, "ageDescription": "Holocene", "numTsunamiEvents": 0}}, {"type": "Feature", "id": "2701", "geometry": {"type": "Point", "coordinates": [142.29, -38.23]}, "properties": {"id": 2701, "author": "Nair, H. and J. Sherwood", "year": "2007", "referenceId": 6762, "publicationType": 4, "event": "Tsunami uncertainty", "geologicAgeId": 15, "locationName": "Point Richie, Warrnambool, Victoria, Australia", "country": "AUSTRALIA", "bodyOfWater": "Pacific Ocean", "description": "shell deposits", "publish": true, "ageDescription": "Upper Pleistocene", "numTsunamiEvents": 0}}, {"type": "Feature", "id": "2702", "geometry": {"type": "Point", "coordinates": [124.2, 24.4]}, "properties": {"id": 2702, "author": "Araoka, D., Inoue, M., Suzuki, A., Yokoyama, Y., Edwards, R.L., Cheng, H., Matsuzaki, H., Kan, H., Shikazono, N., and H. Kawahata", "year": "2010", "referenceId": 8417, "publicationType": 4, "event": "1771 Meiwa Earthquake & Tsunami", "geologicAgeId": 15, "yearBegin": 1771, "yearEnd": 1771, "locationName": "Ishigaki Island", "country": "JAPAN", "bodyOfWater": "Pacific Ocean", "description": "boulders", "publish": true, "ageDescription": "Holocene", "numTsunamiEvents": 0}}, {"type": "Feature", "id": "2703", "geometry": {"type": "Point", "coordinates": [-171.0, -14.0]}, "properties": {"id": 2703, "author": "Okal, Emile A., Hermann M. Fritz, Costas E. Synolakis, Jose C. Borrero, Robert Weiss, Patrick J. Lynett, Vasily V. Titov, Spyros Foteinis, Bruce E. Jaffe, Philip L.-F. Liu, and I-chi Chan", "year": "2010", "referenceId": 8422, "publicationType": 4, "event": "2009 Samoa Earthquake & Tsunami", "geologicAgeId": 15, "yearBegin": 2009, "yearEnd": 2009, "locationName": "Samoan Islands", "country": "SAMOA", "bodyOfWater": "Pacific Ocean", "description": "field survey", "publish": true, "ageDescription": "September 29, 2009", "numTsunamiEvents": 0}}, {"type": "Feature", "id": "2704", "geometry": {"type": "Point", "coordinates": [-124.0, 44.5]}, "properties": {"id": 2704, "author": "Peterson, Curt D., Kenneth M. Cruikshank, Robert B. Schlichting, and Scott Braunsten", "year": "2010", "referenceId": 8455, "publicationType": 4, "event": "Paleotsunami", "geologicAgeId": 15, "locationName": "Neskowin and Beaver Creek, Oregon, USA", "country": "USA", "bodyOfWater": "Pacific Ocean", "description": "sand sheets", "publish": true, "ageDescription": "Late Holocene", "numTsunamiEvents": 0}}, {"type": "Feature", "id": "2705", "geometry": {"type": "Point", "coordinates": [97.07, 15.78]}, "properties": {"id": 2705, "author": "Swe, Tint Lwin, Kenji Satake, Than Tin Aung, Yuki Sawai, Yukinobu Okamura, Kyaw SoeWin, Win Swe,d Chit Swe, Soe Thura Tun, Maung Maung Soe, Thantzin Oo, and Saw Htwe Zaw", "year": "2006", "referenceId": 6780, "publicationType": 4, "event": "2004 Indian Ocean Earthquake & Tsunami", "geologicAgeId": 15, "yearBegin": 2004, "yearEnd": 2004, "locationName": "Tanintharyi coast (southern)", "country": "MYANMAR", "bodyOfWater": "Indian Ocean", "publish": true, "ageDescription": "December 26, 2004", "numTsunamiEvents": 0}}, {"type": "Feature", "id": "2706", "geometry": {"type": "Point", "coordinates": [149.9, 46.0]}, "properties": {"id": 2706, "author": "MacInnes, Breanyn T., Robert Weiss, Joanne Bourgeois, and Tatiana K. Pinegina", "year": "2010", "referenceId": 8515, "publicationType": 4, "event": "1952 North Kuril Earthquake & Tsunami", "geologicAgeId": 15, "yearBegin": 1952, "yearEnd": 1952, "locationName": "Kuril Islands", "country": "RUSSIA", "bodyOfWater": "Pacific Ocean", "publish": true, "ageDescription": "1952", "numTsunamiEvents": 0}}, {"type": "Feature", "id": "2707", "geometry": {"type": "Point", "coordinates": [80.198, 12.614]}, "properties": {"id": 2707, "author": "Lakshmi, C.S. Vijaya, P. Srinivasan, S.G.N. Murthy, Deshraj Trivedi and Rajesh R. Nair", "year": "2010", "referenceId": 8516, "publicationType": 4, "event": "Tsunami deposits", "geologicAgeId": 15, "locationName": "Mahabalipuram, southeast coast", "country": "INDIA", "bodyOfWater": "Indian Ocean", "description": "extreme wave events; grain size analysis", "publish": true, "ageDescription": "Holocene", "numTsunamiEvents": 0}}, {"type": "Feature", "id": "2708", "geometry": {"type": "Point", "coordinates": [7.97, 46.73]}, "properties": {"id": 2708, "author": "Girardclos, St\u00e9phanie, Oliver T. Schmidt, Mike Sturm, Daniel Ariztegui, Andr\u00e9 Pugin, and Flavio S. Anselmetti", "year": "2007", "referenceId": 6690, "publicationType": 4, "event": "Turbidites", "geologicAgeId": 15, "yearBegin": 1996, "yearEnd": 1996, "locationName": "Lake Brienz, Switzerland", "country": "SWITZERLAND", "bodyOfWater": "Inland waterway", "publish": true, "ageDescription": "1996", "numTsunamiEvents": 0}}, {"type": "Feature", "id": "2709", "geometry": {"type": "Point", "coordinates": [73.0, 17.0]}, "properties": {"id": 2709, "author": "Murty, T.S., W.F. Baird, A. Bapat, Vinayak Prasad", "year": "1999", "referenceId": 8776, "publicationType": 4, "event": "Tsunamis", "geologicAgeId": 15, "yearBegin": 1008, "yearEnd": 1945, "locationName": "coastlines, India", "country": "INDIA", "bodyOfWater": "Indian Ocean", "description": "review", "publish": true, "numTsunamiEvents": 0}}, {"type": "Feature", "id": "2711", "geometry": {"type": "Point", "coordinates": [29.927, 40.756]}, "properties": {"id": 2711, "author": "Ozaksoy, Volkan; Emre, Omer; Yildrim, Cengiz; Dogan, Ahmet; Ozalp, Selim; Tokay, Fatma", "year": "2010", "referenceId": 9165, "publicationType": 4, "event": "Tsunami deposits", "geologicAgeId": 15, "locationName": "Sea of Marmara, Izmit Bay, Istanbul", "country": "TURKEY", "bodyOfWater": "Mediterranean Sea", "publish": true, "ageDescription": "Late Holocene", "numTsunamiEvents": 0}}, {"type": "Feature", "id": "2712", "geometry": {"type": "Point", "coordinates": [124.0, 24.2]}, "properties": {"id": 2712, "author": "Goto, Kazuhisa; Kawana, Toshio; Imamura, Fumihiko", "year": "2010", "referenceId": 9167, "publicationType": 4, "event": "1771 Meiwa Earthquake & Tsunami", "geologicAgeId": 15, "yearBegin": 1771, "yearEnd": 1771, "locationName": "Southern Ryukyus, Japan", "country": "JAPAN", "bodyOfWater": "Pacific Ocean", "description": "boulders", "publish": true, "ageDescription": "Holocene", "numTsunamiEvents": 0}}, {"type": "Feature", "id": "2713", "geometry": {"type": "Point", "coordinates": [92.59, 12.35]}, "properties": {"id": 2713, "author": "Khare, N.; Chaturvedi, S.K.; Ingole, B.S.", "year": "2009", "referenceId": 6734, "publicationType": 4, "event": "2004 Indian Ocean Earthquake & Tsunami", "geologicAgeId": 15, "yearBegin": 2004, "yearEnd": 2004, "locationName": "Andaman Islands, Bay of Bengal", "country": "INDIA", "bodyOfWater": "Indian Ocean", "description": "coastal deposits", "publish": true, "ageDescription": "December 26, 2004", "numTsunamiEvents": 0}}, {"type": "Feature", "id": "2714", "geometry": {"type": "Point", "coordinates": [14.4, 40.8]}, "properties": {"id": 2714, "author": "Milia, A.; Raspini, A.; Torrente, M.", "year": "2007", "referenceId": 6760, "publicationType": 4, "event": "Avellino Volcanic Eruption", "geologicAgeId": 15, "locationName": "Bay of Naples", "country": "ITALY", "bodyOfWater": "Mediterranean Sea", "publish": true, "ageDescription": "3500 BP", "numTsunamiEvents": 0}}, {"type": "Feature", "id": "2715", "geometry": {"type": "Point", "coordinates": [98.39, 9.13]}, "properties": {"id": 2715, "author": "Fujino, Shigehiro, Hajime Naruse, Dan Matsumoto, Norihiko Sakakura, Apichart Suphawajruksakul, and Thanawat Jarupongsakul", "year": "2010", "referenceId": 8595, "publicationType": 4, "event": "2004 Indian Ocean Earthquake & Tsunami", "geologicAgeId": 15, "yearBegin": 2004, "yearEnd": 2004, "locationName": "Phang-nga Province, southwestern Thailand", "country": "THAILAND", "bodyOfWater": "Indian Ocean", "publish": true, "ageDescription": "December 26, 2004", "numTsunamiEvents": 0}}, {"type": "Feature", "id": "2716", "geometry": {"type": "Point", "coordinates": [98.25, 8.812]}, "properties": {"id": 2716, "author": "Naruse, Hajime, Fujino, Shigehiro, Suphawajruksakul, Apichart, Jarupongsakul, Thanawat", "year": "2010", "referenceId": 8596, "publicationType": 4, "event": "2004 Indian Ocean Earthquake & Tsunami", "geologicAgeId": 15, "yearBegin": 2004, "yearEnd": 2004, "locationName": "Ban Nam Kem", "country": "THAILAND", "bodyOfWater": "Indian Ocean", "description": "sand deposits", "publish": true, "ageDescription": "December 26, 2004", "numTsunamiEvents": 0}}, {"type": "Feature", "id": "2717", "geometry": {"type": "Point", "coordinates": [-5.61, 36.1]}, "properties": {"id": 2717, "author": "Becker-Heidmann, P; Reicherter, K; Silva, PG", "year": "2007", "referenceId": 9162, "publicationType": 4, "event": "Tsunamiites", "geologicAgeId": 15, "locationName": "Spanish Coast, southern", "country": "SPAIN", "bodyOfWater": "Mediterranean Sea", "description": "carbon dated charcoal", "publish": true, "ageDescription": "Holocene", "numTsunamiEvents": 0}}, {"type": "Feature", "id": "2718", "geometry": {"type": "Point", "coordinates": [176.54, -43.96]}, "properties": {"id": 2718, "author": "Goff, James; Nichol, Scott; Chague-Goff, Catherine; Horrocks, Mark; McFadgen, Bruce; Cisternas, Marco", "year": "2010", "referenceId": 9168, "publicationType": 4, "event": "1868 Chile Earthquake and Tsunami", "geologicAgeId": 15, "yearBegin": 1868, "locationName": "Chatham Island, New Zealand", "country": "NEW ZEALAND", "bodyOfWater": "Pacific Ocean", "description": "coastal deposits", "publish": true, "ageDescription": "1868", "numTsunamiEvents": 0}}, {"type": "Feature", "id": "2719", "geometry": {"type": "Point", "coordinates": [15.21, 37.2]}, "properties": {"id": 2719, "author": "De Martini, P.M.; Barbano, M.S.; Smedile, A.; Gerardi, F.; Pantosti, D.; Del Carlo, P.; Pirrotta, C.", "year": "2010", "referenceId": 9169, "publicationType": 4, "event": "Tsunami deposits", "geologicAgeId": 15, "locationName": "Augusta Bay, Sicily", "country": "ITALY", "bodyOfWater": "Mediterranean Sea", "publish": true, "ageDescription": "4000 BP", "numTsunamiEvents": 0}}, {"type": "Feature", "id": "2720", "geometry": {"type": "Point", "coordinates": [95.2, 5.56]}, "properties": {"id": 2720, "author": "Wassmer, Patrick; Schneider, Jean-Luc; Fonfrege, Anne V; Lavigne, Franck; Paris, Raphael; Gomez, Christopher", "year": "2010", "referenceId": 9170, "publicationType": 4, "event": "2004 Indian Ocean Earthquake & Tsunami", "geologicAgeId": 15, "yearBegin": 2004, "yearEnd": 2004, "locationName": "Banda Aceh, Sumatra", "country": "INDONESIA", "bodyOfWater": "Indian Ocean", "description": "tsunami sedimentary sequence", "publish": true, "ageDescription": "December 26, 2004", "numTsunamiEvents": 0}}, {"type": "Feature", "id": "2721", "geometry": {"type": "Point", "coordinates": [15.24, 37.02]}, "properties": {"id": 2721, "author": "Barbano, M.S., C. Pirrotta, and F. Gerardi", "year": "2010", "referenceId": 9171, "publicationType": 4, "event": "Storm versus tsunami", "geologicAgeId": 15, "locationName": "Ionian coast of Sicily", "country": "ITALY", "bodyOfWater": "Mediterranean Sea", "description": "boulders", "publish": true, "ageDescription": "Holocene", "numTsunamiEvents": 0}}, {"type": "Feature", "id": "2722", "geometry": {"type": "Point", "coordinates": [-93.58, 29.76]}, "properties": {"id": 2722, "author": "Williams, Harry F.L.", "year": "2009", "referenceId": 9172, "publicationType": 4, "event": "2005 Hurricane Rita", "geologicAgeId": 15, "locationName": "Constance Beach, Louisiana", "country": "USA", "bodyOfWater": "Atlantic Ocean", "description": "storm versus tsunami", "publish": true, "ageDescription": "Holocene", "numTsunamiEvents": 0}}, {"type": "Feature", "id": "2723", "geometry": {"type": "Point", "coordinates": [80.0, 12.5]}, "properties": {"id": 2723, "author": "Hussain, S.M., S.P. Mohan and M.P. Jonathan", "year": "2010", "referenceId": 9177, "publicationType": 4, "event": "2004 Indian Ocean Earthquake & Tsunami", "geologicAgeId": 15, "yearBegin": 2004, "yearEnd": 2004, "locationName": "SE coast of India, Tamil Nadu", "country": "INDIA", "bodyOfWater": "Indian Ocean", "description": "ostracods", "publish": true, "ageDescription": "December 26, 2004", "numTsunamiEvents": 0}}, {"type": "Feature", "id": "2724", "geometry": {"type": "Point", "coordinates": [20.587, 38.287]}, "properties": {"id": 2724, "author": "Vott, A.; Bareth, G.; Br\u00fcckner, H.; Curdt, C.; Fountoulis, I.; Grapmayer, R.; Hadler, H.; Hoffmeister, D.; Klasen, N.; Lang, F.; Masberg, P.; May, S.M.; Ntageretzis, K.; Sakellariou, D.; Willersh\u00e4user, T.", "year": "2010", "referenceId": 9178, "publicationType": 4, "event": "Tsunamiites", "geologicAgeId": 15, "locationName": "Ionian Islands", "country": "GREECE", "bodyOfWater": "Mediterranean Sea", "description": "beachrock", "publish": true, "ageDescription": "Holocene", "numTsunamiEvents": 0}}, {"type": "Feature", "id": "2725", "geometry": {"type": "Point", "coordinates": [15.285, 37.082]}, "properties": {"id": 2725, "author": "Scicchitano, G.; Costa, B.; Di Stefano, A.; Longhitano, S.G.; Monaco, C.", "year": "2010", "referenceId": 9179, "publicationType": 4, "event": "Storm versus tsunami", "geologicAgeId": 15, "locationName": "Siracusa, Sicily", "country": "ITALY", "bodyOfWater": "Mediterranean Sea", "description": "coastal deposits", "publish": true, "ageDescription": "Holocene", "numTsunamiEvents": 0}}, {"type": "Feature", "id": "2726", "geometry": {"type": "Point", "coordinates": [150.86, -34.63]}, "properties": {"id": 2726, "author": "Haslett, S.K.; Davies-Burrows, R.; Panayotou, K.; Jones, B.G.; Woodroff, C.D.", "year": "2010", "referenceId": 9180, "publicationType": 4, "event": "Coastal Evolution", "geologicAgeId": 15, "locationName": "New South Wales, Australia", "country": "AUSTRALIA", "bodyOfWater": "Pacific Ocean", "description": "foraminifera indicators", "environment": "Estuary", "publish": true, "ageDescription": "Holocene", "numTsunamiEvents": 0}}, {"type": "Feature", "id": "2727", "geometry": {"type": "Point", "coordinates": [28.76, 36.702]}, "properties": {"id": 2727, "author": "Alpar, Bedri, Selma Unlu, Yildiz Altinok, Naside Ozer and Abdullah Aksu", "year": "2011", "referenceId": 9204, "publicationType": 4, "event": "Trench survey", "geologicAgeId": 15, "locationName": "Dalaman (SW Turkey)", "country": "TURKEY", "bodyOfWater": "Mediterranean Sea", "description": "biomarkers", "publish": true, "ageDescription": "Holocene", "numTsunamiEvents": 0}}, {"type": "Feature", "id": "2728", "geometry": {"type": "Point", "coordinates": [178.01, -17.89]}, "properties": {"id": 2728, "author": "Terry, James P. and Samuel Etienne", "year": "2011", "referenceId": 9205, "publicationType": 4, "event": "Tsunami uncertainty", "geologicAgeId": 15, "locationName": "Pacific Islands", "country": "FIJI", "bodyOfWater": "Pacific Ocean", "description": "storm versus tsunami", "publish": true, "ageDescription": "Hist/Geol", "numTsunamiEvents": 0}}, {"type": "Feature", "id": "2729", "geometry": {"type": "Point", "coordinates": [73.0, 18.1]}, "properties": {"id": 2729, "author": "Meshram, D.C., S.J. Sangode, A.R. Gujar, N.V. Ambre, D. Dhongle and S. Porate", "year": "2011", "referenceId": 9216, "publicationType": 4, "event": "2004 Indian Ocean Earthquake & Tsunami", "geologicAgeId": 15, "yearBegin": 2004, "yearEnd": 2004, "locationName": "Dive Agar beach", "country": "INDIA", "bodyOfWater": "Indian Ocean", "description": "soft sediment deformation", "environment": "Beach", "publish": true, "ageDescription": "December 26, 2004", "numTsunamiEvents": 0}}, {"type": "Feature", "id": "2730", "geometry": {"type": "Point", "coordinates": [16.06, 41.84]}, "properties": {"id": 2730, "author": "Pavia, G; Bertok, C; Ciampo, G; Di Donato, V; Martire, L; Masini, F; Pavia, M; Santangelo, N; Ruggiero, ET; Zunino, M", "year": "2010", "referenceId": 9191, "publicationType": 4, "event": "Megabeds", "geologicAgeId": 14, "locationName": "Gargano, Italy. Southern Adriatic", "country": "ITALY", "bodyOfWater": "Mediterranean Sea", "environment": "Karst", "publish": true, "ageDescription": "Pliocene", "numTsunamiEvents": 0}}, {"type": "Feature", "id": "2731", "geometry": {"type": "Point", "coordinates": [-68.47, 12.25]}, "properties": {"id": 2731, "author": "Engel, M.; Bruckner, H.; Wennrich, V.; Scheffers, A.; Kelletat, D.; Vott, A.; Schabitz, F.; Daut, G.; Willershauser, T.; May, S.M.", "year": "2010", "referenceId": 9190, "publicationType": 4, "event": "Washover deposit", "geologicAgeId": 15, "locationName": "Bonaire", "country": "NETHERLANDS ANTILLES", "bodyOfWater": "Caribbean Sea", "environment": "Alluvial", "publish": true, "ageDescription": "Holocene", "numTsunamiEvents": 0}}, {"type": "Feature", "id": "2732", "geometry": {"type": "Point", "coordinates": [22.82, 40.48]}, "properties": {"id": 2732, "author": "Reicherter, Klaus; Papanikolaou, Ioannis; Roger, Jean; Mathes-Schmidt, Margret; Papanikolaou, Dimitrios; R\u00f6ssler, Stefan; Gr\u00fctzner, Christoph; Stamatis, Georgios", "year": "2010", "referenceId": 9181, "publicationType": 4, "event": "Tsunamiites", "geologicAgeId": 15, "locationName": "Thermaikos Gulf area", "country": "GREECE", "bodyOfWater": "Mediterranean Sea", "description": "sedimentary records", "environment": "Coastal", "publish": true, "ageDescription": "Holocene", "numTsunamiEvents": 0}}, {"type": "Feature", "id": "2733", "geometry": {"type": "Point", "coordinates": [81.84, 7.155]}, "properties": {"id": 2733, "author": "Matsumoto, D; Shimamoto, T; Hirose, T; Gunatilake, J; Wickramasooriya, A; DeLile, J; Young, S; Rathnayake, C; Ranasooriya, J; Murayama, M", "year": "2010", "referenceId": 9176, "publicationType": 4, "event": "2004 Indian Ocean Earthquake & Tsunami", "geologicAgeId": 15, "yearBegin": 2004, "yearEnd": 2004, "locationName": "Periya Kalapuwa lagoon", "country": "SRI LANKA", "bodyOfWater": "Indian Ocean", "description": "grain size analysis", "environment": "Lagoon, estuarine", "publish": true, "ageDescription": "December 26, 2004", "numTsunamiEvents": 0}}, {"type": "Feature", "id": "2735", "geometry": {"type": "Point", "coordinates": [-123.94, 46.01]}, "properties": {"id": 2735, "author": "Peterson, Curt D., Harry M. Jol, Tom Horning, and Kenneth M. Cruikshank", "year": "2010", "referenceId": 9218, "publicationType": 4, "event": "Paleotsunami", "geologicAgeId": 15, "locationName": "Seaside, Oregon, USA", "country": "USA", "bodyOfWater": "Pacific Ocean", "description": "washover deposits", "environment": "Beach", "publish": true, "ageDescription": "Last 2500 years", "numTsunamiEvents": 0}}, {"type": "Feature", "id": "2737", "geometry": {"type": "Point", "coordinates": [-86.08, 11.45]}, "properties": {"id": 2737, "author": "Higman, B. and J. Bourgeois", "year": "2008", "referenceId": 5522, "publicationType": 4, "event": "1992 Nicaragua Earthquake & Tsunami", "geologicAgeId": 15, "yearBegin": 1992, "yearEnd": 1992, "locationName": "Playa de Popoyo, Nicaragua", "country": "NICARAGUA", "bodyOfWater": "Pacific Ocean", "publish": true, "ageDescription": "September 1992", "numTsunamiEvents": 0}}, {"type": "Feature", "id": "2738", "geometry": {"type": "Point", "coordinates": [98.28, 9.1]}, "properties": {"id": 2738, "author": "Jankaew, Kruawun, Brian F. Atwater, Yuki Sawai, Montri Choowong, Thasinee Charoentitirat, Maria E. Martin,  Amy Prendergast", "year": "2008", "referenceId": 5020, "publicationType": 4, "event": "2004 Indian Ocean Earthquake & Tsunami", "geologicAgeId": 15, "yearEnd": 2004, "locationName": "Phra Thong Island, Ko Phra Thong Phang-nga Thailand", "country": "THAILAND", "bodyOfWater": "Indian Ocean", "description": "sediment study", "publish": true, "ageDescription": "2004 AD to 2800 years ago", "numTsunamiEvents": 0}}, {"type": "Feature", "id": "2739", "geometry": {"type": "Point", "coordinates": [-7.0, 37.0]}, "properties": {"id": 2739, "author": "Reicherter, Klaus; Vonberg, David; Koster, Benjamin; Fern\u00e1ndez-Steeger, Tom\u00e1s; Gr\u00fctzner, Christoph; Mathes-Schmidt, Margret", "year": "2010", "referenceId": 9182, "publicationType": 4, "event": "Tsunamiites", "geologicAgeId": 15, "locationName": "Gulf of Cadiz, Spain", "country": "SPAIN", "bodyOfWater": "Atlantic Ocean", "description": "sedimentary records", "publish": true, "ageDescription": "Holocene", "numTsunamiEvents": 0}}, {"type": "Feature", "id": "2740", "geometry": {"type": "Point", "coordinates": [150.7, -35.1]}, "properties": {"id": 2740, "author": "Goff, James; Weiss, Robert; Courtney, Claire; Dominey-Howes, Dale", "year": "2010", "referenceId": 9189, "publicationType": 4, "event": "Boulders", "geologicAgeId": 15, "locationName": "New South Wales, Australia", "country": "AUSTRALIA", "bodyOfWater": "Pacific Ocean", "description": "boulder transport", "publish": true, "ageDescription": "Hist/Geol", "numTsunamiEvents": 0}}, {"type": "Feature", "id": "2741", "geometry": {"type": "Point", "coordinates": [122.2, -8.59]}, "properties": {"id": 2741, "author": "Budiono, K., Prijantono Astjario, D. Kusnida, and S. Lubis", "year": "1995", "referenceId": 9225, "publicationType": 4, "event": "1992 Flores Earthquake & Tsunami", "geologicAgeId": 15, "yearBegin": 1992, "yearEnd": 1992, "locationName": "Maumere Bay, Flores, Indonesia", "country": "INDONESIA", "bodyOfWater": "Indian Ocean", "description": "field survey", "publish": true, "ageDescription": "December 12, 1992", "numTsunamiEvents": 0}}, {"type": "Feature", "id": "2742", "geometry": {"type": "Point", "coordinates": [98.34, 9.51]}, "properties": {"id": 2742, "author": "Scheucher, Lorenz E.A., and Walter Vortisch", "year": "2011", "referenceId": 9229, "publicationType": 4, "event": "2004 Indian Ocean Earthquake & Tsunami", "geologicAgeId": 15, "yearBegin": 2004, "yearEnd": 2004, "locationName": "Khao Lak and Phuket Island", "country": "THAILAND", "bodyOfWater": "Indian Ocean", "description": "Sedimentary features of tsunami deposits", "publish": true, "ageDescription": "December 26, 2004", "numTsunamiEvents": 0}}, {"type": "Feature", "id": "2743", "geometry": {"type": "Point", "coordinates": [166.5, -45.7]}, "properties": {"id": 2743, "author": "Wilson, K.J, N.J. Litchfield, and I.M. Turnbull", "year": "2009", "referenceId": 9230, "publicationType": 5, "event": "2009 Dusky Sound Earthquake & Tsunami", "geologicAgeId": 15, "yearBegin": 2009, "yearEnd": 2009, "locationName": "Dusky Sound, southwest Fiordland", "country": "NEW ZEALAND", "bodyOfWater": "Pacific Ocean", "description": "field survey", "environment": "Coastal", "publish": true, "ageDescription": "July 15, 2009", "numTsunamiEvents": 0}}, {"type": "Feature", "id": "2744", "geometry": {"type": "Point", "coordinates": [97.5, 1.27]}, "properties": {"id": 2744, "author": "Borrero, Jose C., B. McAdoo, B. Jaffe, L. Dengler, G. Gelfenbaum, B. Higman, R. Hidayat, A. Moore, W. Kongko, Lukijanto, R. Peters, G. Prasetya, V. Titov, and E. Yulianto", "year": "2011", "referenceId": 9239, "publicationType": 4, "event": "2005 Nias-Simeulue Earthquake & Tsunami", "geologicAgeId": 15, "yearBegin": 2005, "yearEnd": 2005, "locationName": "Nias Island and vicinity", "country": "INDONESIA", "bodyOfWater": "Indian Ocean", "description": "field survey", "publish": true, "ageDescription": "March 28, 2005", "numTsunamiEvents": 0}}, {"type": "Feature", "id": "2745", "geometry": {"type": "Point", "coordinates": [136.9, 34.7]}, "properties": {"id": 2745, "author": "Tachibana, Toru and Yoshinobu Tsuji", "year": "2011", "referenceId": 9241, "publicationType": 4, "event": "Boulders", "geologicAgeId": 14, "locationName": "Chita Peninsula, Aichi Prefecture", "country": "JAPAN", "bodyOfWater": "Pacific Ocean", "description": "conglomerate", "publish": true, "ageDescription": "Miocene", "numTsunamiEvents": 0}}, {"type": "Feature", "id": "2746", "geometry": {"type": "Point", "coordinates": [-173.78, -15.95]}, "properties": {"id": 2746, "author": "Clark, Kate, William Power, Yuichi Nishimura, Richard Kautoke, Rennie Vaiomo'unga, Pongi, and Makameone Fifita", "year": "2011", "referenceId": 9245, "publicationType": 4, "event": "2009 Samoa Earthquake & Tsunami", "geologicAgeId": 15, "yearBegin": 2009, "yearEnd": 2009, "locationName": "Niuatoputapu, Hihifo, Niuas", "country": "TONGA", "bodyOfWater": "Pacific Ocean", "description": "field survey", "publish": true, "ageDescription": "September 29, 2009", "numTsunamiEvents": 0}}, {"type": "Feature", "id": "2747", "geometry": {"type": "Point", "coordinates": [-64.3, 18.7]}, "properties": {"id": 2747, "author": "Reinhardt, Eduard G., Jessica Pilarczyk and Alyson Brown", "year": "2011", "referenceId": 9263, "publicationType": 4, "event": "Sand deposit", "geologicAgeId": 15, "yearBegin": 1650, "locationName": "Anegada, British Virgin Islands", "country": "UK TERRITORY", "bodyOfWater": "Caribbean Sea", "description": "Shell deposits", "publish": true, "ageDescription": "Holocene 100-400 years ago", "numTsunamiEvents": 0}}, {"type": "Feature", "id": "2748", "geometry": {"type": "Point", "coordinates": [98.24, 8.92]}, "properties": {"id": 2748, "author": "Yawsangratt, Supawit, Witold Szczuci&#324;ski, Niran Chaimanee, Sirapapa Chatprasert, Wojciech Majewski and Stanis&#322;aw Lorenc", "year": "2011", "referenceId": 9264, "publicationType": 4, "event": "Paleotsunami", "geologicAgeId": 15, "locationName": "Kho Khao Island, Phang Nga Province", "country": "THAILAND", "bodyOfWater": "Indian Ocean", "description": "sand and mud deposits", "publish": true, "ageDescription": "Late Holocene", "numTsunamiEvents": 0}}, {"type": "Feature", "id": "2749", "geometry": {"type": "Point", "coordinates": [-64.3, 18.7]}, "properties": {"id": 2749, "author": "Pilarczyk, Jessica E. and Eduard G. Reinhardt", "year": "2011", "referenceId": 9265, "publicationType": 4, "event": "Overwash indicators", "geologicAgeId": 15, "yearBegin": 1650, "yearEnd": 1800, "locationName": "Anegada, British Virgin Islands", "country": "UK TERRITORY", "bodyOfWater": "Caribbean Sea", "description": "foraminifera indicators", "environment": "marine pond", "publish": true, "ageDescription": "Holocene 200-400 years ago", "numTsunamiEvents": 0}}, {"type": "Feature", "id": "2750", "geometry": {"type": "Point", "coordinates": [154.0, 46.3]}, "properties": {"id": 2750, "author": "MacInnes, Breanyn Tiel", "year": "2010", "referenceId": 9274, "publicationType": 6, "event": "2006 & 2007 Kuril Islands Earthquake & Tsunami", "geologicAgeId": 15, "yearBegin": 2006, "yearEnd": 2007, "locationName": "Kuril Islands", "country": "RUSSIA", "bodyOfWater": "Pacific Ocean", "description": "erosion; field survey", "publish": true, "ageDescription": "2006, 2007", "numTsunamiEvents": 0}}, {"type": "Feature", "id": "2751", "geometry": {"type": "Point", "coordinates": [96.0, 5.2]}, "properties": {"id": 2751, "author": "Borrero, Jose C.", "year": "2005", "referenceId": 5331, "publicationType": 4, "event": "2004 Indian Ocean Earthquake & Tsunami", "geologicAgeId": 15, "yearBegin": 2004, "yearEnd": 2004, "locationName": "Banda Aceh, Sumatra", "country": "INDONESIA", "bodyOfWater": "Indian Ocean", "description": "field survey", "publish": true, "ageDescription": "December 26, 2004", "numTsunamiEvents": 0}}, {"type": "Feature", "id": "2752", "geometry": {"type": "Point", "coordinates": [79.9, 10.8]}, "properties": {"id": 2752, "author": "Cho, Y-S; Lakshumanan, C; Choi, BH; Lee, SO; Hwang, K-N", "year": "2009", "referenceId": 5198, "publicationType": 4, "event": "2004 Indian Ocean Earthquake & Tsunami", "geologicAgeId": 15, "yearBegin": 2004, "yearEnd": 2004, "locationName": "India (southeast coast)", "country": "INDIA", "bodyOfWater": "Indian Ocean", "description": "field survey", "publish": true, "ageDescription": "December 26, 2004", "numTsunamiEvents": 0}}, {"type": "Feature", "id": "2753", "geometry": {"type": "Point", "coordinates": [50.75, 10.28]}, "properties": {"id": 2753, "author": "Fritz, Hermann M. and Borrero, Jose C.", "year": "2005", "referenceId": 1999, "publicationType": 4, "event": "2004 Indian Ocean Earthquake & Tsunami", "geologicAgeId": 15, "yearBegin": 2004, "yearEnd": 2004, "locationName": "Puntland coast", "country": "SOMALIA", "bodyOfWater": "Indian Ocean", "description": "field survey", "publish": true, "ageDescription": "December 26, 2004", "numTsunamiEvents": 0}}, {"type": "Feature", "id": "2755", "geometry": {"type": "Point", "coordinates": [81.0, 7.0]}, "properties": {"id": 2755, "author": "Inoue, Shusaku, Anil C. Wijeyewickrema, Hiroyuki Matsumoto, Hiroyuki Miura, Priyantha Gunaratna, Manoj Madurapperuma and Toru Sekiguchi", "year": "2007", "referenceId": 5135, "publicationType": 4, "event": "2004 Indian Ocean Earthquake & Tsunami", "geologicAgeId": 15, "yearBegin": 2004, "yearEnd": 2004, "locationName": "east coast", "country": "SRI LANKA", "bodyOfWater": "Indian Ocean", "description": "field survey", "publish": true, "ageDescription": "December 26, 2004", "numTsunamiEvents": 0}}, {"type": "Feature", "id": "2756", "geometry": {"type": "Point", "coordinates": [98.26, 8.9]}, "properties": {"id": 2756, "author": "Jagodzinski, R.; Sternal, B.; Szczucinski, W.; Lorenc, S.", "year": "2009", "referenceId": 5158, "publicationType": 4, "event": "2004 Indian Ocean Earthquake & Tsunami", "geologicAgeId": 15, "yearBegin": 2004, "yearEnd": 2004, "locationName": "Kho Khao Island, Phang Nga Province", "country": "THAILAND", "bodyOfWater": "Indian Ocean", "description": "heavy minerals in sandy deposits", "publish": true, "ageDescription": "December 26, 2004", "numTsunamiEvents": 0}}, {"type": "Feature", "id": "2757", "geometry": {"type": "Point", "coordinates": [55.43, -4.646]}, "properties": {"id": 2757, "author": "Jackson, Jr., Lionel E. , J. Vaughn Barrie, Donald L. Forbes, John Shaw, Gavin K. Manson, Michael Schmidt", "year": "2005", "referenceId": 4283, "publicationType": 5, "event": "2004 Indian Ocean Earthquake & Tsunami", "geologicAgeId": 15, "yearBegin": 2004, "yearEnd": 2004, "country": "SRI LANKA", "bodyOfWater": "Indian Ocean", "description": "field survey", "publish": true, "ageDescription": "December 26, 2004", "numTsunamiEvents": 0}}, {"type": "Feature", "id": "2758", "geometry": {"type": "Point", "coordinates": [98.28, 9.1]}, "properties": {"id": 2758, "author": "Sawai, Yuki; Jankaew, Kruawun; Martin, Maria E; Prendergast, Amy; Choowong, Montri; and Thasinee Charoentitirat", "year": "2009", "referenceId": 5505, "publicationType": 4, "event": "2004 Indian Ocean Earthquake & Tsunami", "geologicAgeId": 15, "yearBegin": 2004, "yearEnd": 2004, "locationName": "Phra Thong Island, Ko Phra Thong Phang-nga Thailand", "country": "THAILAND", "bodyOfWater": "Indian Ocean", "description": "diatom assemblages", "publish": true, "ageDescription": "December 26, 2004", "numTsunamiEvents": 0}}, {"type": "Feature", "id": "2759", "geometry": {"type": "Point", "coordinates": [80.09, 12.56]}, "properties": {"id": 2759, "author": "Srinivasalu, S.; Rajeshwara-Rao, N.; Thangadurai, N.; Jonathan, M.P.; Roy, P.D.; Ram-Mohan V.; Saravanan, P.", "year": "2009", "referenceId": 5534, "publicationType": 4, "event": "2004 Indian Ocean Earthquake & Tsunami", "geologicAgeId": 15, "yearBegin": 2004, "yearEnd": 2004, "locationName": "Tamil Nadu, India (north coast)", "country": "INDIA", "bodyOfWater": "Indian Ocean", "description": "sand deposits", "publish": true, "ageDescription": "December 26, 2004", "numTsunamiEvents": 0}}, {"type": "Feature", "id": "2760", "geometry": {"type": "Point", "coordinates": [98.45, 8.18]}, "properties": {"id": 2760, "author": "Sugawara, Daisuke; Minoura, Koji; Nemoto, Naoki; Tsukawaki, Shinji; Goto, Kazuhisa; Imamura, Fumihiko", "year": "2009", "referenceId": 5149, "publicationType": 4, "event": "2004 Indian Ocean Earthquake & Tsunami", "geologicAgeId": 15, "yearBegin": 2004, "yearEnd": 2004, "locationName": "Southwest coast, Laem Pakarang, Krabi", "country": "THAILAND", "bodyOfWater": "Indian Ocean", "description": "backwash, foraminifer, sediment flow", "publish": true, "ageDescription": "December 26, 2004", "numTsunamiEvents": 0}}, {"type": "Feature", "id": "2761", "geometry": {"type": "Point", "coordinates": [141.0, 41.0]}, "properties": {"id": 2761, "author": "Minoura, K., F. Imamura, D. Sugawara, Y. Kono, and T. Iwashita", "year": "2001", "referenceId": 3142, "publicationType": 4, "event": "869 Sanriku Earthquake and Tsunami", "geologicAgeId": 15, "yearBegin": 869, "yearEnd": 869, "locationName": "Sanriku coast, Japan (southwest)", "country": "JAPAN", "bodyOfWater": "Pacific Ocean", "publish": true, "ageDescription": "Holocene", "numTsunamiEvents": 0}}, {"type": "Feature", "id": "2762", "geometry": {"type": "Point", "coordinates": [141.0, 41.0]}, "properties": {"id": 2762, "author": "Sawai, Yuki; Okamura, Yukinobu; Shishikura, Masanobu; Matsuura, Tabito; Aung, Than Tin; Komatsubara, Junko; Fujii, Yushiro", "year": "2006", "referenceId": 9351, "publicationType": 4, "event": "Earthquake and tsunami events", "geologicAgeId": 15, "yearBegin": 869, "yearEnd": 1611, "locationName": "Sanriku coast, Japan (southwest)", "country": "JAPAN", "bodyOfWater": "Pacific Ocean", "publish": true, "ageDescription": "Holocene", "numTsunamiEvents": 0}}, {"type": "Feature", "id": "2763", "geometry": {"type": "Point", "coordinates": [141.0, 41.0]}, "properties": {"id": 2763, "author": "Abe, Hisashi; Sugeno, Yoshisada; Chigama, Akira", "year": "1990", "referenceId": 9352, "publicationType": 4, "event": "869 Sanriku Earthquake and Tsunami", "geologicAgeId": 15, "yearBegin": 869, "yearEnd": 869, "locationName": "Sanriku coast, Japan (southwest)", "country": "JAPAN", "bodyOfWater": "Pacific Ocean", "description": "field survey", "publish": true, "ageDescription": "Holocene", "numTsunamiEvents": 0}}, {"type": "Feature", "id": "2764", "geometry": {"type": "Point", "coordinates": [137.58, 34.74]}, "properties": {"id": 2764, "author": "Kumagai, Hiroyuki", "year": "1999", "referenceId": 4548, "publicationType": 4, "event": "Earthquake and tsunami events", "geologicAgeId": 15, "locationName": "Hamana Lake", "country": "JAPAN", "bodyOfWater": "Pacific Ocean", "description": "field survey", "publish": true, "ageDescription": "Holocene", "numTsunamiEvents": 0}}, {"type": "Feature", "id": "2766", "geometry": {"type": "Point", "coordinates": [-175.19, -21.17]}, "properties": {"id": 2766, "author": "Richmond, B.M., Buckley, M., Etienne, S., Chague-Goff, C., Clark, K., Goff, J., Dominey-Howes, D., Strotz, L.", "year": "2011", "referenceId": 9389, "publicationType": 4, "event": "2009 Samoa Earthquake & Tsunami", "geologicAgeId": 15, "yearBegin": 2009, "yearEnd": 2009, "locationName": "Tonga and Samoa", "country": "SAMOA", "bodyOfWater": "Pacific Ocean", "description": "deposits, boulders, sand sheets", "publish": true, "ageDescription": "September 29, 2009", "numTsunamiEvents": 0}}, {"type": "Feature", "id": "2767", "geometry": {"type": "Point", "coordinates": [25.97, 70.67]}, "properties": {"id": 2767, "author": "Romundset, Anders; Bondevik, Stein", "year": "2011", "referenceId": 9382, "publicationType": 4, "event": "Storegga landslide", "geologicAgeId": 15, "locationName": "Finnmark, coastal Norway, Barents Sea", "country": "NORWAY", "bodyOfWater": "Arctic Ocean", "publish": true, "ageDescription": "Holocene", "numTsunamiEvents": 0}}, {"type": "Feature", "id": "2768", "geometry": {"type": "Point", "coordinates": [-101.62, 19.64]}, "properties": {"id": 2768, "author": "Garduno-Monroy, V.H.; Soria-Caballero, D.C.; Israde-Alcantara, I.; Madrigal, V.M.H.; Rodriguez-Ramirez, A.; Ostroumov, M.; Rodriguez-Pascua, M.A.; Chacon-Torres, A.; Mora-Chaparro, J.C.", "year": "2011", "referenceId": 9378, "publicationType": 4, "event": "Paleolimnological record", "geologicAgeId": 15, "locationName": "Lake P\u00e1tzcuaro, Michoacan, Mexico (southwest)", "country": "MEXICO", "bodyOfWater": "Inland waterway", "description": "ostracodes", "publish": true, "ageDescription": "Historic", "numTsunamiEvents": 0}}, {"type": "Feature", "id": "2769", "geometry": {"type": "Point", "coordinates": [-125.0, 45.0]}, "properties": {"id": 2769, "author": "Goldfinger, Chris, C. Hans Nelson, and Joel E. Johnson", "year": "2003", "referenceId": 9374, "publicationType": 4, "event": "Cascadia Earthquake", "geologicAgeId": 15, "yearBegin": 1700, "yearEnd": 1700, "locationName": "Pacific Northwest coast", "country": "USA", "bodyOfWater": "Pacific Ocean", "description": "offshore turbidite dating", "publish": true, "ageDescription": "1700", "numTsunamiEvents": 0}}, {"type": "Feature", "id": "2770", "geometry": {"type": "Point", "coordinates": [109.0, -8.0]}, "properties": {"id": 2770, "author": "Moore, Andrew, James Goff, Brian G. McAdoo, Hermann M. Fritz, Aditya Gusman, Nikos Kalligeris, Kenia Kalsum, Arif Susanto, Debora Suteja and Costas E. Synolakis", "year": "2011", "referenceId": 9373, "publicationType": 4, "event": "2006 Java, Indonesia Earthquake & Tsunami", "geologicAgeId": 15, "yearBegin": 2006, "yearEnd": 2006, "locationName": "Java, Indonesia", "country": "INDONESIA", "bodyOfWater": "Indian Ocean", "description": "grain size analysis", "publish": true, "ageDescription": "July 2006", "numTsunamiEvents": 0}}, {"type": "Feature", "id": "2771", "geometry": {"type": "Point", "coordinates": [5.03, 43.33]}, "properties": {"id": 2771, "author": "Vella, C., F. Demory, V. Canut, P. Dussouillez, and T.J. Fleury", "year": "2011", "referenceId": 9347, "publicationType": 4, "event": "Boulders", "geologicAgeId": 15, "locationName": "Cap Couronne, Gulf of Fos, Provence coast", "country": "FRANCE", "bodyOfWater": "Mediterranean Sea", "description": "mega boulders", "publish": true, "ageDescription": "4000-0 BP", "numTsunamiEvents": 0}}, {"type": "Feature", "id": "2772", "geometry": {"type": "Point", "coordinates": [-6.9, 34.02]}, "properties": {"id": 2772, "author": "Medina, F., N. Mhammdi, A. Chiguer, M. Akil and E. B. Jaaidi", "year": "2011", "referenceId": 9346, "publicationType": 4, "event": "Boulders", "geologicAgeId": 15, "locationName": "Rabat coast", "country": "MOROCCO", "bodyOfWater": "Atlantic Ocean", "description": "high-energy waves, storms, boulder deposits", "publish": true, "ageDescription": "Holocene", "numTsunamiEvents": 0}}, {"type": "Feature", "id": "2773", "geometry": {"type": "Point", "coordinates": [-68.26, 12.2]}, "properties": {"id": 2773, "author": "Watt, Steven G; Jaffe, Bruce E; Morton, Robert A; Richmond, Bruce M; Gelfenbaum, Guy", "year": "2010", "referenceId": 9344, "publicationType": 5, "event": "High energy event", "geologicAgeId": 15, "locationName": "Bonaire", "country": "NETHERLANDS ANTILLES", "bodyOfWater": "Caribbean Sea", "description": "extreme wave deposits", "publish": true, "ageDescription": "Holocene", "numTsunamiEvents": 0}}, {"type": "Feature", "id": "2775", "geometry": {"type": "Point", "coordinates": [147.32, -42.88]}, "properties": {"id": 2775, "author": "Clark, Kate, Cochran, Ursula and Colin Mazengarb", "year": "2011", "referenceId": 9304, "publicationType": 4, "event": "Paleotsunami", "geologicAgeId": 15, "locationName": "Tasmania (southeast)", "country": "AUSTRALIA", "bodyOfWater": "Pacific Ocean", "description": "sea level change; deposits", "publish": true, "ageDescription": "Holocene", "numTsunamiEvents": 0}}, {"type": "Feature", "id": "2776", "geometry": {"type": "Point", "coordinates": [40.9, -2.27]}, "properties": {"id": 2776, "author": "Rhodes, Brady P., Matthew E. Kirby, Kruawun Jankaew and Montri Choowong", "year": "2011", "referenceId": 9380, "publicationType": 4, "event": "Paleotsunami", "geologicAgeId": 15, "locationName": "Klong Thap Lamu, Andaman coast", "country": "THAILAND", "bodyOfWater": "Pacific Ocean", "description": "preserved sediments in mangrove", "publish": true, "ageDescription": "Holocene", "numTsunamiEvents": 0}}, {"type": "Feature", "id": "2777", "geometry": {"type": "Point", "coordinates": [-175.19, -21.17]}, "properties": {"id": 2777, "author": "Fritz, H.M., Borrero, J.C., Synolakis, C.E., Okal, E.A., Weiss, R., Titov, V.V., Jaffe, B.E., Foteinis, S., Lynett, P.J., Chan, I.-C., and Liu, P. L.-F.", "year": "2011", "referenceId": 9387, "publicationType": 4, "event": "2009 Samoa Earthquake & Tsunami", "geologicAgeId": 15, "yearBegin": 2009, "yearEnd": 2009, "locationName": "Tonga and Samoa", "country": "SAMOA", "bodyOfWater": "Pacific Ocean", "description": "field survey", "publish": true, "ageDescription": "September 29, 2009", "numTsunamiEvents": 0}}, {"type": "Feature", "id": "2778", "geometry": {"type": "Point", "coordinates": [-171.43, -14.02]}, "properties": {"id": 2778, "author": "Jaffe, Bruce, Mark Buckley, Bruce Richmond, Luke Strotz, Samuel Etienne, Kate Clark, Steve Watt, Guy Gelfenbaum, James Goff", "year": "2011", "referenceId": 9388, "publicationType": 4, "event": "2009 Samoa Earthquake & Tsunami", "geologicAgeId": 15, "yearBegin": 2009, "yearEnd": 2009, "locationName": "Satitoa, east Upolu", "country": "SAMOA", "bodyOfWater": "Pacific Ocean", "description": "sand deposits", "publish": true, "ageDescription": "September 29, 2009", "numTsunamiEvents": 0}}, {"type": "Feature", "id": "2779", "geometry": {"type": "Point", "coordinates": [-73.0, -36.8]}, "properties": {"id": 2779, "author": "Fritz, H.M., C.M. Petroff, P.A. Catalan, R. Cienfuegos, P. Winckler, N. Kalligeris, R. Weiss, S.E. Barrientos, G. Meneses, C. Valderas-Bermejo, C. Ebeling, A. Papadopoulos, M. Contreras, R. Almar, J. C. Dominguez, C. E. Synolakis", "year": "2011", "referenceId": 9173, "publicationType": 4, "event": "2010 Chile Earthquake and Tsunami", "geologicAgeId": 15, "yearBegin": 2010, "yearEnd": 2010, "locationName": "Quintero to Mehuin; Islands of Santa Maria, Mocha, and Robinson Crusoe (Juan Fernandez Archipelago)", "country": "CHILE", "bodyOfWater": "Pacific Ocean", "description": "field survey", "publish": true, "ageDescription": "February 27, 2010", "numTsunamiEvents": 0}}, {"type": "Feature", "id": "2780", "geometry": {"type": "Point", "coordinates": [92.745, 11.66]}, "properties": {"id": 2780, "author": "Malik, Javed N., M. Shishikura, T. Echigo, Y. Ikeda, K. Satake, H. Kayanne, Y. Sawai, C.V.R. Murty and O. Dikshit", "year": "2011", "referenceId": 9395, "publicationType": 4, "event": "Stratigraphic sequence", "geologicAgeId": 15, "locationName": "Port Blair, South Andaman Island", "country": "INDIA", "bodyOfWater": "Indian Ocean", "description": "coastal deposits", "publish": true, "ageDescription": "Holocene", "numTsunamiEvents": 0}}, {"type": "Feature", "id": "2782", "geometry": {"type": "Point", "coordinates": [28.954, 41.0]}, "properties": {"id": 2782, "author": "Bony, Gu\u00e9na\u00eblle, Nick Marriner, Christophe Morhange, David Kaniewski and Dogan Perin\u00e7ek", "year": "2011", "referenceId": 9392, "publicationType": 4, "event": "High energy event", "geologicAgeId": 15, "yearBegin": 7000, "locationName": "Byzantine harbor, Yenikap&#305;, Istanbul", "country": "TURKEY", "bodyOfWater": "Inland waterway", "description": "bio-sedimentology", "publish": true, "ageDescription": "Holocene", "numTsunamiEvents": 0}}, {"type": "Feature", "id": "2784", "geometry": {"type": "Point", "coordinates": [-72.014, -34.392]}, "properties": {"id": 2784, "author": "Horton, B.P., Sawai, Y. Hawkes, A.D. and R.C. Witter", "year": "2011", "referenceId": 9303, "publicationType": 4, "event": "2010 Chile Earthquake and Tsunami", "geologicAgeId": 15, "yearBegin": 2010, "yearEnd": 2010, "locationName": "Pichilemu", "country": "CHILE", "bodyOfWater": "Pacific Ocean", "description": "field survey", "publish": true, "ageDescription": "February 27, 2010", "numTsunamiEvents": 0}}, {"type": "Feature", "id": "2785", "geometry": {"type": "Point", "coordinates": [-4.52, 51.886]}, "properties": {"id": 2785, "author": "Stephenson, W.J. and L.A. Naylor", "year": "2011", "referenceId": 9416, "publicationType": 4, "event": "Boulders", "geologicAgeId": 15, "locationName": "Blue Lias formation, South Wales", "country": "UK", "bodyOfWater": "Atlantic Ocean", "description": "field survey", "publish": true, "ageDescription": "Historic", "numTsunamiEvents": 0}}, {"type": "Feature", "id": "2786", "geometry": {"type": "Point", "coordinates": [-6.485, 55.25]}, "properties": {"id": 2786, "author": "McKenna, John, Derek W.T. Jackson, and J. Andrew G. Cooper", "year": "2011", "referenceId": 9417, "publicationType": 4, "event": "Storm versus tsunami", "geologicAgeId": 15, "locationName": "Northern Ireland: Giant's Causeway", "country": "UK", "bodyOfWater": "Atlantic Ocean", "description": "boulders (mega-clasts)", "publish": true, "ageDescription": "Historic", "numTsunamiEvents": 0}}, {"type": "Feature", "id": "2787", "geometry": {"type": "Point", "coordinates": [-5.012, 48.426]}, "properties": {"id": 2787, "author": "Fichaut, Bernard and Serge Suanez", "year": "2011", "referenceId": 9418, "publicationType": 4, "event": "Storm versus tsunami", "geologicAgeId": 15, "locationName": "Banneg Island, Brittany", "country": "FRANCE", "bodyOfWater": "Atlantic Ocean", "description": "boulder deposits", "publish": true, "ageDescription": "Historic", "numTsunamiEvents": 0}}, {"type": "Feature", "id": "2788", "geometry": {"type": "Point", "coordinates": [-8.204, 54.604]}, "properties": {"id": 2788, "author": "Knight, Jasper and Helene Burningham", "year": "2011", "referenceId": 9419, "publicationType": 4, "event": "Storm versus tsunami", "geologicAgeId": 15, "locationName": "Ireland: county Donegal", "country": "UK", "bodyOfWater": "Atlantic Ocean", "description": "boulder deposits", "publish": true, "ageDescription": "Holocene", "numTsunamiEvents": 0}}, {"type": "Feature", "id": "2789", "geometry": {"type": "Point", "coordinates": [122.388, 29.998]}, "properties": {"id": 2789, "author": "Chen, Bin, Zhongyuan Chen, Wayne Stephenson and Brian Finlayson", "year": "2011", "referenceId": 9420, "publicationType": 4, "event": "Storm versus tsunami", "geologicAgeId": 15, "locationName": "Huayanpeng Cape, Putuo Island", "country": "CHINA", "bodyOfWater": "Pacific Ocean", "description": "boulder deposits", "publish": true, "ageDescription": "Holocene", "numTsunamiEvents": 0}}, {"type": "Feature", "id": "2790", "geometry": {"type": "Point", "coordinates": [128.54, 27.55]}, "properties": {"id": 2790, "author": "Goto, Kazuhisa, Kunimasa Miyagi, Toshio Kawana, Jun Takahashi and Fumihiko Imamura", "year": "2011", "referenceId": 9213, "publicationType": 4, "event": "Storm versus tsunami", "geologicAgeId": 15, "locationName": "Okinawa Islands", "country": "JAPAN", "bodyOfWater": "Pacific Ocean", "description": "boulder deposits", "publish": true, "ageDescription": "Holocene", "numTsunamiEvents": 0}}, {"type": "Feature", "id": "2791", "geometry": {"type": "Point", "coordinates": [-99.93, 16.87]}, "properties": {"id": 2791, "author": "Jonathan, M.P., P.D. Roy, J.L. S\u00e1nchez-Zavala, S. Srinivasalu, M.C. Mac\u00edas-Romo and C. Lakshumanan", "year": "2011", "referenceId": 9421, "publicationType": 4, "event": "2011 Japan Earthquake and Tsunami", "geologicAgeId": 15, "yearBegin": 2011, "yearEnd": 2011, "locationName": "Pacific coast", "country": "MEXICO", "bodyOfWater": "Pacific Ocean", "description": "field survey", "publish": true, "ageDescription": "2011", "numTsunamiEvents": 0}}, {"type": "Feature", "id": "2792", "geometry": {"type": "Point", "coordinates": [-155.58, 19.89]}, "properties": {"id": 2792, "author": "Richmond, Bruce M., Steve Watt, Mark Buckley, Bruce E. Jaffe, Guy Gelfenbaum, and Robert A. Morton", "year": "2011", "referenceId": 9422, "publicationType": 4, "event": "Storm versus tsunami", "geologicAgeId": 15, "yearBegin": 1800, "yearEnd": 2011, "locationName": "Hawaii: southeast coast", "country": "USA", "bodyOfWater": "Pacific Ocean", "description": "coarse-clast deposits", "publish": true, "ageDescription": "Historic", "numTsunamiEvents": 0}}, {"type": "Feature", "id": "2793", "geometry": {"type": "Point", "coordinates": [-2.754, 55.989]}, "properties": {"id": 2793, "author": "Hall, Adrian M.", "year": "2011", "referenceId": 9423, "publicationType": 4, "event": "Storm versus tsunami", "geologicAgeId": 15, "yearBegin": 1750, "locationName": "Scotland: East Lothian", "country": "UK", "bodyOfWater": "Atlantic Ocean", "description": "boulder deposits", "publish": true, "ageDescription": "Historic", "numTsunamiEvents": 0}}, {"type": "Feature", "id": "2794", "geometry": {"type": "Point", "coordinates": [29.927, 40.756]}, "properties": {"id": 2794, "author": "Bertrand, S., L. Doner, S. Ak\u00e7er \u00d6n, U. Sancar, U. Schudack, S. Mischke, M.N. \u00c7agatay, and S.A.G. Leroy", "year": "2011", "referenceId": 9424, "publicationType": 4, "event": "Coseismic uplift/subsidence", "geologicAgeId": 15, "yearBegin": 987, "locationName": "Sea of Marmara, Izmit Bay, Istanbul", "country": "TURKEY", "bodyOfWater": "Mediterranean Sea", "description": "sedimentological, geochemical, and paleoecological analysis of sediment cores from Hersek coastal lagoon, northwest Turkey", "publish": true, "ageDescription": "Holocene", "numTsunamiEvents": 0}}, {"type": "Feature", "id": "2795", "geometry": {"type": "Point", "coordinates": [-62.821, 17.901]}, "properties": {"id": 2795, "author": "Caron, V.", "year": "2011", "referenceId": 9425, "publicationType": 4, "event": "High energy event", "geologicAgeId": 15, "locationName": "St. Bartholomew Island, French West Indies", "country": "FRANCE", "bodyOfWater": "Caribbean Sea", "description": "beachrock deposits", "environment": "Beach rocks", "publish": true, "ageDescription": "Holocene", "numTsunamiEvents": 0}}, {"type": "Feature", "id": "2796", "geometry": {"type": "Point", "coordinates": [-159.777, -21.236]}, "properties": {"id": 2796, "author": "Goff, James R.", "year": "2011", "referenceId": 9427, "publicationType": 4, "event": "Field observations", "geologicAgeId": 15, "yearBegin": 2010, "yearEnd": 2010, "locationName": "Cook Islands", "country": "NEW ZEALAND", "bodyOfWater": "Pacific Ocean", "description": "possible tsunami on April 13, 2010", "publish": true, "ageDescription": "Historic", "numTsunamiEvents": 0}}, {"type": "Feature", "id": "2797", "geometry": {"type": "Point", "coordinates": [-7.0, 37.0]}, "properties": {"id": 2797, "author": "Gutierrez-Mas, J.M.", "year": "2011", "referenceId": 9428, "publicationType": 4, "event": "Sea level change", "geologicAgeId": 15, "locationName": "Gulf of Cadiz, Spain", "country": "SPAIN", "bodyOfWater": "Atlantic Ocean", "description": "shell deposits", "publish": true, "ageDescription": "Historic", "numTsunamiEvents": 0}}, {"type": "Feature", "id": "2798", "geometry": {"type": "Point", "coordinates": [-124.2, 41.75]}, "properties": {"id": 2798, "author": "Peterson, Curt D., Gary A. Carver, Ken M. Cruikshank, Hans F. Abramson, Carolyn E. Garrison-Laney, and Lori A. Dengler", "year": "2011", "referenceId": 9429, "publicationType": 4, "event": "Sand sheets", "geologicAgeId": 15, "locationName": "Crescent City, California, USA", "country": "USA", "bodyOfWater": "Pacific Ocean", "description": "reconstruction of inundation distance and runup heights for previous events", "publish": true, "ageDescription": "Historic", "numTsunamiEvents": 0}}, {"type": "Feature", "id": "2799", "geometry": {"type": "Point", "coordinates": [-64.3, 18.7]}, "properties": {"id": 2799, "author": "Watt, Steven, Mark Buckley and Bruce Jaffe", "year": "2011", "referenceId": 9430, "publicationType": 4, "event": "Overwash indicators", "geologicAgeId": 15, "locationName": "Anegada, British Virgin Islands", "country": "UK TERRITORY", "bodyOfWater": "Caribbean Sea", "description": "boulder overwash", "publish": true, "ageDescription": "Historic", "numTsunamiEvents": 0}}, {"type": "Feature", "id": "2800", "geometry": {"type": "Point", "coordinates": [80.31, 5.99]}, "properties": {"id": 2800, "author": "Dahanayake, Kapila, Nayomi Kulasena, G.V. Ravi Prasad, Koushik Dutta and D.K. Ray", "year": "2011", "referenceId": 9431, "publicationType": 4, "event": "Paleotsunami", "geologicAgeId": 15, "locationName": "Peraliya, Denuwala, Galle district", "country": "SRI LANKA", "bodyOfWater": "Indian Ocean", "description": "carbon dating and paleotsunami sediments", "environment": "Coastal", "publish": true, "ageDescription": "Holocene", "numTsunamiEvents": 0}}, {"type": "Feature", "id": "2801", "geometry": {"type": "Point", "coordinates": [166.5, -45.7]}, "properties": {"id": 2801, "author": "Clark, K.J., P.N. Johnson, I.M. Turnbull and N.J. Litchfield", "year": "2011", "referenceId": 9433, "publicationType": 4, "event": "2009 Dusky Sound Earthquake & Tsunami", "geologicAgeId": 15, "yearBegin": 2009, "yearEnd": 2009, "locationName": "Dusky Sound, southwest Fiordland", "country": "NEW ZEALAND", "bodyOfWater": "Pacific Ocean", "description": "field surveys", "publish": true, "ageDescription": "July 15, 2009", "numTsunamiEvents": 0}}, {"type": "Feature", "id": "2802", "geometry": {"type": "Point", "coordinates": [166.5, -45.7]}, "properties": {"id": 2802, "author": "Switzer, A.D., B.L. Mamo, D. Dominey-Howes, L.C. Strotz, C. Courtney, B.G. Jones, S.K. Haslett and D.M. Everett", "year": "2011", "referenceId": 9434, "publicationType": 4, "event": "High energy event", "geologicAgeId": 15, "locationName": "Old Punt Bay, South-East Australia", "country": "AUSTRALIA", "bodyOfWater": "Pacific Ocean", "description": "coarse sediments; overwash", "environment": "bay", "publish": true, "ageDescription": "Holocene", "numTsunamiEvents": 0}}, {"type": "Feature", "id": "2805", "geometry": {"type": "Point", "coordinates": [80.75, 24.26]}, "properties": {"id": 2805, "author": "Sarkar, S., P.K. Bose, P.G. Eriksson", "year": "2011", "referenceId": 9448, "publicationType": 4, "event": "Paleotsunamiite", "geologicAgeId": 1, "locationName": "Upper Bhander Sandstone, Central India", "country": "INDIA", "bodyOfWater": "Tethys", "publish": true, "ageDescription": "Proterozoic", "numTsunamiEvents": 0}}, {"type": "Feature", "id": "2806", "geometry": {"type": "Point", "coordinates": [-122.5, 47.5]}, "properties": {"id": 2806, "author": "Martin, Maria Elizabeth and Joanne Bourgeois", "year": "2011", "referenceId": 9455, "publicationType": 4, "event": "Sand deposit", "geologicAgeId": 15, "locationName": "Puget Sound, Washington, USA", "country": "USA", "bodyOfWater": "Pacific Ocean", "description": "comparison of tsunami and liquefaction features of modern events", "environment": "wetlands", "publish": true, "ageDescription": "Holocene", "numTsunamiEvents": 0}}, {"type": "Feature", "id": "2807", "geometry": {"type": "Point", "coordinates": [78.16, 8.86]}, "properties": {"id": 2807, "author": "Singarasubramanian, S.R., M.V. Mukesh and K. Sujatha", "year": "2011", "referenceId": 9456, "publicationType": 4, "event": "2004 Indian Ocean Earthquake & Tsunami", "geologicAgeId": 15, "yearBegin": 2004, "yearEnd": 2004, "locationName": "Vellar River to Thoothukudi, Tamil Nadu, India", "country": "INDIA", "bodyOfWater": "Indian Ocean", "description": "coastal field survey", "environment": "Beach deposit", "publish": true, "ageDescription": "December 26, 2004", "numTsunamiEvents": 0}}, {"type": "Feature", "id": "2808", "geometry": {"type": "Point", "coordinates": [-178.12, -14.29]}, "properties": {"id": 2808, "author": "Goff, James, Geoffroy Lamarche, Bernard Pelletier, Catherine Chague-Goff, and Luke Strotz", "year": "2011", "referenceId": 9457, "publicationType": 4, "event": "Paleotsunami", "geologicAgeId": 15, "yearEnd": 2009, "locationName": "Futuna (Wallis and Futuna), South Pacific Islands", "country": "FRANCE", "bodyOfWater": "Pacific Ocean", "description": "comparison between the effects of the 2009 South Pacific tsunami and 2 paleotsunami events", "publish": true, "ageDescription": "2000 BP", "numTsunamiEvents": 0}}, {"type": "Feature", "id": "2809", "geometry": {"type": "Point", "coordinates": [98.39, 9.13]}, "properties": {"id": 2809, "author": "Choowong, M., N. Murakoshi, K. Hisada, P. Charusiri, V. Daorerk, T. Charoentitirat, V. Chutakositkanon, K. Jankaew, P. Kanjanapayont", "year": "2007", "referenceId": 6617, "publicationType": 4, "event": "2004 Indian Ocean Earthquake & Tsunami", "geologicAgeId": 15, "yearBegin": 2004, "yearEnd": 2004, "locationName": "Phang-nga Province, southwestern Thailand", "country": "THAILAND", "bodyOfWater": "Indian Ocean", "description": "erosion and deposition", "publish": true, "ageDescription": "December 26, 2004", "numTsunamiEvents": 0}}, {"type": "Feature", "id": "2810", "geometry": {"type": "Point", "coordinates": [154.0, 46.3]}, "properties": {"id": 2810, "author": "MacInnes, Breanyn T., Tatiana K. Pinegina, Joanne Bourgeois, Nadezhda G. Razhigaeva, Victor M. Kaistrenko and Ekaterina A. Kravchunovskaya", "year": "2009", "referenceId": 5139, "publicationType": 4, "event": "2006 Kuril Islands Earthquake & Tsunami", "geologicAgeId": 15, "yearBegin": 2006, "yearEnd": 2006, "locationName": "Kuril Islands", "country": "RUSSIA", "bodyOfWater": "Pacific Ocean", "description": "field survey", "publish": true, "ageDescription": "2006", "numTsunamiEvents": 0}}, {"type": "Feature", "id": "2811", "geometry": {"type": "Point", "coordinates": [22.443, 38.419]}, "properties": {"id": 2811, "author": "Kortekaas, S., G.A. Papadopoulos, A. Ganas, A.B. Cundy, and A. Diakantoni", "year": "2011", "referenceId": 9475, "publicationType": 4, "event": "Field observations", "geologicAgeId": 15, "locationName": "Kirra, Gulf of Corinth, Central Greece", "country": "GREECE", "bodyOfWater": "Mediterranean Sea", "description": "geological identification", "publish": true, "ageDescription": "Historic", "numTsunamiEvents": 0}}, {"type": "Feature", "id": "2812", "geometry": {"type": "Point", "coordinates": [59.53, 22.57]}, "properties": {"id": 2812, "author": "Pilarczyk, Jessica Erin", "year": "2011", "referenceId": 9477, "publicationType": 6, "event": "Overwash indicators", "geologicAgeId": 15, "locationName": "Oman and British Virgin Islands", "country": "OMAN", "bodyOfWater": "Indian Ocean", "description": "taphonomic data", "publish": true, "ageDescription": "Historic", "numTsunamiEvents": 0}}, {"type": "Feature", "id": "2813", "geometry": {"type": "Point", "coordinates": [92.7, 11.7]}, "properties": {"id": 2813, "author": "Srisutam, Chanchai", "year": "2009", "referenceId": 9479, "publicationType": 6, "event": "2004 Indian Ocean Earthquake & Tsunami", "geologicAgeId": 15, "yearBegin": 2004, "yearEnd": 2004, "locationName": "Andaman coast, Thailand", "country": "THAILAND", "bodyOfWater": "Indian Ocean", "description": "deposit characteristics", "publish": true, "ageDescription": "December 26, 2004", "numTsunamiEvents": 0}}, {"type": "Feature", "id": "2814", "geometry": {"type": "Point", "coordinates": [15.21, 37.2]}, "properties": {"id": 2814, "author": "Smedile, A., P.M. De Martini, D. Pantosti, L. Bellucci, P. Del Carlo, L. Gasperini, C. Pirrotta, A. Polonia, E. Boschi", "year": "2011", "referenceId": 9272, "publicationType": 4, "event": "Sedimentary records", "geologicAgeId": 15, "locationName": "Augusta Bay, Sicily", "country": "ITALY", "bodyOfWater": "Mediterranean Sea", "description": "foraminifera", "publish": true, "ageDescription": "4500 BP", "numTsunamiEvents": 0}}, {"type": "Feature", "id": "2815", "geometry": {"type": "Point", "coordinates": [92.7, 11.7]}, "properties": {"id": 2815, "author": "Phantuwongraj, Sumet  and Montri Choowong", "year": "2011", "referenceId": 9266, "publicationType": 4, "event": "Storm versus tsunami - washover deposit", "geologicAgeId": 15, "yearBegin": 2004, "yearEnd": 2004, "locationName": "Andaman coast, Thailand", "country": "THAILAND", "bodyOfWater": "Indian Ocean", "description": "deposit comparison to storm flows", "publish": true, "ageDescription": "December 26, 2004", "numTsunamiEvents": 0}}, {"type": "Feature", "id": "2816", "geometry": {"type": "Point", "coordinates": [20.862, 38.791]}, "properties": {"id": 2816, "author": "Vott, A., F. Lang, H. Br\u00fcckner, K. Gaki-Papanastassiou, H. Maroukian, D. Papanastassiou, A. Giannikos, H. Hadler, M. Handl, K. Ntageretzis, T. Willersh\u00e4user and A. Zander", "year": "2011", "referenceId": 9244, "publicationType": 4, "event": "Tsunamiites", "geologicAgeId": 15, "locationName": "Bay of Palairos-Pogonia, northwest Greece", "country": "GREECE", "bodyOfWater": "Mediterranean Sea", "description": "vibracores", "publish": true, "ageDescription": "Holocene", "numTsunamiEvents": 0}}, {"type": "Feature", "id": "2819", "geometry": {"type": "Point", "coordinates": [-5.0, 67.0]}, "properties": {"id": 2819, "author": "Paull, C.K., W. Ussler III, W.S. Holbrook, T.M. Hill, H. Haflidison, W. Winters, T. Lorenson, I. Aiello, J. Johnson, and E. Lundsten", "year": "2010", "referenceId": 9483, "publicationType": 4, "event": "Storegga landslide", "geologicAgeId": 15, "locationName": "Storegga offshore Norway, Shetland Islands", "country": "NORWAY", "bodyOfWater": "Atlantic Ocean", "description": "Norwegian basin deposits", "publish": true, "ageDescription": "Late Quaternary", "numTsunamiEvents": 0}}, {"type": "Feature", "id": "2820", "geometry": {"type": "Point", "coordinates": [133.65, 33.55]}, "properties": {"id": 2820, "author": "Komatsubara, Junko and Osamu Fujiwara", "year": "2007", "referenceId": 5136, "publicationType": 4, "event": "Storm versus tsunami", "geologicAgeId": 15, "locationName": "Nankai, Suruga and Sagami Troughs, southwest Japan", "country": "JAPAN", "bodyOfWater": "Pacific Ocean", "description": "historical deposit summary", "publish": true, "ageDescription": "Holocene", "numTsunamiEvents": 0}}, {"type": "Feature", "id": "2821", "geometry": {"type": "Point", "coordinates": [-125.847, 49.759]}, "properties": {"id": 2821, "author": "Evans, Stephen G.", "year": "1989", "referenceId": 9458, "publicationType": 4, "event": "Earthquake landslide and tsunami", "geologicAgeId": 15, "yearBegin": 1946, "yearEnd": 1946, "locationName": "Landslide Lake, Vancouver Island, British Columbia, Canada", "country": "CANADA", "bodyOfWater": "Inland waterway", "description": "displacement wave", "environment": "Lake", "publish": true, "ageDescription": "Historic", "numTsunamiEvents": 0}}, {"type": "Feature", "id": "2822", "geometry": {"type": "Point", "coordinates": [-7.5, 37.0]}, "properties": {"id": 2822, "author": "Rodriguez-Ramirez, A., and C.M. Yanez-Camacho", "year": "2008", "referenceId": 5214, "publicationType": 4, "event": "Chenier plain geomorphology", "geologicAgeId": 15, "locationName": "Donana National Park, Spain (southwest)", "country": "SPAIN", "bodyOfWater": "Atlantic Ocean", "description": "sand and shell deposits", "environment": "estuary", "publish": true, "ageDescription": "Upper Holocene", "numTsunamiEvents": 0}}, {"type": "Feature", "id": "2823", "geometry": {"type": "Point", "coordinates": [98.415, 8.69]}, "properties": {"id": 2823, "author": "Hawkes, Andrea Dawn", "year": "2008", "referenceId": 5228, "publicationType": 6, "event": "Tsunami sedimentation", "geologicAgeId": 15, "yearBegin": 1700, "yearEnd": 2004, "locationName": "Malay-Thai Peninsulas; Oregon, USA", "country": "THAILAND", "bodyOfWater": "Indian Ocean", "description": "foraminifera analysis of sediment characterization", "publish": true, "ageDescription": "Historic", "numTsunamiEvents": 0}}, {"type": "Feature", "id": "2824", "geometry": {"type": "Point", "coordinates": [-123.5, 44.4]}, "properties": {"id": 2824, "author": "Nelson, A R; Sawai, Y; Jennings, A E; Bradley, L A; Gerson, L; Sherrod, B L; Sabean, J; Horton, B P", "year": "2008", "referenceId": 5239, "publicationType": 4, "event": "Sand sheets", "geologicAgeId": 15, "yearBegin": 1700, "yearEnd": 2008, "locationName": "Alsea Bay, Oregon, USA", "country": "USA", "bodyOfWater": "Pacific Ocean", "description": "paleogeodesy", "publish": true, "ageDescription": "Holocene", "numTsunamiEvents": 0}}, {"type": "Feature", "id": "2825", "geometry": {"type": "Point", "coordinates": [161.73, 54.92]}, "properties": {"id": 2825, "author": "Martin, M. Elizabeth, Robert Weiss, Joanne Bourgeois, Tatiana K. Pinegina, Heidi Houston, and Vasily V. Titov", "year": "2008", "referenceId": 4851, "publicationType": 4, "event": "Sedimentary records", "geologicAgeId": 15, "yearBegin": 1969, "yearEnd": 1971, "locationName": "Kamchatka Peninsula, Russia", "country": "RUSSIA", "bodyOfWater": "Pacific Ocean", "description": "deposits from the 1969 Ozernoi and 1971 Kamchatskii tsunamis", "publish": true, "ageDescription": "Holocene", "numTsunamiEvents": 0}}, {"type": "Feature", "id": "2826", "geometry": {"type": "Point", "coordinates": [-115.0, 38.0]}, "properties": {"id": 2826, "author": "Pinto, Jesus A; Warme, John E", "year": "2008", "referenceId": 5263, "publicationType": 4, "event": "Alamo Impact Event", "geologicAgeId": 5, "locationName": "Tempiute Mountain, Nevada, USA", "country": "USA", "bodyOfWater": "Epicontinental Sea", "description": "various breccia realms", "publish": true, "ageDescription": "Late Devonian", "numTsunamiEvents": 0}}, {"type": "Feature", "id": "2827", "geometry": {"type": "Point", "coordinates": [-123.95, 45.883]}, "properties": {"id": 2827, "author": "Witter, R.C.", "year": "2008", "referenceId": 6479, "publicationType": 5, "event": "Cascadia Earthquake", "geologicAgeId": 15, "locationName": "Cannon Beach, Oregon, USA", "country": "USA", "bodyOfWater": "Pacific Ocean", "description": "sand deposits left by Cascadia tsunamis that inundated the lower Ecola Creek valley in Cannon Beach over the last 2,000 years", "publish": true, "numTsunamiEvents": 0}}, {"type": "Feature", "id": "2828", "geometry": {"type": "Point", "coordinates": [98.25, 8.8]}, "properties": {"id": 2828, "author": "Kokocinski, M.; Szczucinski, W.; Zgrundo, A.; Ibragimow, A.", "year": "2009", "referenceId": 5157, "publicationType": 4, "event": "2004 Indian Ocean Earthquake & Tsunami", "geologicAgeId": 15, "yearBegin": 2004, "yearEnd": 2004, "locationName": "Andaman coast, Thailand", "country": "THAILAND", "bodyOfWater": "Indian Ocean", "description": "diatoms", "publish": true, "ageDescription": "December 26, 2004", "numTsunamiEvents": 0}}, {"type": "Feature", "id": "2829", "geometry": {"type": "Point", "coordinates": [98.25, 8.8]}, "properties": {"id": 2829, "author": "Kozak, L., and P. Niedzielski", "year": "2009", "referenceId": 5156, "publicationType": 4, "event": "2004 Indian Ocean Earthquake & Tsunami", "geologicAgeId": 15, "yearBegin": 2004, "yearEnd": 2004, "locationName": "Andaman coast, Thailand", "country": "THAILAND", "bodyOfWater": "Indian Ocean", "description": "arsenic in marine sediments", "publish": true, "ageDescription": "December 26, 2004", "numTsunamiEvents": 0}}, {"type": "Feature", "id": "2830", "geometry": {"type": "Point", "coordinates": [92.85, 9.11]}, "properties": {"id": 2830, "author": "Malik, Javed N., C.V.R. Murty, Durgesh C. Rai", "year": "2006", "referenceId": 4214, "publicationType": 4, "event": "2004 Indian Ocean Earthquake & Tsunami", "geologicAgeId": 15, "yearBegin": 2004, "yearEnd": 2004, "locationName": "Nicobar and Andaman Islands, Bay of Bengal", "country": "INDIA", "bodyOfWater": "Indian Ocean", "description": "coastal morphology changes", "environment": "Beach", "publish": true, "ageDescription": "December 26, 2004", "numTsunamiEvents": 0}}, {"type": "Feature", "id": "2831", "geometry": {"type": "Point", "coordinates": [-2.12, 37.12]}, "properties": {"id": 2831, "author": "Puga-Bernab\u00e9u, \u00c1ngel, Jose M. Mart\u00edn, Juan C. Braga", "year": "2007", "referenceId": 9526, "publicationType": 4, "event": "Tsunamiites", "geologicAgeId": 14, "locationName": "Sorbas Basin, Almeria, SE Spain", "country": "SPAIN", "bodyOfWater": "Mediterranean Sea", "publish": true, "numTsunamiEvents": 0}}, {"type": "Feature", "id": "2832", "geometry": {"type": "Point", "coordinates": [98.33, 7.98]}, "properties": {"id": 2832, "author": "Matsutomi, H., T. Hiraishi, T. Takahashi, M. Matsuyama, K. Harada, S. Nakusakul, S. Supartid, W. Kanbua, C. Siwabowon, S. Phetdee, W. Janchoowong, S. Suttiwanakul, M. Srivichai, K. Satake, Y. Okamura, M. Shishikura, K. Fujima", "year": "2005", "referenceId": 1306, "publicationType": 5, "event": "2004 Indian Ocean Earthquake & Tsunami", "geologicAgeId": 15, "yearBegin": 2004, "yearEnd": 2004, "locationName": "Phuket", "country": "THAILAND", "bodyOfWater": "Indian Ocean", "description": "inundation field survey", "publish": true, "ageDescription": "December 26, 2004", "numTsunamiEvents": 0}}, {"type": "Feature", "id": "2833", "geometry": {"type": "Point", "coordinates": [79.842, 10.788]}, "properties": {"id": 2833, "author": "Nagendra, R., B.V. Kamalak Kannan, C. Sajith, Gargi Sen, A.N. Reddy, and S. Srinivasalu", "year": "2005", "referenceId": 3169, "publicationType": 4, "event": "2004 Indian Ocean Earthquake & Tsunami", "geologicAgeId": 15, "yearBegin": 2004, "yearEnd": 2004, "locationName": "Nagapattinam, Tamil Nadu", "country": "INDIA", "bodyOfWater": "Indian Ocean", "description": "benthic foraminifera, inundation sediments", "publish": true, "ageDescription": "December 26, 2004", "numTsunamiEvents": 0}}, {"type": "Feature", "id": "2834", "geometry": {"type": "Point", "coordinates": [73.0, 3.2]}, "properties": {"id": 2834, "author": "Osamu Isao, Takasi Tomita, Kazuhiko Honda, Naomiti trust Oka, Minoru Hanzawa, Hiroyuki Fujii, Hideo Motoya, Time lower Sadao, Hiro Masa Tatsumi", "year": "2005", "referenceId": 1308, "publicationType": 5, "event": "2004 Indian Ocean Earthquake & Tsunami", "geologicAgeId": 15, "yearBegin": 2004, "yearEnd": 2004, "locationName": "Maldives", "country": "MALDIVES", "bodyOfWater": "Indian Ocean", "description": "inundation field survey", "publish": true, "ageDescription": "December 26, 2004", "numTsunamiEvents": 0}}, {"type": "Feature", "id": "2835", "geometry": {"type": "Point", "coordinates": [73.0, 3.2]}, "properties": {"id": 2835, "author": "Papadopoulos, G.A., Caputo, R., McAdoo, B., Pavlides, S., Karastathis, V., Fokaefs, A., Orfanogiannaki, K., and Valkaniotis, S.", "year": "2006", "referenceId": 2057, "publicationType": 4, "event": "2004 Indian Ocean Earthquake & Tsunami", "geologicAgeId": 15, "yearBegin": 2004, "yearEnd": 2004, "locationName": "Maldives, Sri Lanka, and Thailand", "country": "MALDIVES", "bodyOfWater": "Indian Ocean", "description": "field survey", "publish": true, "ageDescription": "December 26, 2004", "numTsunamiEvents": 0}}, {"type": "Feature", "id": "2836", "geometry": {"type": "Point", "coordinates": [95.2, 5.56]}, "properties": {"id": 2836, "author": "Paris, R., F. Lavigne, P. Wassmer and J. Sartohadi", "year": "2007", "referenceId": 4103, "publicationType": 4, "event": "2004 Indian Ocean Earthquake & Tsunami", "geologicAgeId": 15, "yearBegin": 2004, "yearEnd": 2004, "locationName": "Lhok Nga, Banda Aceh, Sumatra (western), Indonesia", "country": "INDONESIA", "bodyOfWater": "Indian Ocean", "description": "grain-size analysis; coastal sedimentation", "publish": true, "ageDescription": "December 26, 2004", "numTsunamiEvents": 0}}, {"type": "Feature", "id": "2837", "geometry": {"type": "Point", "coordinates": [98.0, 14.0]}, "properties": {"id": 2837, "author": "Satake, Kenji, Than Tin Aung, Yuki Sawai, Yukinobu Okamura, Kyaw Soe Win, Win Swe, Chit Swe, Tint Lwin Swe, Soe Thura Tun, Maung Maung Soe, Thant Zin Oo, and Saw Htwe Zaw", "year": "2006", "referenceId": 2058, "publicationType": 4, "event": "2004 Indian Ocean Earthquake & Tsunami", "geologicAgeId": 15, "yearBegin": 2004, "yearEnd": 2004, "locationName": "Myanmar coast: Dawei, Ayeyarwaddy, Myeik, Kawthaung", "country": "MYANMAR", "bodyOfWater": "Indian Ocean", "description": "field survey", "publish": true, "ageDescription": "December 26, 2004", "numTsunamiEvents": 0}}, {"type": "Feature", "id": "2838", "geometry": {"type": "Point", "coordinates": [98.4, 9.13]}, "properties": {"id": 2838, "author": "Szczucinski, Witold, Przemyslaw Niedzielski, Lidia Kozak, Marcin Frankowski, Anetta Ziola, and Stanislaw Lorenc", "year": "2007", "referenceId": 4816, "publicationType": 4, "event": "2004 Indian Ocean Earthquake & Tsunami", "geologicAgeId": 15, "yearBegin": 2004, "yearEnd": 2004, "locationName": "Patong Bay, Nam Khem, Bang Mor, Phang Nga, Thailand", "country": "THAILAND", "bodyOfWater": "Indian Ocean", "description": "contamination and mobilization of coastal deposits", "publish": true, "ageDescription": "December 26, 2004", "numTsunamiEvents": 0}}, {"type": "Feature", "id": "2839", "geometry": {"type": "Point", "coordinates": [95.0, 5.0]}, "properties": {"id": 2839, "author": "Yalciner, Ahmet C., Dogan Perincek, Sukru Ersoy, Gegar S. Presateya, Rahman Hidayat, Brian McAdoo", "year": "2005", "referenceId": 2025, "publicationType": 4, "event": "2004 Indian Ocean Earthquake & Tsunami", "geologicAgeId": 15, "yearBegin": 2004, "yearEnd": 2004, "locationName": "Sumatra (north), Meulaboh, Simeulue Island, Medan, Indonesia", "country": "INDONESIA", "bodyOfWater": "Indian Ocean", "description": "field survey", "publish": true, "ageDescription": "December 26, 2004", "numTsunamiEvents": 0}}, {"type": "Feature", "id": "2840", "geometry": {"type": "Point", "coordinates": [98.39, 9.13]}, "properties": {"id": 2840, "author": "Yawsangratt, S.; Szczucinski, W.; Chaimanee, N.; Jagodzinski, R.; Lorenc, S.; Chatprasert, S.; Saisuttichai, D.; Tepsuwan, T.", "year": "2009", "referenceId": 5151, "publicationType": 4, "event": "2004 Indian Ocean Earthquake & Tsunami", "geologicAgeId": 15, "yearBegin": 2004, "yearEnd": 2004, "locationName": "Phang-nga Province, southwestern Thailand", "country": "THAILAND", "bodyOfWater": "Indian Ocean", "description": "boulders and sandy deposits", "publish": true, "ageDescription": "December 26, 2004", "numTsunamiEvents": 0}}, {"type": "Feature", "id": "2841", "geometry": {"type": "Point", "coordinates": [-125.91, 49.188]}, "properties": {"id": 2841, "author": "Lopez, Gloria I.", "year": "2012", "referenceId": 9570, "publicationType": 4, "event": "Paleotsunami", "geologicAgeId": 15, "locationName": "Kakawis Lake, Vancouver Island, British Columbia, Canada", "country": "CANADA", "bodyOfWater": "Pacific Ocean", "description": "six possible events", "publish": true, "ageDescription": "Holocene", "numTsunamiEvents": 0}}, {"type": "Feature", "id": "2842", "geometry": {"type": "Point", "coordinates": [92.7, 11.7]}, "properties": {"id": 2842, "author": "Szczucinski, Witold", "year": "2012", "referenceId": 9571, "publicationType": 4, "event": "2004 Indian Ocean Earthquake & Tsunami", "geologicAgeId": 15, "yearBegin": 2004, "yearEnd": 2004, "locationName": "Andaman coast, Thailand", "country": "THAILAND", "bodyOfWater": "Indian Ocean", "description": "post-depositional changes", "environment": "Coastal", "publish": true, "ageDescription": "December 26, 2004", "numTsunamiEvents": 0}}, {"type": "Feature", "id": "2843", "geometry": {"type": "Point", "coordinates": [113.155, -26.151]}, "properties": {"id": 2843, "author": "Prendergast, A.L. and N. Brown", "year": "2012", "referenceId": 9572, "publicationType": 4, "event": "2006 Java, Indonesia Earthquake & Tsunami", "geologicAgeId": 15, "yearBegin": 2006, "yearEnd": 2006, "locationName": "Steep Point, western Australia", "country": "AUSTRALIA", "bodyOfWater": "Indian Ocean", "description": "far-field impact", "publish": true, "ageDescription": "July 2006", "numTsunamiEvents": 0}}, {"type": "Feature", "id": "2844", "geometry": {"type": "Point", "coordinates": [-85.0, 30.0]}, "properties": {"id": 2844, "author": "Otvos, Ervin G.", "year": "2011", "referenceId": 9573, "publicationType": 4, "event": "Storm versus tsunami", "geologicAgeId": 15, "locationName": "Gulf of Mexico (northeast)", "country": "USA", "bodyOfWater": "Atlantic Ocean", "description": "hurricane versus tsunami deposits", "publish": true, "ageDescription": "Historic / Geologic", "numTsunamiEvents": 0}}, {"type": "Feature", "id": "2846", "geometry": {"type": "Point", "coordinates": [138.73, 42.126]}, "properties": {"id": 2846, "author": "Ikehara, Ken and Kazuko Usami", "year": "2007", "referenceId": 9581, "publicationType": 4, "event": "1993 SW Hokkaido Earthquake & Tsunami", "geologicAgeId": 15, "locationName": "Okushiri Basin and Shiribeshi Trough, Japan Sea", "country": "JAPAN", "bodyOfWater": "Pacific Ocean", "description": "seismo-turbidites; deep sea deposits", "publish": true, "ageDescription": "July 12, 1993", "numTsunamiEvents": 0}}, {"type": "Feature", "id": "2847", "geometry": {"type": "Point", "coordinates": [59.53, 22.57]}, "properties": {"id": 2847, "author": "Pilarczyk, J.E., E.G. Reinhardt, J.I. Boyce, H.P. Schwarcz, and S.V. Donato", "year": "2011", "referenceId": 9589, "publicationType": 4, "event": "Overwash indicators", "geologicAgeId": 15, "locationName": "Sur Lagoon", "country": "OMAN", "bodyOfWater": "Indian Ocean", "description": "foraminifera", "environment": "Lagoon, estuarine", "publish": true, "ageDescription": "Holocene", "numTsunamiEvents": 0}}, {"type": "Feature", "id": "2850", "geometry": {"type": "Point", "coordinates": [-0.75, 61.8]}, "properties": {"id": 2850, "author": "Dawson, A., S. Bondevik and J.T. Teller", "year": "2011", "referenceId": 9593, "publicationType": 4, "event": "Storegga landslide", "geologicAgeId": 15, "locationName": "Coasts of Scotland, Norway, Shetland Islands", "country": "NONE", "bodyOfWater": "North Sea & Atlantic", "description": "reinterpretation of the age of tsunami deposits", "publish": true, "ageDescription": "Holocene", "numTsunamiEvents": 0}}, {"type": "Feature", "id": "2854", "geometry": {"type": "Point", "coordinates": [78.16, 8.86]}, "properties": {"id": 2854, "author": "Singarasubramanian, S.R., M.V. Mukesh, K. Manoharan, P. Seralathan, K. Sujatha, D. Bakkiaraj", "year": "2009", "referenceId": 9689, "publicationType": 4, "event": "2004 Indian Ocean Earthquake & Tsunami", "geologicAgeId": 15, "yearBegin": 2004, "yearEnd": 2004, "locationName": "Vellar river and the M.G.R. island, Cuddalore District, Tamil Nadu, India", "country": "INDIA", "bodyOfWater": "Indian Ocean", "publish": true, "ageDescription": "December 26, 2004", "numTsunamiEvents": 0}}, {"type": "Feature", "id": "2858", "geometry": {"type": "Point", "coordinates": [140.0, 35.0]}, "properties": {"id": 2858, "author": "Fujiwara, Osamu and Takanobu Kamataki", "year": "2007", "referenceId": 4015, "publicationType": 4, "event": "Tsunami waveforms", "geologicAgeId": 15, "locationName": "Boso Peninsula, Central Japan", "country": "JAPAN", "bodyOfWater": "Pacific Ocean", "publish": true, "ageDescription": "Holocene", "numTsunamiEvents": 0}}, {"type": "Feature", "id": "2860", "geometry": {"type": "Point", "coordinates": [-124.5, 41.0]}, "properties": {"id": 2860, "author": "Valentine, David W., Edward A. Keller, Gary Carver, Wen&#8208;Hao Li, Christine Manhart, Alexander R. Simms", "year": "2012", "referenceId": 9909, "publicationType": 4, "event": "Cascadia Earthquake", "geologicAgeId": 15, "yearBegin": 100, "yearEnd": 1700, "locationName": "Northwestern California", "country": "USA", "bodyOfWater": "Pacific Ocean", "publish": true, "ageDescription": "Quaternary", "numTsunamiEvents": 0}}, {"type": "Feature", "id": "2904", "geometry": {"type": "Point", "coordinates": [-90.221, -0.695]}, "properties": {"id": 2904, "author": "Reb\u00ealo, L., Costas, S., Brito, P., Ferraz, M., Prud\u00eancio, M.I. and Burbidge, C.", "year": "2013", "referenceId": 10552, "publicationType": 4, "event": "1755 Lisbon Earthquake & Tsunami", "geologicAgeId": 15, "yearBegin": 1755, "yearEnd": 1755, "locationName": "Tr\u00f3ia Peninsula", "country": "PORTUGAL", "bodyOfWater": "Atlantic Ocean", "publish": true, "numTsunamiEvents": 0}}, {"type": "Feature", "id": "2905", "geometry": {"type": "Point", "coordinates": [-90.221, -0.695]}, "properties": {"id": 2905, "author": "Arcos, Maria Elizabeth Martin,  Breanyn Tiel MacInnes, Patricia Arreaga, Frances Rivera-Hernandez, Robert Weiss, Patrick Lynett", "year": "2013", "referenceId": 10610, "publicationType": 4, "event": "2011 Japan Earthquake and Tsunami", "geologicAgeId": 15, "yearBegin": 2011, "yearEnd": 2011, "locationName": "Gal\u00e1pagos Islands", "country": "ECUADOR", "bodyOfWater": "Pacific Ocean", "publish": true, "ageDescription": "March 11, 2011", "numTsunamiEvents": 0}}, {"type": "Feature", "id": "2906", "geometry": {"type": "Point", "coordinates": [34.935, 32.711]}, "properties": {"id": 2906, "author": "Pareschi, Maria Teresa, Enzo Boschi, Massimiliano Favalli", "year": "2007", "referenceId": 10853, "publicationType": 4, "event": "Collapse of Mt. Etna volcano (Italy)", "geologicAgeId": 15, "locationName": "Neolithic village of Atlit-Yam (Israeli coast)", "country": "ISRAEL", "bodyOfWater": "Mediterranean Sea", "description": "Tsunami triggered by a known Holocene flank collapse of Mt. Etna volcano (Italy)", "publish": true, "ageDescription": "8.3 ka BP", "numTsunamiEvents": 0}}, {"type": "Feature", "id": "2908", "geometry": {"type": "Point", "coordinates": [-155.73, 20.2]}, "properties": {"id": 2908, "author": "Chague-Goff, C., Goff, J., Nichol, S.L., Dudley, W., Zawadzki, A., Bennett, J.W., Mooney, S.D., Fierro, D., Heijnis, H., Dominey-Howes, D., Courtney, C.", "year": "2012", "referenceId": 9875, "publicationType": 4, "event": "1946 and 1957 Aleutian Islands tsunamis", "geologicAgeId": 15, "yearBegin": 1946, "yearEnd": 1957, "locationName": "Polol&#363; wetland, Hawaii", "country": "USA", "bodyOfWater": "Pacific Ocean", "description": "two sand layers buried in Polol&#363; wetland, on the northeast coast of Hawai'i,", "publish": true, "ageDescription": "1946, 1957", "numTsunamiEvents": 0}}, {"type": "Feature", "id": "2918", "geometry": {"type": "Point", "coordinates": [121.5, 25.0]}, "properties": {"id": 2918, "author": "Yu, Neng-Ti, Jiun-Yee Yen,Wen-Shan Chen, I-Chin Yen, Jin-Hsing Liu", "year": "2016", "referenceId": 11505, "publicationType": 4, "event": "Tsunami deposits", "geologicAgeId": 15, "yearBegin": 1694, "yearEnd": 1867, "locationName": "Jinshan coastal plain, northern Taiwan", "country": "TAIWAN", "bodyOfWater": "Pacific Ocean", "publish": true, "ageDescription": "1694, 1867", "numTsunamiEvents": 0}}, {"type": "Feature", "id": "2919", "geometry": {"type": "Point", "coordinates": [-159.42, 21.888]}, "properties": {"id": 2919, "author": "Butler, Rhett, David Burney, David Walsh", "year": "2014", "referenceId": 11124, "publicationType": 4, "event": "Tsunami deposits", "geologicAgeId": 15, "yearBegin": 1425, "yearEnd": 1665, "locationName": "Makauwahi sinkhole, Kauai (south coast), Hawaii", "country": "USA", "bodyOfWater": "Pacific Ocean", "publish": true, "ageDescription": "1425 to 1665", "numTsunamiEvents": 0}}, {"type": "Feature", "id": "2921", "geometry": {"type": "Point", "coordinates": [153.2, 48.1]}, "properties": {"id": 2921, "author": "MacInnes, B.; Kravchunovskaya, E.; Pinegina, T.; Bourgeois, J.", "year": "2016", "referenceId": 11529, "publicationType": 4, "geologicAgeId": 15, "yearBegin": -1300, "yearEnd": 2007, "locationName": "Kuril Islands", "country": "RUSSIA", "bodyOfWater": "Pacific Ocean", "publish": true, "numTsunamiEvents": 0}}, {"type": "Feature", "id": "2923", "geometry": {"type": "Point", "coordinates": [-73.9, -42.6]}, "properties": {"id": 2923, "author": "Kempf, P., J. Moernaut, M. Van Daele, F. Vermassen, W. Vandoorne, M. Pino, R. Urrut\u00eda, S. Schmidt, E. Garrett, M. De Batist", "year": "2015", "referenceId": 11609, "publicationType": 4, "event": "1960 Chile Earthquake & Tsunami", "geologicAgeId": 15, "yearBegin": 1960, "yearEnd": 1960, "locationName": "Isla de Chilo\u00e9, south central Chile", "country": "CHILE", "bodyOfWater": "Pacific Ocean", "publish": true, "numTsunamiEvents": 0}}, {"type": "Feature", "id": "2925", "geometry": {"type": "Point", "coordinates": [-16.7, 65.0]}, "properties": {"id": 2925, "author": "Gylfad\u00f3ttir, S. S., Kim, J., Helgason, J. K., Brynj\u00f3lfsson, S., H\u00f6skuldsson, \u00c1., J\u00f3hannesson, T., Harbitz, C. B. and L\u00f8vholt, F.", "year": "2017", "referenceId": 11780, "publicationType": 4, "event": "Lake landslide", "geologicAgeId": 15, "yearBegin": 2014, "yearEnd": 2014, "locationName": "ICELAND: LAKE ASKJA", "country": "ICELAND", "description": "A large rockslide was released from the inner Askja caldera into Lake Askja, Iceland on 21 July 2014.", "environment": "LAKE", "publish": true, "numTsunamiEvents": 0}}, {"type": "Feature", "id": "2926", "geometry": {"type": "Point", "coordinates": [-74.11, -42.59]}, "properties": {"id": 2926, "author": "Kempf, P., Moernaut, J., Van Daele, M., Vandoorne, W., Pino, M., Urrutia, R., & De Batist, M", "year": "2017", "referenceId": 11781, "publicationType": 4, "event": "Tsunami deposits", "geologicAgeId": 15, "yearBegin": -3500, "yearEnd": 1960, "locationName": "CHILE: LAKE HUELDE", "country": "CHILE", "bodyOfWater": "Pacific Ocean", "description": "Long sediment cores from 8 core sites within Lake Huelde reveal 16 additional sandy layers in the 5500 year long record.", "publish": true, "ageDescription": "Holocene", "numTsunamiEvents": 0}}, {"type": "Feature", "id": "2927", "geometry": {"type": "Point", "coordinates": [-52.076, 68.615]}, "properties": {"id": 2927, "author": "Long, Antony J., Witold Szczucinski, Thomas Lawrence", "year": "2015", "referenceId": 11806, "publicationType": 4, "event": "Iceberg generated tsunami", "geologicAgeId": 15, "locationName": "Innaarsuit Lake, Disko Bugt, Baffin Bay", "country": "GREENLAND", "bodyOfWater": "Arctic Ocean", "description": "sedimentological evidence for a tsunami from a coastal lake generated by a rolling iceberg", "publish": true, "ageDescription": "6000 BP", "numTsunamiEvents": 0}}, {"type": "Feature", "id": "2928", "geometry": {"type": "Point", "coordinates": [-53.01, 70.08]}, "properties": {"id": 2928, "author": "Buchwal, Agata, Witold Szczucinski, Mateusz C. Strzelecki, Antony J. Long", "year": "2015", "referenceId": 11807, "publicationType": 4, "event": "Paatuut Landslide tsunami", "geologicAgeId": 15, "yearBegin": 2000, "yearEnd": 2000, "locationName": "Qullissat, Disko Island, Vaigat Strait, Disko Bugt, Baffin Bay", "country": "GREENLAND", "bodyOfWater": "Arctic Ocean", "description": "demonstrates the potential for dendrochronological methods to act as a precise tool for the dating of Arctic paleotsunamis", "publish": true, "ageDescription": "November 21, 2000", "numTsunamiEvents": 0}}, {"type": "Feature", "id": "2929", "geometry": {"type": "Point", "coordinates": [-16.0, 28.0]}, "properties": {"id": 2929, "author": "Paris, R., Bravo, J. J. C., Gonzalez, M. E. M., Kelfoun, K., & Nauret, F.", "year": "2017", "referenceId": 11816, "publicationType": 4, "event": "Volcanogenic tsunami", "geologicAgeId": 15, "locationName": "Canary Islands", "country": "SPAIN", "bodyOfWater": "Atlantic Ocean", "description": "Analyses of the tsunami deposits demonstrate that two main tsunamis impacted the coasts of Tenerife 170 kyr ago", "publish": true, "ageDescription": "Upper Pleistocene", "numTsunamiEvents": 0}}, {"type": "Feature", "id": "2930", "geometry": {"type": "Point", "coordinates": [-124.0, 49.0]}, "properties": {"id": 2930, "author": "George R. Priest, Robert C. Witter, Yinglong J. Zhang, Chris Goldfinger, Kelin Wang, Jonathan C. Allan", "year": "2017", "referenceId": 11845, "event": "Cascadia Earthquakes", "geologicAgeId": 15, "locationName": "Cascadia", "country": "USA", "bodyOfWater": "Pacific Ocean", "publish": true, "ageDescription": "Upper Holocene", "numTsunamiEvents": 0}}, {"type": "Feature", "id": "2932", "geometry": {"type": "Point", "coordinates": [116.3, -8.7]}, "properties": {"id": 2932, "author": "Zaim, Yahdi, Yan Rizal, I. Nyoman Sukanta, Suci Dewi Anugrah, Agus Tri Hascaryo, Indra Gunawan, Tatok Yatimantoro, Purnomo Hawati, and Wahyu Dwijo Santoso", "year": "2017", "referenceId": 11860, "publicationType": 4, "geologicAgeId": 15, "yearBegin": 1865, "yearEnd": 1992, "locationName": "Lombok Island", "country": "INDONESIA", "bodyOfWater": "Indian Ocean", "publish": true, "numTsunamiEvents": 0}}, {"type": "Feature", "id": "2933", "geometry": {"type": "Point", "coordinates": [145.0, 42.0]}, "properties": {"id": 2933, "author": "Kawakami, G., Nishina, K., Kase, Y., Tajika, J., Hayashi, K., Hirose, W., Sagayama, T., Watanabe, T., Ishimaru, S., Koshimizu, K.I. and Takahashi, R", "year": "2017", "referenceId": 11862, "publicationType": 4, "geologicAgeId": 15, "yearBegin": 1100, "yearEnd": 1993, "locationName": "Hokkaido, Japan", "country": "JAPAN", "bodyOfWater": "Pacific Ocean", "publish": true, "numTsunamiEvents": 0}}, {"type": "Feature", "id": "2934", "geometry": {"type": "Point", "coordinates": [-8.333, 37.083]}, "properties": {"id": 2934, "author": "Sandra Moreira, Pedro J.M. Costa, C\u00e9sar Andrade, Cristina Ponte Lira, Maria Concei\u00e7\u00e3o Freitas, Maria Alexandra Oliveira, Gert-Jan Reichart,", "year": "2017", "referenceId": 11879, "publicationType": 4, "event": "1755 Lisbon Earthquake & Tsunami", "geologicAgeId": 15, "yearBegin": 1755, "yearEnd": 1755, "country": "PORTUGAL", "bodyOfWater": "Atlantic Ocean", "publish": true, "ageDescription": "1755", "numTsunamiEvents": 0}}, {"type": "Feature", "id": "2937", "geometry": {"type": "Point", "coordinates": [-77.93, 53.75]}, "properties": {"id": 2937, "author": "Lefebvre, Guy, Peter Rosenberg, Jean Paquette, and J. G. Lavall\u00e9e", "year": "1991", "referenceId": 11929, "publicationType": 4, "event": "05 September 1987", "geologicAgeId": 15, "yearBegin": 1987, "yearEnd": 1987, "locationName": "La Grande River, James Bay, Quebec", "country": "CANADA", "description": "A large portion of the opposite bank was devastated to an elevation of 14 m above the river level by the slide-related waves.", "environment": "River", "publish": true, "numTsunamiEvents": 0}}, {"type": "Feature", "id": "2942", "geometry": {"type": "Point", "coordinates": [134.0, 43.0]}, "properties": {"id": 2942, "author": "Ganzey, L.A., N. G. Razjigaeva, Yu. Nishimura, T. A. Grebennikova, A. O. Gorbunov, V. M. Kaistrenko, Yu. A. NaumovI, I. Lebedev", "year": "2017", "referenceId": 11937, "publicationType": 4, "event": "1993 SW Hokkaido and 1983 Japan Sea Earthquake (mags. 7.7, 7.8)", "geologicAgeId": 15, "yearBegin": 1983, "yearEnd": 1993, "locationName": "Primorye, Russia", "country": "RUSSIA", "bodyOfWater": "Pacific Ocean", "description": "marine diatoms", "environment": "Bay", "publish": true, "numTsunamiEvents": 0}}, {"type": "Feature", "id": "2943", "geometry": {"type": "Point", "coordinates": [-64.9, 18.35]}, "properties": {"id": 2943, "author": "Fuentes, Zamara, Martitia P. Tuttle, Wilford E. Schmidt", "year": "2017", "referenceId": 11979, "publicationType": 4, "event": "Washover deposit", "geologicAgeId": 15, "yearBegin": 1200, "yearEnd": 1867, "locationName": "St. Thomas, U.S. Virgin Islands", "country": "USA TERRITORY", "bodyOfWater": "Caribbean Sea", "description": "Unusual overwash deposits may be related to the 1867 tsunami, the 1755 tsunami triggered, a tsunami between A.D. 1200 and 1450.", "environment": "coastal ponds", "publish": true, "ageDescription": "Holocene", "numTsunamiEvents": 0}}, {"type": "Feature", "id": "2945", "geometry": {"type": "Point", "coordinates": [-93.7, 15.9]}, "properties": {"id": 2945, "author": "Ram\u00edrez-Herrera, Mar\u00eda Teresa, N\u00e9stor Corona, Angel Ruiz-Angulo, Diego Melgar, and Jorge Zavala-Hidalgo.", "year": "2018", "referenceId": 11983, "publicationType": 4, "event": "2017 Chiapas Earthquake and Tsunami", "geologicAgeId": 15, "yearBegin": 2017, "yearEnd": 2017, "locationName": "Chiapas", "country": "MEXICO", "bodyOfWater": "Pacific Ocean", "description": "field survey", "publish": true, "ageDescription": "Holocene", "numTsunamiEvents": 0}}, {"type": "Feature", "id": "2947", "geometry": {"type": "Point", "coordinates": [-141.3, 60.08]}, "properties": {"id": 2947, "author": "Dufresne, A., Geertsema, M., Shugar, D.H., Koppes, M., Higman, B., Haeussler, P.J., Stark, C., Venditti, J.G., Bonno, D., Larsen, C. and Gulick, S.P.S.", "year": "2018", "referenceId": 12007, "publicationType": 4, "event": "Landslide tsunami", "geologicAgeId": 15, "yearBegin": 2015, "yearEnd": 2015, "locationName": "Icy Bay, Alaska, USA", "country": "USA", "bodyOfWater": "Pacific Ocean", "description": "17 October 2015, a landslide occurred at the terminus of Tyndall Glacier in Taan Fiord, southeastern Alaska", "environment": "fiord", "publish": true, "numTsunamiEvents": 0}}, {"type": "Feature", "id": "2948", "geometry": {"type": "Point", "coordinates": [34.55, 31.66]}, "properties": {"id": 2948, "author": "Hoffmann, N., D. Master, and B. Goodman-Tchernov", "year": "2017", "referenceId": 12040, "publicationType": 4, "geologicAgeId": 15, "locationName": "Ashkelon, Israel", "country": "ISRAEL", "bodyOfWater": "Mediterranean Sea", "description": "it is possible that the deposits support the arrival of an undocumented tsunami at Ashkelon some time following the 4\u00965th century BCE", "environment": "eroding coastal sections", "publish": true, "ageDescription": "4\u00965th century BP", "numTsunamiEvents": 0}}, {"type": "Feature", "id": "2949", "geometry": {"type": "Point", "coordinates": [-5.61, 36.03]}, "properties": {"id": 2949, "author": "Falvard, Simon, Raphael Paris", "year": "2017", "referenceId": 11760, "publicationType": 4, "event": "1755 Lisbon Earthquake & Tsunami", "geologicAgeId": 15, "yearBegin": 1755, "yearEnd": 1755, "locationName": "Andalusia, Spain", "country": "SPAIN", "bodyOfWater": "Atlantic Ocean", "description": "X-ray computed microtomography of a historical tsunami deposit in Andalusia, Spain", "publish": true, "ageDescription": "1755", "numTsunamiEvents": 0}}, {"type": "Feature", "id": "2950", "geometry": {"type": "Point", "coordinates": [159.5, 54.0]}, "properties": {"id": 2950, "author": "Falvard, Simon, Rapha\u00ebl Paris, Marina Belousova, Alexander Belousov, Thomas Giachetti, and St\u00e9phanie Cuven", "year": "2017", "referenceId": 12041, "publicationType": 4, "event": "1996 Karymsky Eruption & Tsunami", "geologicAgeId": 15, "yearBegin": 1996, "yearEnd": 1996, "locationName": "Karymskoye Lake, Kamchatka", "country": "RUSSIA", "bodyOfWater": "Pacific Ocean", "description": "X-CT of tsunami sediments to identify heavy minerals and characterise their source and spatial distribution and propose coupled eruption and tsunamis", "publish": true, "numTsunamiEvents": 0}}, {"type": "Feature", "id": "2951", "geometry": {"type": "Point", "coordinates": [-73.9, -42.6]}, "properties": {"id": 2951, "author": "Cisternas, M., E. Garrett, R. Wesson, T. Dura, and L. L. Ely", "year": "2017", "referenceId": 12042, "publicationType": 4, "event": "1960 Chile Earthquake & Tsunami", "geologicAgeId": 15, "yearBegin": 898, "yearEnd": 1960, "locationName": "Isla de Chilo\u00e9, south central Chile", "country": "CHILE", "bodyOfWater": "Pacific Ocean", "description": "record reveals significant variability in size and recurrence of megathrust earthquakes and ensuing tsunamis", "environment": "outcrop", "publish": true, "numTsunamiEvents": 0}}, {"type": "Feature", "id": "2954", "geometry": {"type": "Point", "coordinates": [-155.0, 19.7]}, "properties": {"id": 2954, "author": "Chague, Catherine, Daisuke Sugawara, Kazuhisa Goto, James Goff, Walter Dudley, and Patricia Gadd", "year": "2018", "referenceId": 12064, "publicationType": 4, "event": "Sediment transport", "geologicAgeId": 15, "yearBegin": 1946, "yearEnd": 1960, "locationName": "Hilo, Hawaii", "country": "USA", "bodyOfWater": "Pacific Ocean", "description": "collecting cores, performing sedimentological, chronological and geochemical analyses; and, sediment transport modelling", "publish": true, "ageDescription": "1946 and 1960", "numTsunamiEvents": 0}}, {"type": "Feature", "id": "2955", "geometry": {"type": "Point", "coordinates": [178.0, -18.9]}, "properties": {"id": 2955, "author": "Lau, AY Annie, James P. Terry, Alan Ziegler, Arti Pratap, and Daniel Harris", "year": "2018", "referenceId": 12065, "publicationType": 4, "event": "1953 Suva Earthquake & Tsunami", "geologicAgeId": 15, "yearBegin": 1953, "yearEnd": 1953, "locationName": "Suva, Fiji", "country": "FIJI", "bodyOfWater": "Pacific Ocean", "description": "boulder deposits, storm versus tsunami", "publish": true, "ageDescription": "1953", "numTsunamiEvents": 0}}, {"type": "Feature", "id": "2956", "geometry": {"type": "Point", "coordinates": [159.0, 53.0]}, "properties": {"id": 2956, "author": "Pinegina, Tatiana K., Lilya I. Bazanova, Egor A. Zelenin, Joanne Bourgeois, Andrey I. Kozhurin, Igor P. Medvedev, and Danil S. Vydrin", "year": "2018", "referenceId": 12126, "publicationType": 4, "event": "Tsunamis", "geologicAgeId": 15, "yearBegin": -2400, "yearEnd": 1952, "locationName": "Kamchatka Peninsula, Russia (Avachinsky Bay)", "country": "RUSSIA", "bodyOfWater": "Pacific Ocean", "description": "Study of tsunami deposits on the Avachinsky Bay coast, Kurile-Kamchatka island arc, NW Pacific", "publish": true, "ageDescription": "Holocene", "numTsunamiEvents": 0}}, {"type": "Feature", "id": "2957", "geometry": {"type": "Point", "coordinates": [131.85, 43.0]}, "properties": {"id": 2957, "author": "Razjigaeva, N. G., L. A. Ganzey, T. A. Grebennikova, Kh A. Arslanov, E. D. Ivanova, K. S. Ganzey, and A. A. Kharlamov", "year": "2018", "referenceId": 12127, "publicationType": 4, "event": "Tsunamis", "geologicAgeId": 15, "yearBegin": 1341, "yearEnd": 1993, "locationName": "Russky Island", "country": "RUSSIA", "bodyOfWater": "Pacific Ocean", "description": "Data evidencing tsunamis on Russky Island over the last 700 years.", "publish": true, "ageDescription": "1983, 1993 and 7 other tsunamis", "numTsunamiEvents": 0}}, {"type": "Feature", "id": "2959", "geometry": {"type": "Point", "coordinates": [141.82, 40.1]}, "properties": {"id": 2959, "author": "Inoue, Taiga, Kazuhisa Goto, Yuichi Nishimura, Masashi Watanabe, Yasutaka Iijima, and Daisuke Sugawara", "year": "2017", "referenceId": 12136, "publicationType": 4, "event": "Tsunami deposits", "geologicAgeId": 15, "locationName": "Iwate Prefecture, Japan", "country": "JAPAN", "bodyOfWater": "Pacific Ocean", "description": "Four large tsunamis struck the Noda site between 1100 and 2700 cal BP", "publish": true, "numTsunamiEvents": 0}}, {"type": "Feature", "id": "2960", "geometry": {"type": "Point", "coordinates": [-49.0, -24.0]}, "properties": {"id": 2960, "author": "Tohver, Eric, Martin Schmieder, Cris Lana, Pedro ST Mendes, Fred Jourdan, Lucas Warren, and Claudio Riccomini", "year": "2018", "referenceId": 12138, "publicationType": 4, "event": "Araguainha impact", "geologicAgeId": 8, "locationName": "Parana Basin, Brazil", "country": "BRAZIL", "bodyOfWater": "Tethys", "description": "Catastrophic event created one of the world\u0092s most extensive seismite-tsunamite couplets", "environment": "basin", "publish": true, "numTsunamiEvents": 0}}, {"type": "Feature", "id": "2961", "geometry": {"type": "Point", "coordinates": [-9.42, 38.98]}, "properties": {"id": 2961, "author": "Oliveira, Maria Alexandra Soares Gomes Cardoso", "year": "2017", "referenceId": 12148, "publicationType": 6, "event": "Storm versus tsunami", "geologicAgeId": 15, "yearBegin": 1500, "yearEnd": 1761, "locationName": "North or Ericeira, Portugal", "country": "PORTUGAL", "bodyOfWater": "Atlantic Ocean", "description": "1600 boulders sitting on a structural platform and low cliffs at 2-13 m above msl", "environment": "rocky sand-starved geomorphological context", "publish": true, "numTsunamiEvents": 0}}, {"type": "Feature", "id": "2963", "geometry": {"type": "Point", "coordinates": [175.0, -44.0]}, "properties": {"id": 2963, "author": "Goff, J., K. Goto, C. Chague, M. Watanabe, P. S. Gadd, and D. N. King", "year": "2018", "referenceId": 12200, "publicationType": 4, "event": "Unknown Chilean event", "geologicAgeId": 15, "locationName": "Chatham Island, New Zealand", "country": "NEW ZEALAND", "bodyOfWater": "Pacific Ocean", "description": "Boulder scatter at Okawa Point, Chatham Island, New Zealand", "environment": "island", "publish": true, "ageDescription": "Holocene", "numTsunamiEvents": 0}}, {"type": "Feature", "id": "2964", "geometry": {"type": "Point", "coordinates": [-61.0, 14.7]}, "properties": {"id": 2964, "author": "Clouard, Valerie, Jean Roger, and Emmanuel Moizan.", "year": "2017", "referenceId": 12203, "publicationType": 4, "event": "1755 Lisbon Earthquake & Tsunami", "geologicAgeId": 15, "country": "MARTINIQUE", "bodyOfWater": "Atlantic Ocean", "description": "tsunami deposit", "publish": true, "ageDescription": "1755", "numTsunamiEvents": 0}}, {"type": "Feature", "id": "2965", "geometry": {"type": "Point", "coordinates": [-123.9, 45.4]}, "properties": {"id": 2965, "author": "Minor, Rick, and Curt D. Peterson", "year": "2017", "referenceId": 12213, "publicationType": 4, "event": "Cascadia Earthquakes", "geologicAgeId": 15, "locationName": "Oregon coast (north), USA", "country": "USA", "bodyOfWater": "Pacific Ocean", "description": "paleotsunami deposits", "publish": true, "ageDescription": "Last 1300 years", "numTsunamiEvents": 0}}, {"type": "Feature", "id": "2966", "geometry": {"type": "Point", "coordinates": [172.9, -43.63]}, "properties": {"id": 2966, "author": "Williams, S., Zhang, T., Chague, C., Williams, J., Goff, J., Lane, E.M., Bind, J., Qasim, I., Thomas, K.L., Mueller, C. and Hampton, S.", "year": "2018", "referenceId": 12232, "publicationType": 4, "geologicAgeId": 15, "yearBegin": 2016, "yearEnd": 2016, "locationName": "Banks Peninsula, New Zealand", "country": "NEW ZEALAND", "bodyOfWater": "Pacific Ocean", "description": "sedimentary and geochemical signatures", "environment": "bay", "publish": true, "numTsunamiEvents": 0}}, {"type": "Feature", "id": "2967", "geometry": {"type": "Point", "coordinates": [124.2, 24.4]}, "properties": {"id": 2967, "author": "Kitamura, A., M. Ito, S. Sakai, Y. Yokoyama, and Y. Miyairi", "year": "2018", "referenceId": 12282, "publicationType": 4, "event": "1771 Meiwa Earthquake & Tsunami", "geologicAgeId": 15, "locationName": "Ishigaki Island", "country": "JAPAN", "bodyOfWater": "Pacific Ocean", "description": "Tsunami deposits identi&#64257;ed. The youngest tsunami deposit caused by Meiwa tsunami", "publish": true, "numTsunamiEvents": 0}}, {"type": "Feature", "id": "2968", "geometry": {"type": "Point", "coordinates": [-73.5, -38.35]}, "properties": {"id": 2968, "author": "Nentwig, Vanessa, Heinrich Bahlburg, Ewa Gorecka, Barbara Huber, Piero Bellanova, Andrzej Witkowski, and Alfonso Encinas", "year": "2018", "referenceId": 12283, "publicationType": 4, "event": "6 tsunamis impacting Chile", "geologicAgeId": 15, "yearBegin": 400, "yearEnd": 2010, "locationName": "Tirua", "country": "CHILE", "bodyOfWater": "Pacific Ocean", "description": "2 m thick floodplain profile contains 6 layers of sandy tsunami deposits representing six different tsunami events", "environment": "river floodplain", "publish": true, "numTsunamiEvents": 0}}, {"type": "Feature", "id": "2969", "geometry": {"type": "Point", "coordinates": [-166.2, 53.77]}, "properties": {"id": 2969, "author": "Witter, Robert C., Gary A. Carver, Richard W. Briggs, Guy Gelfenbaum, Richard D. Koehler, SeanPaul La Selle, Adrian M. Bender, Simon E. Engelhart, Eileen Hemphill-Haley, and Troy D. Hill", "year": "2016", "referenceId": 11493, "publicationType": 4, "event": "1957 Aleutian Islands tsunami", "geologicAgeId": 15, "yearBegin": 1957, "yearEnd": 1957, "locationName": "Sedanka Island, Alaska", "country": "USA", "bodyOfWater": "Pacific Ocean", "description": "evidence for large tsunamis includes six sand sheets", "publish": true, "ageDescription": "1957", "numTsunamiEvents": 0}}, {"type": "Feature", "id": "2972", "geometry": {"type": "Point", "coordinates": [-70.0, 21.0]}, "properties": {"id": 2972, "author": "Prizomwala, S. P., Drasti Gandhi, Nilesh Bhatt, Wilfried Winkler, M. Ravi Kumar, Nisarg Makwana, and Nishith Bhatt", "year": "2018", "referenceId": 12295, "publicationType": 4, "event": "1008 Earthquake & Tsunami", "geologicAgeId": 15, "yearBegin": 1008, "yearEnd": 1008, "locationName": "Kachchh coast, Gujarat Province, northwest India", "country": "INDIA", "bodyOfWater": "Indian Ocean", "description": "geological evidence of the 1008 AD tsunami", "environment": "supratidal environment", "publish": true, "numTsunamiEvents": 0}}, {"type": "Feature", "id": "2973", "geometry": {"type": "Point", "coordinates": [-75.75, 10.16]}, "properties": {"id": 2973, "author": "Puerres, L. Y., G. Bernal, M. Brenner, S. Restrepo, and W. F. Kenney", "year": "2018", "referenceId": 12305, "publicationType": 4, "event": "Storm versus tsunami", "geologicAgeId": 15, "locationName": "El Rosario Archipelago", "country": "COLOMBIA", "bodyOfWater": "Caribbean Sea", "description": "High-energy events in the Caribbean Sea", "publish": true, "numTsunamiEvents": 0}}, {"type": "Feature", "id": "2974", "geometry": {"type": "Point", "coordinates": [117.1, 23.4]}, "properties": {"id": 2974, "author": "Yang, Wenqing, Liguang Sun, Zhongkang Yang, Shu Gao, Yuesong Gao, Da Shao, Yanjun Mei, Jingjing Zang, Yuhong Wang, and Zhouqing Xie", "year": "2018", "referenceId": 12326, "publicationType": 1, "event": "1076 South China Sea Tsunami", "geologicAgeId": 15, "locationName": "Nan\u0092ao Island, Guangdong Province", "country": "CHINA", "bodyOfWater": "Pacific Ocean", "description": "sedimentary and biological evidences indicating a tsunami occurred in the South China Sea", "environment": "Coastal", "publish": true, "ageDescription": "Last 1500 years", "numTsunamiEvents": 0}}, {"type": "Feature", "id": "2976", "geometry": {"type": "Point", "coordinates": [-6.15, 35.2]}, "properties": {"id": 2976, "author": "Belkhayat, Z., N. Mhammdi, A. Trakadas, L. Huff, and F. Medina", "year": "2018", "referenceId": 12339, "publicationType": 1, "event": "1755 Lisbon Earthquake & Tsunami", "geologicAgeId": 15, "yearBegin": 1755, "yearEnd": 1755, "locationName": "Larache, Morocco", "country": "MOROCCO", "bodyOfWater": "Atlantic Ocean", "description": "Sedimentological analysis of the first meter of 5 cores taken in Loukkos estuary", "environment": "estuary", "publish": true, "ageDescription": "1755", "numTsunamiEvents": 0}}, {"type": "Feature", "id": "2978", "geometry": {"type": "Point", "coordinates": [24.33, 35.35]}, "properties": {"id": 2978, "author": "Werner, V., K. Baika, A. Tzigounaki, K. Reicherter, I. Papanikolaou, K. Emde, P. Fischer, and A. Vott", "year": "2018", "referenceId": 12354, "publicationType": 4, "event": "Sedimentary records", "geologicAgeId": 15, "yearBegin": -1650, "yearEnd": 365, "locationName": "Pirgos, Crete (north)", "country": "GREECE", "bodyOfWater": "Mediterranean Sea", "description": "Identified one layer as a reliable candidate for the LBA Santorini tsunami. Another layer is most probably associated with the AD 365 tsunami.", "environment": "lagoonal environment", "publish": true, "ageDescription": "Quaternary/Holocene", "numTsunamiEvents": 0}}, {"type": "Feature", "id": "2979", "geometry": {"type": "Point", "coordinates": [15.0, 38.0]}, "properties": {"id": 2979, "author": "Rosi, M., S. T. Levi, M. Pistolesi, A. Bertagnini, D. Brunelli, V. Cannav\u00f2, A. Di Renzoni, F. Ferranti, A. Renzulli, and D. Yoon. ", "year": "2019", "referenceId": 12370, "publicationType": 4, "event": "Archaeological record", "geologicAgeId": 15, "yearBegin": 1343, "locationName": "Stromboli , Italy", "country": "ITALY", "bodyOfWater": "Mediterranean Sea", "description": "discovery of three well-preserved tsunami deposits related to repeated fank collapses of Stromboli occurred during the Late Middle Ages", "publish": true, "numTsunamiEvents": 0}}, {"type": "Feature", "id": "2980", "geometry": {"type": "Point", "coordinates": [-166.8, 53.8]}, "properties": {"id": 2980, "author": "Witter, Rob, Rich Briggs, Simon E. Engelhart, Guy Gelfenbaum, Rich D. Koehler, Alan Nelson, SeanPaul La Selle, Reide Corbett, and Kristi Wallace.", "year": "2018", "referenceId": 12389, "publicationType": 4, "event": "1957 Aleutian Islands tsunami", "geologicAgeId": 15, "yearEnd": 1957, "locationName": "Aleutian Islands, Alaska", "country": "USA", "bodyOfWater": "Pacific Ocean", "description": "Evidence at Driftwood Bay, Umnak Is, includes eight sheets of landward-fining, normally-graded marine sand.", "publish": true, "ageDescription": "1957", "numTsunamiEvents": 0}}, {"type": "Feature", "id": "2981", "geometry": {"type": "Point", "coordinates": [21.6, 37.5]}, "properties": {"id": 2981, "author": "Obrocki, L., Vott, A., Wilken, D., Fischer, P., Willershauser, T., Koster, B., Lang, F., Papanikolaou, I., Rabbel, W. and Reicherter, K.", "year": "2018", "referenceId": 12408, "publicationType": 4, "event": "Tsunami sedimentation", "geologicAgeId": 15, "yearBegin": 551, "yearEnd": 1303, "locationName": "Kaiafa Lagoon, Greece", "country": "GREECE", "bodyOfWater": "Mediterranean Sea", "description": "sedimentary signatures of two young tsunami impacts", "environment": "lagoon", "publish": true, "numTsunamiEvents": 0}}, {"type": "Feature", "id": "2982", "geometry": {"type": "Point", "coordinates": [150.0, -36.0]}, "properties": {"id": 2982, "author": "Bryant, E. A., and R. W. Young", "year": "2017", "referenceId": 12420, "publicationType": 2, "event": "Tsunami deposits", "geologicAgeId": 15, "locationName": "Australia (southeast coast)", "country": "AUSTRALIA", "bodyOfWater": "Pacific Ocean", "description": "Tura mega-tsunami event documented from bedrock erosion and deposits on SE coast of Australia is not related to tsunami events in Hawaii ca 105 ka", "environment": "coastal", "publish": true, "ageDescription": "1500", "numTsunamiEvents": 0}}, {"type": "Feature", "id": "2983", "geometry": {"type": "Point", "coordinates": [-70.95, -27.25]}, "properties": {"id": 2983, "author": "Abad, M., Izquierdo, T., Caceres, M., Bernardez, E. and Rodriguez\u2010Vidal, J.", "year": "2020", "referenceId": 12422, "publicationType": 4, "event": "Boulders", "geologicAgeId": 15, "yearBegin": 1200, "yearEnd": 1600, "locationName": "Atacama Desert coast (northern Chile)", "country": "CHILE", "bodyOfWater": "Pacific Ocean", "description": "The boulder field was dated to between the 13th and the 16th Centuries CE and possibly correlates with the 1420 Oei orphan tsunami", "environment": "desert", "publish": true, "ageDescription": "Late Holocene", "numTsunamiEvents": 0}}, {"type": "Feature", "id": "2985", "geometry": {"type": "Point", "coordinates": [119.84, -0.178]}, "properties": {"id": 2985, "author": "Putra, Purna Sulastya, Aswan Aswan, Khoiril Anwar Maryunani, Eko Yulianto, and Widjo Kongko", "year": "2019", "referenceId": 12476, "publicationType": 4, "event": "Landslide tsunami", "geologicAgeId": 15, "yearBegin": 2018, "yearEnd": 2018, "locationName": "Palu Bay, Central Sulawesi", "country": "INDONESIA", "bodyOfWater": "Pacific Ocean", "description": "The tsunami deposits are thin with simple sedimentary structures such as fining upward sequences", "environment": "Bay", "publish": true, "ageDescription": "2018", "numTsunamiEvents": 0}}, {"type": "Feature", "id": "2987", "geometry": {"type": "Point", "coordinates": [104.9, 19.2]}, "properties": {"id": 2987, "author": "Cao, D.T.,  Le, V.D., Mai, X.B., Pham, N.H., Cao, D.T., Thai, A.T., Phan, T.Q., Pham, T.H., Nguyen, D.C.", "year": "2018", "referenceId": 12504, "publicationType": 4, "event": "Paleotsunami", "geologicAgeId": 15, "locationName": "Nghe An province, Vietnam", "country": "VIETNAM", "bodyOfWater": "Pacific Ocean", "description": "results suggest three tsunami events occurred in the past during the periods of 4,500 \u0096 4,300; 4,100 \u0096 3,900 and 900 - 600 yrs.", "environment": "characterized by appearances of fields of arca granosa with placura placenta and hills of placura placenta with arca granosa", "publish": true, "ageDescription": "Middle Holocene", "numTsunamiEvents": 0}}, {"type": "Feature", "id": "2989", "geometry": {"type": "Point", "coordinates": [15.21, 37.2]}, "properties": {"id": 2989, "author": "Smedile, A., Molisso, F., Chague, C., Iorio, M., De Martini, P.M., Pinzi, S., Collins, P.E., Sagnotti, L. and Pantosti, D.", "year": "2019", "referenceId": 12509, "publicationType": 4, "geologicAgeId": 15, "yearBegin": 1542, "yearEnd": 1693, "locationName": "Augusta Bay, Sicily", "country": "ITALY", "bodyOfWater": "Mediterranean Sea", "description": "Deposits attributed to two distinct historical tsunamis (AD 1542 and AD 1693)", "publish": true, "ageDescription": "Holocene", "numTsunamiEvents": 0}}, {"type": "Feature", "id": "2990", "geometry": {"type": "Point", "coordinates": [-157.88, 21.556]}, "properties": {"id": 2990, "author": "Bellanova, P., Frenken, M., Richmond, B., Schwarzbauer, J., La Selle, S., Griswold, F., Jaffe, B., Nelson, A. and Reicherter, K.", "year": "2019", "referenceId": 12510, "publicationType": 4, "event": "Tsunami deposits", "geologicAgeId": 15, "locationName": "Kahana Valley, Oahu, Hawaii", "country": "USA", "bodyOfWater": "Pacific Ocean", "description": "Use of anthropogenic based organic geochemical compounds as a means to identify tsunami deposits", "publish": true, "ageDescription": "Holocene", "numTsunamiEvents": 0}}, {"type": "Feature", "id": "2991", "geometry": {"type": "Point", "coordinates": [141.985, 39.755]}, "properties": {"id": 2991, "author": "Goto, T., Satake, K., Sugai, T., Ishibe, T., Harada, T. and Gusman, A.R.", "year": "2019", "referenceId": 12525, "publicationType": 4, "event": "Earthquake", "geologicAgeId": 15, "yearBegin": 869, "yearEnd": 2011, "locationName": "Taro Otobeno, Miyako City, Iwate Prefecture", "country": "JAPAN", "bodyOfWater": "Pacific Ocean", "description": "Six event layers are tsunami deposits.", "environment": "Marsh", "publish": true, "ageDescription": "Holocene", "numTsunamiEvents": 0}}, {"type": "Feature", "id": "2992", "geometry": {"type": "Point", "coordinates": [176.7, -39.5]}, "properties": {"id": 2992, "author": "Donaldson, G., Goff, J., Chague, C., Gadd, P. and Fierro, D", "year": "2019", "referenceId": 12535, "publicationType": 4, "event": "Hawkes Bay Tsunami", "geologicAgeId": 15, "yearBegin": 1931, "yearEnd": 1931, "locationName": "Hawke's Bay, New Zealand", "country": "NEW ZEALAND", "bodyOfWater": "Pacific Ocean", "description": "gravel layer within the sedimentary sequence", "environment": "close to river mouth", "publish": true, "ageDescription": "Holocene", "numTsunamiEvents": 0}}, {"type": "Feature", "id": "2994", "geometry": {"type": "Point", "coordinates": [119.6, 23.5]}, "properties": {"id": 2994, "author": "Lu, C.H., Yen, J.Y., Chyi, S.J., Yu, N.T. and Chen, J.H.", "year": "2019", "referenceId": 12539, "publicationType": 4, "event": "Tsunami deposits", "geologicAgeId": 15, "yearBegin": 300, "yearEnd": 1600, "locationName": "Penghu Islands, Taiwan", "country": "TAIWAN", "bodyOfWater": "Pacific Ocean", "description": "three tsunamis likely occurred in the periods from the 4th to 6th, 11th to 12th, and 15th to 16th centuries", "publish": true, "ageDescription": "Upper Holocene", "numTsunamiEvents": 0}}, {"type": "Feature", "id": "2995", "geometry": {"type": "Point", "coordinates": [142.0, 39.43]}, "properties": {"id": 2995, "author": "Ishimura, D. and Miyauchi, T.", "year": "2015", "referenceId": 12541, "publicationType": 4, "event": "Tsunami deposits", "geologicAgeId": 15, "yearBegin": 869, "yearEnd": 2011, "locationName": "Koyadori, Japan", "country": "JAPAN", "bodyOfWater": "Pacific Ocean", "description": "tsunami deposits, based on their sedimentary features and origin, sedimentary environment, paleo-shoreline, and landowner interviews", "environment": "Marsh", "publish": true, "ageDescription": "Holocene", "numTsunamiEvents": 0}}, {"type": "Feature", "id": "2997", "geometry": {"type": "Point", "coordinates": [98.2, 8.7]}, "properties": {"id": 2997, "author": "Sakuna, D., Szczucinski, W., Feldens, P., Schwarzer, K. and Khokiattiwong, S.", "year": "2012", "referenceId": 12627, "publicationType": 4, "event": "2004 Indian Ocean Earthquake & Tsunami", "geologicAgeId": 15, "yearBegin": 2004, "yearEnd": 2004, "locationName": "Khao Lak", "country": "THAILAND", "bodyOfWater": "Indian Ocean", "description": "Sediment cores retrieved from shallow water as well as onshore samples", "publish": true, "ageDescription": "December 26, 2004", "numTsunamiEvents": 0}}, {"type": "Feature", "id": "2998", "geometry": {"type": "Point", "coordinates": [140.83, 35.74]}, "properties": {"id": 2998, "author": "Yanagisawa, H., Goto, K., Sugawara, D., Kanamaru, K., Iwamoto, N. and Takamori, Y.", "year": "2016", "referenceId": 12646, "publicationType": 4, "event": "1677 Japan Trench Tsunami", "geologicAgeId": 15, "yearBegin": 1677, "yearEnd": 1677, "locationName": "Choshi, Chiba", "country": "JAPAN", "bodyOfWater": "Pacific Ocean", "description": "tsunami deposits in a small pond at 11 m elevation were probably formed by the 1677 event", "environment": "pond", "publish": true, "numTsunamiEvents": 0}}, {"type": "Feature", "id": "2999", "geometry": {"type": "Point", "coordinates": [15.1, 37.33]}, "properties": {"id": 2999, "author": "De Martini, P. M., Barbano, M. S., Pantosti, D., Smedile, A., Pirrotta, C., Del Carlo, P., & Pinzi, S.", "year": "2012", "referenceId": 12647, "publicationType": 4, "event": "Paleotsunami", "geologicAgeId": 15, "yearBegin": -3600, "yearEnd": 1783, "locationName": "eastern Sicily", "country": "ITALY", "bodyOfWater": "Mediterranean Sea", "description": "The geological data record traces of large tsunamis which have occurred during the past 4 millennia", "publish": true, "numTsunamiEvents": 0}}, {"type": "Feature", "id": "3000", "geometry": {"type": "Point", "coordinates": [150.0, -36.0]}, "properties": {"id": 3000, "author": "Courtney, Claire, Dale Dominey-Howes, James Goff, Catherine Chague-Goff, Adam D. Switzer, Bruce McFadgen", "year": "2012", "referenceId": 10654, "publicationType": 4, "event": "Paleotsunami", "geologicAgeId": 15, "locationName": "Australia (southeast coast)", "country": "AUSTRALIA", "bodyOfWater": "Pacific Ocean", "description": "A synthesis of research into the nature of the evidence is offered, including critiques of evidence type and mechanisms.", "publish": true, "numTsunamiEvents": 0}}, {"type": "Feature", "id": "3002", "geometry": {"type": "Point", "coordinates": [140.9, 38.2]}, "properties": {"id": 3002, "author": "Abe, T., Goto, K., & Sugawara, D.", "year": "2012", "referenceId": 12658, "publicationType": 4, "event": "2011 Japan Earthquake and Tsunami", "geologicAgeId": 15, "yearBegin": 2011, "yearEnd": 2011, "locationName": "Sendai Plain, Ishinomaki Plain", "country": "JAPAN", "bodyOfWater": "Pacific Ocean", "description": "Seven shore-normal transects along the Sendai Coastal Plain", "environment": "coastal plain", "publish": true, "ageDescription": "2011", "numTsunamiEvents": 0}}, {"type": "Feature", "id": "3003", "geometry": {"type": "Point", "coordinates": [-5.6, 36.05]}, "properties": {"id": 3003, "author": "Cuven, Stephanie, Raphael Paris, Simon Falvard, Elisabeth Miot-Noirault, Mhammed Benbakkar, Jean-Luc Schneider, Isabelle Billy", "year": "2013", "referenceId": 10622, "publicationType": 4, "event": "1755 Lisbon Earthquake & Tsunami", "geologicAgeId": 15, "yearBegin": 1755, "yearEnd": 1755, "locationName": "Los Lances Bay, Andalusia", "country": "SPAIN", "bodyOfWater": "Atlantic Ocean", "description": "A multi-proxy approach using trench sediment analysis offers new means to interpret tsunami deposits", "environment": "coastal plain", "publish": true, "ageDescription": "1755", "numTsunamiEvents": 0}}, {"type": "Feature", "id": "3004", "geometry": {"type": "Point", "coordinates": [120.66, 40.63]}, "properties": {"id": 3004, "author": "Wang, Y.-N., Zhang, M.-S., Li, X.-B. and Yang, M.", "year": "2013", "referenceId": 10695, "publicationType": 4, "geologicAgeId": 1, "locationName": "Xingcheng area, Liaoning Province", "country": "CHINA", "bodyOfWater": "Pacific Ocean", "description": "The tsunami deposits are identified based on the analysis of the sedimentary facies.", "environment": "coastal area", "publish": true, "ageDescription": "Mesoproterozoic", "numTsunamiEvents": 0}}, {"type": "Feature", "id": "3005", "geometry": {"type": "Point", "coordinates": [98.28, 9.1]}, "properties": {"id": 3005, "author": "Jankaew, Kruawun, Maria E. Martin, Yuki Sawai, Amy L. Prendergast", "year": "2011", "referenceId": 10799, "publicationType": 4, "event": "2004 Indian Ocean Earthquake & Tsunami", "geologicAgeId": 15, "yearEnd": 2004, "locationName": "Phra Thong Island", "country": "THAILAND", "bodyOfWater": "Indian Ocean", "description": "Up to four paleotsunami sand layers were found on the island thus far. Pre-2004 deposits display up to 2 upward-sequences, but often show just one.", "environment": "Marshy swales of beach ridge plains", "publish": true, "numTsunamiEvents": 0}}, {"type": "Feature", "id": "3009", "geometry": {"type": "Point", "coordinates": [105.7, -6.5]}, "properties": {"id": 3009, "author": "Putra, P.S., Aswan, A., Maryunani, K.A., Yulianto, E., Nugroho, S.H. and Setiawan, V.,", "year": "2020", "referenceId": 12678, "publicationType": 4, "event": "2018 Anak Krakatau Tsunami", "geologicAgeId": 15, "yearBegin": 2018, "yearEnd": 2018, "locationName": "Tanjung Lesung, Banten Coast", "country": "INDONESIA", "bodyOfWater": "Indian Ocean", "description": "Field characteristics of the tsunami deposits", "publish": true, "numTsunamiEvents": 0}}, {"type": "Feature", "id": "3010", "geometry": {"type": "Point", "coordinates": [92.676, 11.51]}, "properties": {"id": 3010, "author": "Malik, J.N., Johnson, F.C., Khan, A., Sahoo, S., Irshad, R., Paul, D., Arora, S., Baghel, P.K. and Chopra, S.", "year": "2019", "referenceId": 12708, "publicationType": 4, "event": "Tsunami deposits", "geologicAgeId": 15, "yearBegin": -5600, "yearEnd": 2004, "locationName": "Badabalu, south coast Andaman", "country": "INDIA", "bodyOfWater": "Indian Ocean", "description": "geological signatures of at least seven tsunamis over the past 8000 years", "environment": "Beach ridge", "publish": true, "numTsunamiEvents": 0}}, {"type": "Feature", "id": "3012", "geometry": {"type": "Point", "coordinates": [-9.35, 39.177]}, "properties": {"id": 3012, "author": "Tudor, M., Ramos-Pereira, A., Costa, P.J.", "year": "2020", "referenceId": 12744, "publicationType": 4, "event": "1755 Lisbon Earthquake & Tsunami", "geologicAgeId": 15, "yearBegin": 1755, "yearEnd": 1755, "locationName": "Porto Novo (near mouth of Alcabrichel River)", "country": "PORTUGAL", "bodyOfWater": "Atlantic Ocean", "description": "Based on sedimentological data, three different tsunami inundation phases were identified", "environment": "Alluvial", "publish": true, "ageDescription": "1755", "numTsunamiEvents": 0}}, {"type": "Feature", "id": "3013", "geometry": {"type": "Point", "coordinates": [-42.63, -74.09]}, "properties": {"id": 3013, "author": "Kempf, P., Moernaut, J., Van Daele, M., Pino, M., Urrutia, R., and De Batist, M.", "year": "2020", "referenceId": 12759, "publicationType": 4, "event": "Tsunami deposits", "geologicAgeId": 15, "yearBegin": -800, "yearEnd": 1960, "locationName": "Lake Cucao, Chile", "country": "CHILE", "bodyOfWater": "Pacific Ocean", "description": "21 collected sediment cores dates this reflector to ~3800 years BP.", "environment": "coastal lake", "publish": true, "ageDescription": "Quaternary", "numTsunamiEvents": 0}}, {"type": "Feature", "id": "3014", "geometry": {"type": "Point", "coordinates": [25.4, 36.4]}, "properties": {"id": 3014, "author": "Ulvrova, M., Paris, R., Nomikou, P., Kelfoun, K., Leibrandt, S., Tappin, D.R. and McCoy, F.W.", "year": "2016", "referenceId": 12780, "publicationType": 4, "event": "Santorini Eruption & Tsunami", "geologicAgeId": 15, "yearBegin": 1650, "yearEnd": 1650, "locationName": "Santorini (Thera) Island, Greece", "country": "GREECE", "bodyOfWater": "Mediterranean Sea", "description": "tsunami deposits onshore", "environment": "Beach", "publish": true, "ageDescription": "1650", "numTsunamiEvents": 0}}, {"type": "Feature", "id": "3018", "geometry": {"type": "Point", "coordinates": [106.75, -7.35]}, "properties": {"id": 3018, "author": "Rizal, Y., Aswan, J.Z., Puspaningrum, M.R., Santoso, W.D. and Rochim, N.", "year": "2019", "referenceId": 12816, "publicationType": 4, "geologicAgeId": 14, "locationName": "Java, Indonesia (northwest)", "country": "INDONESIA", "bodyOfWater": "Indian Ocean", "description": "4 tsunami layers which were found as thin intercalationwithin the claystone layer of the Bentang Formation", "environment": "The lithological units studied in Tegal Buleud consist of claystones", "publish": true, "ageDescription": "Late Miocene", "numTsunamiEvents": 0}}, {"type": "Feature", "id": "3022", "geometry": {"type": "Point", "coordinates": [38.96, -5.436]}, "properties": {"id": 3022, "author": "Maselli, V., Oppo, D., Moore, A.L., Gusman, A.R., Mtelela, C., Iacopini, D., Taviani, M., Mjema, E., Mulaya, E., Che, M. and Tomioka, A.L.", "year": "2020", "referenceId": 12920, "publicationType": 4, "geologicAgeId": 15, "locationName": "Pangani Bay, Tanzania", "country": "TANZANIA", "bodyOfWater": "Indian Ocean", "description": "document a 1000-yr- old sand layer hosting archaeological remains of an ancient coastal Swahili settlement in Tanzania", "environment": "The field site is a 400-m-wide strip of estuarine and mangroveswamp deposits at the toe of the Bweni Escarpment, a carbonate structural high", "publish": true, "ageDescription": "1000-yr-old tsunami", "numTsunamiEvents": 0}}, {"type": "Feature", "id": "3023", "geometry": {"type": "Point", "coordinates": [34.085, 34.957]}, "properties": {"id": 3023, "author": "Evelpidou, N., Zerefos, C., Synolakis, C., Repapis, C., Karkani, A., Polidorou, M., and Saitis, G.", "year": "2020", "referenceId": 12932, "publicationType": 4, "event": "1303 Hellenic Arc tsunami", "geologicAgeId": 15, "yearBegin": 1303, "yearEnd": 1824, "locationName": "Cape Greco, Cyprus", "country": "CYPRUS", "bodyOfWater": "Mediterranean Sea", "description": "correlate with the 1303 AD tsunami and one other undocumented event.", "environment": "boulders are located on a rocky platform of Pleistocene calcarenite", "publish": true, "numTsunamiEvents": 0}}, {"type": "Feature", "id": "3024", "geometry": {"type": "Point", "coordinates": [30.0, -5.0]}, "properties": {"id": 3024, "author": "Kasanzu, C.H. and Manya, S.", "year": "2020", "referenceId": 12966, "publicationType": 4, "event": "Storm versus tsunami", "geologicAgeId": 1, "locationName": "Tanzania", "country": "TANZANIA", "bodyOfWater": "Indian Ocean", "description": "the Neoproterozoic Malagarasi basin provide information on the effects of tsunami or storm impacts in Precambrian basins of Tanzania", "environment": "weakly deformed clastic sedimentary sequences and lavas that appear to have been deposited in isolated basins", "publish": true, "numTsunamiEvents": 0}}, {"type": "Feature", "id": "3025", "geometry": {"type": "Point", "coordinates": [-98.22, 16.25]}, "properties": {"id": 3025, "author": "Ramirez-Herrera, M.T., Corona, N., Cerny, J., Castillo-Aja, R., Melgar, D., Lagos, M., Goguitchaichvili, A., Machain, M.L., Vazquez-Caamal, M.L., Ortuno, M. and Caballero, M.", "year": "2020", "referenceId": 12967, "publicationType": 4, "event": "1537 & 1787 Mexican subduction zone", "geologicAgeId": 15, "yearBegin": 1537, "yearEnd": 1787, "locationName": "Corralero, Oaxaca, Mexico", "country": "MEXICO", "bodyOfWater": "Pacific Ocean", "description": "First geologic evidence of great tsunamis near the trench of Mexican subduction zone", "environment": "lagoon", "publish": true, "numTsunamiEvents": 0}}, {"type": "Feature", "id": "3026", "geometry": {"type": "Point", "coordinates": [140.86, 35.71]}, "properties": {"id": 3026, "author": "Higaki, H., Goto, K., Yanagisawa, H., Sugawara, D. and Ishizawa, T.", "year": "2021", "referenceId": 12972, "publicationType": 4, "event": "Events in southern part of the Japan Trench", "geologicAgeId": 15, "yearBegin": 234, "yearEnd": 1677, "locationName": "Choshi, Chiba", "country": "JAPAN", "bodyOfWater": "Pacific Ocean", "description": "Three tsunami events occurring during the past 3000 years from sediment cores obtained at the Kobatake-ike pond", "environment": "Pond", "publish": true, "numTsunamiEvents": 0}}, {"type": "Feature", "id": "3028", "geometry": {"type": "Point", "coordinates": [138.33, 34.88]}, "properties": {"id": 3028, "author": "Kitamura, A., Yamada, K., Sugawara, D., Yokoyama, Y., Miyairi, Y., Hirakawa, M., Iwatsuki, D., Katagiri, S., Maeda, M., Mori, H. and Nakai, Y.", "year": "2020", "referenceId": 12986, "publicationType": 4, "event": "Nankai-Suruga Trough megathrust earthquakes", "geologicAgeId": 15, "yearBegin": -2913, "yearEnd": 1498, "locationName": "Suruga Bay, Japan", "country": "JAPAN", "bodyOfWater": "Pacific Ocean", "description": "Four sandy tsunami deposits are identified in sediments deposited during the last 5000 years.", "environment": "lagoon", "publish": true, "numTsunamiEvents": 0}}, {"type": "Feature", "id": "3029", "geometry": {"type": "Point", "coordinates": [73.058, 17.922]}, "properties": {"id": 3029, "author": "Rajendran, C.P., Heidarzadeh, M., Sanwal, J., Karthikeyan, A. and Rajendran, K.", "year": "2020", "referenceId": 12786, "publicationType": 4, "event": "1524 Konkan Coast", "geologicAgeId": 15, "yearBegin": 1410, "yearEnd": 1681, "locationName": "Kelshi, India", "country": "INDIA", "bodyOfWater": "Indian Ocean", "description": "attribute these sedimentary features to a tsunami flooding event that was contemporaneous with the transportation of shells, dated at 1508\u20131681 CE", "environment": "dune", "publish": true, "numTsunamiEvents": 0}}, {"type": "Feature", "id": "3030", "geometry": {"type": "Point", "coordinates": [124.69, 24.757]}, "properties": {"id": 3030, "author": "Fujita, R., Goto, K., Iryu, Y., & Abe, T.", "year": "2020", "referenceId": 13019, "publicationType": 4, "event": "Paleotsunami", "geologicAgeId": 15, "yearBegin": 1100, "yearEnd": 1771, "locationName": "Minna Is., Southern Ryukyus, Japan", "country": "JAPAN", "bodyOfWater": "Pacific Ocean", "description": "sandy tsunami deposits on Minna Island", "environment": "lowland benches and beach rocks", "publish": true, "numTsunamiEvents": 0}}, {"type": "Feature", "id": "3032", "geometry": {"type": "Point", "coordinates": [-60.885, 14.414]}, "properties": {"id": 3032, "author": "Paris, R., Sabatier, P., Biguenet, M., Bougouin, A., Andre, G. and Roger, J.", "year": "2021", "referenceId": 13032, "publicationType": 4, "event": "1755 Lisbon Earthquake & Tsunami", "geologicAgeId": 15, "locationName": "Anse Meunier, Martinique", "country": "MARTINIQUE", "bodyOfWater": "Caribbean Sea", "description": "One site with sedimentary evidence of 1755 Lisbon tsunami. No older evidence of a major tsunami for a period of ~5000 years.", "environment": "marsh", "publish": true, "numTsunamiEvents": 0}}, {"type": "Feature", "id": "3033", "geometry": {"type": "Point", "coordinates": [-5.155, 36.42]}, "properties": {"id": 3033, "author": "J.M. Tomassetti Guerra, C.A. Cardineau, I.N. Luengo, L.P. Aguilar, S. Neogi, S. Taylor, C. Narvaaez Flores, F. Torres Abril and J. Alcantara-Carrio", "year": "2021", "referenceId": 13092, "publicationType": 4, "event": "881 Earthquake & Tsunami", "geologicAgeId": 15, "yearBegin": 881, "yearEnd": 881, "locationName": "Estepona, Spain", "country": "SPAIN", "bodyOfWater": "Mediterranean Sea", "description": "sedimentary layer rich in marine and continental materials, appears to be of a tsunami backwash artifact", "publish": true, "numTsunamiEvents": 0}}, {"type": "Feature", "id": "3034", "geometry": {"type": "Point", "coordinates": [-175.25, -21.15]}, "properties": {"id": 3034, "author": "Lavigne F, Morin J, Wassmer P, Weller O, Kula T, Maea AV, Kelfoun K, Mokadem F, Paris R, Malawani MN, Faral A, Benbakkar M, Saulnier-Copard S, Vidal CM, Tu\u2019I\u2019afitu T, Kitekei\u2019aho F, TrautmannM and Gomez C", "year": "2021", "referenceId": 13124, "publicationType": 4, "event": "Boulders", "geologicAgeId": 15, "locationName": "Tongatapu Island, Tonga", "country": "TONGA", "bodyOfWater": "Pacific Ocean", "description": "Impacted by a large tsunami in the mid-15th century; also, rock must have been deposited either within the past 7,000 years or ca. 122,000 year", "publish": true, "numTsunamiEvents": 0}}, {"type": "Feature", "id": "3035", "geometry": {"type": "Point", "coordinates": [34.3, 31.35]}, "properties": {"id": 3035, "author": "Ubeid, K. F.", "year": "2021", "referenceId": 13127, "publicationType": 4, "geologicAgeId": 15, "locationName": "Gaza, Palestine", "country": "ISRAEL", "bodyOfWater": "Mediterranean Sea", "description": "sedimentological records within archaeological areas", "publish": true, "numTsunamiEvents": 0}}, {"type": "Feature", "id": "3036", "geometry": {"type": "Point", "coordinates": [-124.6, 50.97]}, "properties": {"id": 3036, "author": "Geertsema, Menounos, Bullard, Carrivick, Clague, Dai, Donati, Ekstrom, Jackson, Lynett, Pichierri, Pon, Shugar, Stead, Belluz, Friele, Giesbrecht, Heathfield, Millard, Nasonova, Schaeffer, Ward, Blaney, Brillon, Bunn, Floyd, Higman, Hughes, et al.", "year": "2022", "referenceId": 13180, "publicationType": 4, "event": "Fjords & Lakes change/turbidites/climate change", "geologicAgeId": 15, "yearBegin": 2020, "yearEnd": 2020, "locationName": "Elliot Creek, BC", "country": "CANADA", "bodyOfWater": "Inland waterway", "description": "landslide, tsunami, and outburst flood that occurred in recently deglaciated terrain", "environment": "Glacial lake", "publish": true, "numTsunamiEvents": 0}}, {"type": "Feature", "id": "3037", "geometry": {"type": "Point", "coordinates": [29.3, 36.3]}, "properties": {"id": 3037, "author": "Aydar, E., Ciner, A., Ersoy, O., Ecochard, E. and Fouache, E.G", "year": "2021", "referenceId": 13183, "publicationType": 4, "event": "Santorini Eruption & Tsunami", "geologicAgeId": 15, "yearBegin": -1660, "yearEnd": -1600, "locationName": "Letoon Sanctuary, Turkey", "country": "TURKEY", "bodyOfWater": "Mediterranean Sea", "description": "tephra deposit underlain by tsunami\u2010deposited sand", "environment": "coastal", "publish": true, "ageDescription": "Minoan Late Bronze Age", "numTsunamiEvents": 0}}, {"type": "Feature", "id": "3038", "geometry": {"type": "Point", "coordinates": [141.82, 40.1]}, "properties": {"id": 3038, "author": "Ishizawa, T., Goto, K., Nishimura, Y., Miyairi, Y., Sawada, C. and Yokoyama, Y.,", "year": "2022", "referenceId": 13193, "publicationType": 4, "event": "Paleotsunami deposits northern Japan", "geologicAgeId": 15, "yearBegin": -700, "locationName": "Noda, Iwate, Japan", "country": "JAPAN", "bodyOfWater": "Pacific Ocean", "description": "two core samples near the shore and at inland sites, used to confirm the continuity of geological records for 400-2700 YA", "environment": "Alluvial plains", "publish": true, "numTsunamiEvents": 0}}, {"type": "Feature", "id": "3039", "geometry": {"type": "Point", "coordinates": [-2.45, 56.7]}, "properties": {"id": 3039, "author": "Bateman, M.D., Kinnaird, T.C., Hill, J., Ashurst, R.A., Mohan, J., Bateman, R.B. and Robinson, R.", "year": "2021", "referenceId": 13198, "publicationType": 4, "event": "Storegga landslide", "geologicAgeId": 15, "locationName": "Maryton, Montrose, Scotland", "country": "UK", "bodyOfWater": "Atlantic Ocean", "description": "tsunami deposits", "environment": "marine sands and weathered igneous bedrock on the coastal plain", "publish": true, "ageDescription": "8100 +/- 50 years", "numTsunamiEvents": 0}}, {"type": "Feature", "id": "3042", "geometry": {"type": "Point", "coordinates": [25.46, 35.28]}, "properties": {"id": 3042, "author": "Lespez, L., Lescure, S., Saulnier-Copard, S., Glais, A., Berger, J.F., Lavigne, F., Pearson, C., Virmoux, C., Muller Celka, S. and Pomadere, M.", "year": "2021", "referenceId": 13218, "publicationType": 4, "event": "Santorini Eruption & Tsunami", "geologicAgeId": 15, "yearBegin": -1744, "yearEnd": -1430, "locationName": "Malia, Crete", "country": "GREECE", "bodyOfWater": "Mediterranean Sea", "description": "Suggests a tsunami caused an inundation up to 400 m inland at Malia", "environment": "marsh", "publish": true, "numTsunamiEvents": 0}}, {"type": "Feature", "id": "3043", "geometry": {"type": "Point", "coordinates": [173.0, 3.38]}, "properties": {"id": 3043, "author": "Terry, J. P., Karoro, R., Gienko, G. A., Wieczorek, M., and Lau, A. A", "year": "2021", "referenceId": 13219, "publicationType": 4, "event": "reefblocks", "geologicAgeId": 15, "yearBegin": 1576, "yearEnd": 1576, "locationName": "Makin Island, Gilbert Islands, Kiribati", "country": "KIRIBATI", "bodyOfWater": "Pacific Ocean", "description": "geological data and oral history is provided for a palaeotsunami that struck Makin island", "environment": "low coral reef islands", "publish": true, "numTsunamiEvents": 0}}, {"type": "Feature", "id": "3044", "geometry": {"type": "Point", "coordinates": [-70.95, -27.25]}, "properties": {"id": 3044, "author": "Salazar, D., Easton, G., Goff, J., Guendon, J.L., Gonzalez-Alfaro, J., Andrade, P., Villagran, X., Fuentes, M., Leon, T., Abad, M. and Izquierdo, T.", "year": "2022", "referenceId": 13220, "publicationType": 4, "event": "Paleotsunami", "geologicAgeId": 15, "yearBegin": -1850, "yearEnd": -1850, "locationName": "Atacama Desert coast (northern Chile)", "country": "CHILE", "bodyOfWater": "Pacific Ocean", "description": "geoarchaeological evidence", "publish": true, "numTsunamiEvents": 0}}, {"type": "Feature", "id": "3047", "geometry": {"type": "Point", "coordinates": [93.05, 11.83]}, "properties": {"id": 3047, "author": "Sarkar, D., Bharti, S. K., and Hazra, S.", "year": "2022", "referenceId": 13273, "publicationType": 4, "event": "Paleotsunami & 2004 Indian Ocean tsunami", "geologicAgeId": 15, "yearBegin": 2004, "yearEnd": 2004, "locationName": "Neil Island, South Andaman", "country": "INDIA", "bodyOfWater": "Indian Ocean", "description": "reveals the occurrence of the tsunami and palaeo-tsunami deposits in Neil Island", "environment": "beaches, near-shore and shallow-water regions", "publish": true, "numTsunamiEvents": 0}}, {"type": "Feature", "id": "3048", "geometry": {"type": "Point", "coordinates": [92.6, 11.69]}, "properties": {"id": 3048, "author": "Sarkar, Debjani; Mukhopadhyay, Anirban; Hazra, Sugata", "year": "2013", "referenceId": 10934, "publicationType": 4, "event": "Paleotsunami & 2004 Indian Ocean tsunami", "geologicAgeId": 15, "yearEnd": 2004, "locationName": "Collinpur and Wandoor, South Andaman", "country": "INDIA", "bodyOfWater": "Indian Ocean", "environment": "sandy beaches, shallow agricultural land", "publish": true, "numTsunamiEvents": 0}}, {"type": "Feature", "id": "3049", "geometry": {"type": "Point", "coordinates": [108.76, -7.69]}, "properties": {"id": 3049, "author": "Aswan and Rizal, Y.", "year": "2021", "referenceId": 13285, "publicationType": 4, "event": "2006 Java, Indonesia Earthquake & Tsunami and paleotsunami(s)", "geologicAgeId": 15, "yearEnd": 2006, "locationName": "Karapyak Beach, Pangandaran, Java, Indonesia", "country": "INDONESIA", "bodyOfWater": "Indian Ocean", "description": "2006 tsunami deposits and at least four paleotsunami deposits", "environment": "beach", "publish": true, "numTsunamiEvents": 0}}, {"type": "Feature", "id": "3050", "geometry": {"type": "Point", "coordinates": [26.3, 38.3]}, "properties": {"id": 3050, "author": "Sahoglu, V., Sterba, J.H., Katz, T., Cayir, U., Gundgan, U., Tyuleneva, N., Tugcu, I., Bichler, M., Erkanal, H. and Goodman-Tchernov, B.N.", "year": "2022", "referenceId": 13296, "publicationType": 4, "event": "Santorini Eruption & Tsunami", "geologicAgeId": 15, "yearBegin": -1612, "yearEnd": -1501, "locationName": "Cesme-Baglararasi, Turkey (western Anatolian/Aegean)", "country": "TURKEY", "bodyOfWater": "Mediterranean Sea", "description": "The archaeological and sedimentological results include indicators known from modern and paleotsunami deposit", "environment": "western Anatolian coastal settlement", "publish": true, "ageDescription": "17th century BCE", "numTsunamiEvents": 0}}, {"type": "Feature", "id": "3051", "geometry": {"type": "Point", "coordinates": [119.437, -21.155]}, "properties": {"id": 3051, "author": "Runge, E.A., Duda, J.P., Van Kranendonk, M.J. and Reitner, J.", "year": "2022", "referenceId": 13302, "publicationType": 4, "event": "Tsunami deposits", "geologicAgeId": 1, "locationName": "Pilbara Craton, Australia (west)", "country": "AUSTRALIA", "bodyOfWater": "Indian Ocean", "description": "possibly representing the oldest reported tsunami deposit on Earth to date.", "environment": "subaquatic habitat that was subject to tsunami-induced high-energy disturbance", "publish": true, "ageDescription": "\u223c3.48 billion-year-ago", "numTsunamiEvents": 0}}, {"type": "Feature", "id": "3052", "geometry": {"type": "Point", "coordinates": [34.95, 29.56]}, "properties": {"id": 3052, "author": "Goodman Tchernov, B., Katz, T., Shaked, Y., Qupty, N., Kanari, M., Niemi, T. and Agnon, A.", "year": "2016", "referenceId": 13310, "publicationType": 4, "event": "offshore paleotsunami deposits", "geologicAgeId": 15, "yearBegin": -400, "yearEnd": 1068, "locationName": "Gulf of Aqaba-Eilat, Northern Red Sea", "country": "ISRAEL", "bodyOfWater": "Red Sea", "description": "offshore cores for a major paleotsunami that occurred ~2300 years ago", "environment": "hyperarid desert", "publish": true, "numTsunamiEvents": 0}}, {"type": "Feature", "id": "3053", "geometry": {"type": "Point", "coordinates": [-73.2, -39.3]}, "properties": {"id": 3053, "author": "Matos\u2010Llavona, P.I., Ely, L.L., MacInnes, B., Dura, T., Cisternas, M.A., Bourgeois, J., Bruce, D., DePaolis, J., Dolcimascolo, A., Horton, B.P. and Melnick, D.", "year": "2022", "referenceId": 13333, "publicationType": 4, "event": "1960 Chile Earthquake & Tsunami", "geologicAgeId": 15, "yearBegin": -3000, "yearEnd": 1960, "locationName": "Queule, Chile (south central)", "country": "CHILE", "bodyOfWater": "Pacific Ocean", "description": "tsunami associated with 1960 Chile earthquake deposited an extensive sand layer above organic-rich soils near Queule", "environment": "Queule is bounded to the north, south, and east by metamorphic bedrock and to the west by a sand spit capped by eolian sand dunes", "publish": true, "numTsunamiEvents": 0}}, {"type": "Feature", "id": "3054", "geometry": {"type": "Point", "coordinates": [-154.14, 56.508]}, "properties": {"id": 3054, "author": "Briggs, R.W., Engelhart, S.E., Nelson, A.R., Dura, T., Kemp, A.C., Haeussler, P.J., Corbett, D.R., Angster, S.J. and Bradley, L.A.", "year": "2014", "referenceId": 13336, "publicationType": 4, "event": "1788 Alaska earthquake and tsunami", "geologicAgeId": 15, "yearEnd": 1788, "locationName": "Sitkinak Island, Alaska", "country": "USA", "bodyOfWater": "Pacific Ocean", "description": "observations that suggest multiple tsunamis after circa 2.2 ka and prior to A.D. 1788 are recorded on the southern coast of Sitkinak.", "environment": "lagoon", "publish": true, "numTsunamiEvents": 0}}, {"type": "Feature", "id": "3055", "geometry": {"type": "Point", "coordinates": [-159.31, 54.9]}, "properties": {"id": 3055, "author": "Witter, R.C., Briggs, R.W., Engelhart, S.E., Gelfenbaum, G., Koehler, R.D. and Barnhart, W.D.", "year": "2014", "referenceId": 13337, "publicationType": 4, "event": "1788 Alaska earthquake and tsunami", "geologicAgeId": 15, "locationName": "Simeonof Island, Alaska", "country": "USA", "bodyOfWater": "Pacific Ocean", "description": "lack of geologic evidence for great earthquakes and tsunamis on Simeonof Island", "environment": "lagoon", "publish": true, "numTsunamiEvents": 0}}, {"type": "Feature", "id": "3057", "geometry": {"type": "Point", "coordinates": [119.88, -0.88]}, "properties": {"id": 3057, "author": "Putra, P.S., Aswan, A., Maryunani, K.A., Yulianto, E., Nugroho, S.H., Nahar, R.N.F.A., Amanda, I., Dida, E.N., Jakah, J. and Amar, A.", "year": "2022", "referenceId": 13364, "publicationType": 4, "event": "2018 Palu, Sulawesi, Indonesia tsunami", "geologicAgeId": 15, "yearBegin": 2018, "yearEnd": 2018, "locationName": "Palu Bay, Central Sulawesi", "country": "INDONESIA", "bodyOfWater": "Pacific Ocean", "description": "Description of the 28 September 2018 tsunami deposit characteristics based on laboratory analysis", "environment": "two locations selected, Lesehan and Kayumalue, based on different topographical conditions", "publish": true, "numTsunamiEvents": 0}}, {"type": "Feature", "id": "3058", "geometry": {"type": "Point", "coordinates": [-34.83, -7.55]}, "properties": {"id": 3058, "author": "Dourado, F., Costa, P. J., Baptista, M. A., Omira, R., Cezario, A. P., Veloso, A. V., and Fatela, F.", "year": "2022", "referenceId": 13374, "publicationType": 4, "event": "1755 Lisbon Earthquake & Tsunami", "geologicAgeId": 15, "yearBegin": 1755, "yearEnd": 1755, "locationName": "Pontinhas, Pernambuco", "country": "BRAZIL", "bodyOfWater": "Atlantic Ocean", "description": "The sedimentological analysis allows a tentative association of the deposit with the 1755 CE tsunami", "environment": "dune", "publish": true, "numTsunamiEvents": 0}}, {"type": "Feature", "id": "3059", "geometry": {"type": "Point", "coordinates": [-7.0, 37.0]}, "properties": {"id": 3059, "author": "Alvarez\u2010Marti\u2010Aguilar, M.", "year": "2023", "referenceId": 13436, "publicationType": 4, "event": "6th Century B.C. Gulf of Cadiz", "geologicAgeId": 15, "yearBegin": -600, "yearEnd": -501, "locationName": "Gulf of Cadiz, Spain", "country": "SPAIN", "bodyOfWater": "Atlantic Ocean", "description": "archaeological and geological evidence for possible occurrence of an earthquake & tsunami striking the Gulf of Cadiz sometime in the 6th century B.C.", "publish": true, "numTsunamiEvents": 0}}, {"type": "Feature", "id": "3062", "geometry": {"type": "Point", "coordinates": [173.937, -40.748]}, "properties": {"id": 3062, "author": "King, D.N., Clark, K., Chague, C., Li, X., Lane, E., McFadgen, B.G., Hippolite, J., Meihana, P., Wilson, B., Dobson, J. and Geiger, P.", "year": "2022", "referenceId": 13459, "publicationType": 4, "event": "1855 Wellington Earthquake", "geologicAgeId": 15, "locationName": "Swamp Bay, Rangitoto ki te Tonga (D\u2019Urville Island)", "country": "NEW ZEALAND", "bodyOfWater": "Pacific Ocean", "description": "anomalous deposit extending some 160 m inland", "environment": "Coastal wetland", "publish": true, "ageDescription": "deposit formation is less than 402 yrs BP", "numTsunamiEvents": 0}}, {"type": "Feature", "id": "3063", "geometry": {"type": "Point", "coordinates": [-5.35, 36.15]}, "properties": {"id": 3063, "author": "Abad, M., Clemente, M.J., Gonzalez-Regalado, M.L., Ruiz, F., Vidal, J.R., Caceres, L.M., Izquierdo, T., Quintero, J.C.P., Tosquella, J., Pozo, M. and Gomez, P.,", "year": "2022", "referenceId": 13520, "publicationType": 4, "event": "1755 Lisbon Earthquake & Tsunami", "geologicAgeId": 15, "yearBegin": 1755, "yearEnd": 1755, "locationName": "Gibraltar", "country": "SPAIN", "bodyOfWater": "Mediterranean Sea", "description": "This paleontological record is the first faunal evidence of the 1755 Lisbon tsunami in the Mediterranean.", "environment": "lagoon", "publish": true, "numTsunamiEvents": 0}}, {"type": "Feature", "id": "3069", "geometry": {"type": "Point", "coordinates": [140.32, 41.04]}, "properties": {"id": 3069, "author": "Okada, R., Umeda, K., Kamataki, T., Sawai, Y., Matsumoto, D., Shimada, Y., and Ioki, K.", "year": "2022", "referenceId": 13532, "publicationType": 4, "event": "Japan Sea coast", "geologicAgeId": 15, "yearBegin": 1558, "yearEnd": 1918, "locationName": "Tsugaru Peninsula, NW Japan", "country": "JAPAN", "bodyOfWater": "Pacific Ocean", "description": "Sediments of the study area were deposited within Lake Jusan during the last 500 years.", "environment": "peaty clay; narrow lowland along a small creek that flows south into Lake Jusan", "publish": true, "ageDescription": "the last 500 years", "numTsunamiEvents": 0}}, {"type": "Feature", "id": "3070", "geometry": {"type": "Point", "coordinates": [140.05, 40.32]}, "properties": {"id": 3070, "author": "Chiba, T., and Nishimura, Y.", "year": "2022", "referenceId": 13555, "publicationType": 4, "event": "1983 Nihonkai Chuba, Japan Earthquake & Tsunami", "geologicAgeId": 15, "yearBegin": 1983, "yearEnd": 1991, "locationName": "Akita Prefecture, Japan", "country": "JAPAN", "bodyOfWater": "Pacific Ocean", "description": "A sand layer that thinned inland was observed in the soil at depths greater than 10 cm.", "environment": "Sand dunes and coastal forests", "publish": true, "numTsunamiEvents": 0}}, {"type": "Feature", "id": "3078", "geometry": {"type": "Point", "coordinates": [131.38, 31.57]}, "properties": {"id": 3078, "author": "Ioki, K., Yamashita, Y., and Kase, Y.", "year": "2023", "referenceId": 13668, "publicationType": 4, "event": "1662 Hyuga-nada Earthquake & Tsunami", "geologicAgeId": 15, "yearBegin": 1662, "yearEnd": 1662, "locationName": "Kyushu, Japan", "country": "JAPAN", "bodyOfWater": "Pacific Ocean", "description": "62 survey sites; newly found a sandy event deposit interbedded with silt in Komei", "environment": "lowlands along the eastern Kyushu, several hundred meters to several kilometers from the present coastline", "publish": true, "numTsunamiEvents": 0}}, {"type": "Feature", "id": "3079", "geometry": {"type": "Point", "coordinates": [-170.7, -14.3]}, "properties": {"id": 3079, "author": "Riou, B., Chaumillon, E., Chague, C., Schmidt, S., Correge, T., Bujan, S., and Schneider, J. L.", "year": "2024", "referenceId": 13701, "publicationType": 4, "event": "Sedimentary records", "geologicAgeId": 15, "yearBegin": 1000, "yearEnd": 2009, "locationName": "Tutuila, American Samoa", "country": "USA TERRITORY", "bodyOfWater": "Pacific Ocean", "description": "sedimentary record preserved offshore an open bay (Fagafue) and within a sheltered bay (Masefau) on the north shore of Tutuila", "environment": "open bay and sheltered bay", "publish": true, "ageDescription": "oldest event between the 11th and 14th century", "numTsunamiEvents": 0}}, {"type": "Feature", "id": "3082", "geometry": {"type": "Point", "coordinates": [-51.92, 70.02]}, "properties": {"id": 3082, "author": "Korsgaard, N. J., Svennevig, K., Sondergaard, A. S., Luetzenburg, G., Oksman, M., & Larsen, N. K.", "year": "2024", "referenceId": 13771, "publicationType": 4, "event": "Lake landslide", "geologicAgeId": 15, "locationName": "Saqqaq, Greenland", "country": "GREENLAND", "bodyOfWater": "Arctic Ocean", "description": "four lake cores of which two contain tsunami deposits", "environment": "lake", "publish": true, "ageDescription": "7.3 ka cal BP and 7.6 ka cal BP", "numTsunamiEvents": 0}}, {"type": "Feature", "id": "3084", "geometry": {"type": "Point", "coordinates": [152.155, -4.208]}, "properties": {"id": 3084, "author": "Nishimura, Y., M. Nakagawa, J. Kuduon and J. Wukawa", "year": "2005", "referenceId": 3809, "publicationType": 4, "event": "1994 Rabaul eruption and tsunami", "geologicAgeId": 15, "yearBegin": 1994, "yearEnd": 1994, "locationName": "Rabual, Papua New Guinea", "country": "PAPUA NEW GUINEA", "bodyOfWater": "Pacific Ocean", "description": "Sandy layers are mainly composed of marine sand and volcanic pumice with flakes of coral, marine shell, wood branches and man-made plastic scraps", "publish": true, "ageDescription": "1994", "numTsunamiEvents": 0}}, {"type": "Feature", "id": "3085", "geometry": {"type": "Point", "coordinates": [119.873, -0.871]}, "properties": {"id": 3085, "author": "Putra, P.S., Yulianto, E., Kongko, W., Nugroho, S.H., Sahara, V.H., Aswan, A. and Maryunani, K.A.", "year": "2023", "referenceId": 13836, "publicationType": 4, "event": "Geological evidence of paleotsunami in Palu", "geologicAgeId": 15, "yearBegin": 1600, "yearEnd": 1900, "locationName": "Palu City, Central Sulawesi", "country": "INDONESIA", "bodyOfWater": "Indian Ocean", "description": "stratigraphy sequence from the outcrop profile in Talise Beach showed three clear paleotsunamis", "environment": "ridges and swales", "publish": true, "ageDescription": "three paleotsunamis occurred in the 17th, 18th, and 19th century", "numTsunamiEvents": 0}}, {"type": "Feature", "id": "3092", "geometry": {"type": "Point", "coordinates": [117.56, 23.932]}, "properties": {"id": 3092, "author": "Huang, Y., Yang, W., Yang, Z., Gao, Y., Xu, Q., Yang, L., Yu, X., Huang, T., Sun, L. and Xie, Z.", "year": "2023", "referenceId": 13925, "publicationType": 4, "geologicAgeId": 15, "locationName": "Dongshan Bay", "country": "CHINA", "bodyOfWater": "South China Sea", "description": "tsunami deposits in the coastal sediment of Dongshan Bay", "publish": true, "ageDescription": "A tsunami deposit formed approximately a thousand years ago.", "numTsunamiEvents": 0}}, {"type": "Feature", "id": "3093", "geometry": {"type": "Point", "coordinates": [119.85, -0.706]}, "properties": {"id": 3093, "author": "Majewski, J.M., Switzer, A.D., Guan, R.Y., Benazir, B., Meilianda, E., Parham, P.R., Weiss, R., Martin, S.S., Pearson, L.K., Pilarczyk, J.E. and Daly, P.", "year": "2023", "referenceId": 13933, "publicationType": 4, "event": "2018 Palu, Sulawesi, Indonesia tsunami", "geologicAgeId": 15, "yearBegin": 2018, "yearEnd": 2018, "locationName": "Palu Bay, Central Sulawesi", "country": "INDONESIA", "bodyOfWater": "Pacific Ocean", "description": "sediment characteristics of the 28 September 2018 tsunami deposits", "environment": "transect at Pantaloan on the northeast coastline of Palu bay, draining primarily middle Miocene sedimentary rocks", "publish": true, "numTsunamiEvents": 0}}, {"type": "Feature", "id": "3094", "geometry": {"type": "Point", "coordinates": [-100.786, 54.067]}, "properties": {"id": 3094, "author": "Pratt, B. R., and Sproat, C. D.", "year": "2023", "referenceId": 13935, "publicationType": 4, "event": "Tsunami deposits", "geologicAgeId": 3, "locationName": "Williston Basin", "country": "CANADA", "bodyOfWater": "Laurentia Sea", "description": "dolomudstone of the Stonewall Formation was deposited on the present-day northeastern side of the Williston Basin", "environment": "shallow epeiric sea", "publish": true, "numTsunamiEvents": 0}}, {"type": "Feature", "id": "3095", "geometry": {"type": "Point", "coordinates": [-1.3, 60.4]}, "properties": {"id": 3095, "author": "Engel, M., Hess, K., Dawson, S., Patel, T., Koutsodendris, A., Vakhrameeva, P., Klemt, E., Kempf, P., Sch\u00f6n, I. and Heyvaert, V.M.", "year": "2024", "referenceId": 13936, "publicationType": 4, "event": "Tsunami deposits", "geologicAgeId": 15, "locationName": "Shetland Islands", "country": "UK", "bodyOfWater": "North Sea", "description": "adds to the growing evidence of the Late Holocene Dury Voe tsunami", "environment": "freshwater lake", "publish": true, "numTsunamiEvents": 0}}, {"type": "Feature", "id": "3096", "geometry": {"type": "Point", "coordinates": [135.625, -34.94]}, "properties": {"id": 3096, "author": "Bourman, R.P., Murray-Wallace, C.V., Panda, D., Buckman, S., Banerjee, D., Ryan, D.D. and White, L.T", "year": "2024", "referenceId": 13939, "publicationType": 4, "event": "Boulders", "geologicAgeId": 15, "locationName": "Whalers Way", "country": "AUSTRALIA", "bodyOfWater": "Southern Ocean", "description": "coastal boulder field provides compelling evidence for their emplacement by a high-energy wave event", "environment": "karst-weathered calcrete bench on the Upper Pleistocene Bridgewater Formation", "publish": true, "ageDescription": "boulder field is younger than 7000 years", "numTsunamiEvents": 0}}, {"type": "Feature", "id": "3097", "geometry": {"type": "Point", "coordinates": [175.08, -40.815]}, "properties": {"id": 3097, "author": "McClintock, J., Goff, J. and McFadgen, B.", "year": "2024", "referenceId": 13954, "publicationType": 4, "geologicAgeId": 15, "locationName": "Kapiti Coast", "country": "NEW ZEALAND", "bodyOfWater": "Pacific Ocean", "description": "Geological and geomorphological data is used to identify a local signal of a region-wide palaeotsunami", "environment": "coastal dune", "publish": true, "ageDescription": "15th century", "numTsunamiEvents": 0}}, {"type": "Feature", "id": "3098", "geometry": {"type": "Point", "coordinates": [129.3, 36.0]}, "properties": {"id": 3098, "author": "Son, J., Cho, S. and Hwang, I.G.", "year": "2024", "referenceId": 14038, "publicationType": 4, "event": "Megaturbidites", "geologicAgeId": 14, "locationName": "Korea (east coast)", "country": "KOREA", "bodyOfWater": "East Sea (Sea of Japan)", "description": "Introduce the Hakcheon- Chogok Megaturbidite in the Miocene Pohang-Youngduk Basin", "publish": true, "ageDescription": "Miocene", "numTsunamiEvents": 0}}, {"type": "Feature", "id": "3100", "geometry": {"type": "Point", "coordinates": [-175.182, -21.242]}, "properties": {"id": 3100, "author": "Kohler, M., Lau, A., Nakata, K., Goto, K., Goff, J., Kohler, D. and Penisoni, M.", "year": "2025", "referenceId": 14046, "publicationType": 4, "event": "Boulders", "geologicAgeId": 15, "locationName": "Tongatapu Island, Tonga", "country": "TONGA", "bodyOfWater": "Pacific Ocean", "description": "large limestone cliff-top boulder located 200 m inland at 39 m elevation on the southern coast of Tongatapu", "publish": true, "ageDescription": "indicative of a minimum age of 6891 cal yr BP", "numTsunamiEvents": 0}}, {"type": "Feature", "id": "3104", "geometry": {"type": "Point", "coordinates": [-63.07, 18.093]}, "properties": {"id": 3104, "author": "Fabbri, S.C., Sabatier, P., Paris, R., Falvard, S., Feuillet, N., Lothoz, A., St-Onge, G., Gailler, A., Cordrie, L., Arnaud, F. and Biguenet, M.", "year": "2024", "referenceId": 14049, "publicationType": 4, "event": "1755 Lisbon Earthquake & tsunami & older tsunamis", "geologicAgeId": 15, "yearEnd": 1755, "locationName": "Lagoon Guichard, Saint Martin", "country": "SAINT MARTIN (FRENCH AND DUTCH TERRITORIES)", "bodyOfWater": "Caribbean Sea", "description": "Seven extreme-wave events in a sediment core transect from St. Martin", "environment": "coastal lagoon", "publish": true, "ageDescription": "Over last 3.5 kyrs", "numTsunamiEvents": 0}}, {"type": "Feature", "id": "3108", "geometry": {"type": "Point", "coordinates": [130.5, 30.345]}, "properties": {"id": 3108, "author": "Lloyd SG, Yokoyama Y, Aze T, Miyairi Y, Abe K, Echigo T.", "year": "2024", "referenceId": 14216, "publicationType": 4, "event": "Boulders", "geologicAgeId": 15, "locationName": "Yakushima Island", "country": "JAPAN", "bodyOfWater": "Pacific Ocean", "description": "four potential deposition events at 1986\u20132692 cal yr BP, 3522\u20134075 cal yr BP, 4773\u20135232 cal yr BP, and 6187\u20136638 cal yr BP.", "environment": "small, mountainous island off southern Kyushu, Japan", "publish": true, "numTsunamiEvents": 0}}, {"type": "Feature", "id": "3109", "geometry": {"type": "Point", "coordinates": [8.75, 54.3]}, "properties": {"id": 3109, "author": "Vott, A.; Hadler, H.; Willershauser, T.; Slabon, A.; Slabon, L.;Wahlen, H.; Fischer, P.; Bungenstock, F.; Robke, B.R.; Frechen, M.; et al.", "year": "2024", "referenceId": 14221, "publicationType": 4, "event": "Storegga landslide", "geologicAgeId": 15, "locationName": "German Bight (southeastern bight of the North Sea)", "country": "GERMANY", "bodyOfWater": "North Sea", "description": "20 m long sediment core from Eiderstedt Peninsula", "publish": true, "ageDescription": "high-enery event layer between 19.85 and 19.68 m b.s.", "numTsunamiEvents": 0}}, {"type": "Feature", "id": "3112", "geometry": {"type": "Point", "coordinates": [-66.68, 11.95]}, "properties": {"id": 3112, "author": "Audemard, F.A., Gomez, C. E. R., Vasquez, J.R.P., Philippon, M., S\u00e1nchez, G.Q., Clouard, V., Roger, J., et al.", "year": "2025", "referenceId": 14222, "publicationType": 4, "event": "Boulders", "geologicAgeId": 15, "yearBegin": -500, "yearEnd": -500, "locationName": "Gran Roque Island", "country": "VENEZUELA", "bodyOfWater": "Caribbean Sea", "description": "Gran Roque Island has been affected by extreme-wave events, as recorded by coastal boulder deposits", "environment": "mafic meta-igneous rocks of Mesozoic age; and Quaternary marine sedimentary cover", "publish": true, "ageDescription": "2500 yr cal BP tsunami", "numTsunamiEvents": 0}}, {"type": "Feature", "id": "3113", "geometry": {"type": "Point", "coordinates": [-175.25, -21.15]}, "properties": {"id": 3113, "author": "Sato, T., Nakamura, N., Sato, M., Kato, C., Goto, K., Watanabe, M., Satake, K., and Kula, T.", "year": "2024", "referenceId": 14233, "publicationType": 4, "event": "Boulders", "geologicAgeId": 15, "yearEnd": 1500, "locationName": "Tongatapu Island, Tonga", "country": "TONGA", "bodyOfWater": "Pacific Ocean", "description": "prehistoric tsunamis on Tongatapu Island", "publish": true, "ageDescription": "a tsunami occurred between 3,000 years ago and the fifteenth century", "numTsunamiEvents": 0}}, {"type": "Feature", "id": "3114", "geometry": {"type": "Point", "coordinates": [-79.285, -7.94]}, "properties": {"id": 3114, "author": "Goodbred Jr, S.L. and Dillehay, T.D.", "year": "2025", "referenceId": 14239, "publicationType": 4, "event": "Sedimentary records", "geologicAgeId": 15, "locationName": "North of Trujillo (Peru)", "country": "PERU", "bodyOfWater": "Pacific Ocean", "description": "two paleo-tsunamis striking the Chicama River coastline around 2.8 and 2.0 ka", "environment": "coastal river valley", "publish": true, "ageDescription": "Late-Holocene", "numTsunamiEvents": 0}}, {"type": "Feature", "id": "3117", "geometry": {"type": "Point", "coordinates": [-13.8, 29.0]}, "properties": {"id": 3117, "author": "Galindo, I., Romero, C., Martin\u2010Gonz\u00e1lez, E., Sanchez, N., Vegas, J. and Lario, J.,", "year": "2024", "referenceId": 14318, "publicationType": 4, "event": "1755 Lisbon Earthquake & Tsunami", "geologicAgeId": 15, "yearBegin": 1755, "yearEnd": 1755, "locationName": "Timanfaya National Park, Canary Islands", "country": "SPAIN", "bodyOfWater": "Atlantic Ocean", "description": "evidence linking the origin of boulder deposits to the tsunami of 1755", "publish": true, "numTsunamiEvents": 0}}, {"type": "Feature", "id": "3119", "geometry": {"type": "Point", "coordinates": [117.7, -8.5]}, "properties": {"id": 3119, "author": "Paris, R., Mutaqin, B.W., Roche, O., Meilhaud, A., Falvard, S., Nauret, F., and Bougouin, A.", "year": "2026", "referenceId": 14333, "publicationType": 4, "event": "1815 Tambora Volcano", "geologicAgeId": 15, "yearBegin": 1815, "yearEnd": 1815, "locationName": "Gulf (Bay) of Saleh", "country": "INDONESIA", "bodyOfWater": "Indian Ocean", "description": "45 samples of deposits distributed over 4 different sites", "publish": true, "numTsunamiEvents": 0}}, {"type": "Feature", "id": "3121", "geometry": {"type": "Point", "coordinates": [-6.087, 36.27]}, "properties": {"id": 3121, "author": "Narvaez-Flores, C., Fernandez, V.G., Arteaga, C., Alcantara-Carrio, J.", "year": "2025", "referenceId": 14492, "publicationType": 4, "event": "1755 Lisbon Earthquake & Tsunami", "geologicAgeId": 15, "yearBegin": 1755, "yearEnd": 1755, "locationName": "Conil de La Frontera, Iberian Peninsula", "country": "SPAIN", "bodyOfWater": "Atlantic Ocean", "description": "sediment found in the centre of Conil de la Frontera, located approximately 5 m above mean sea level", "publish": true, "numTsunamiEvents": 0}}, {"type": "Feature", "id": "3122", "geometry": {"type": "Point", "coordinates": [142.113, 44.828]}, "properties": {"id": 3122, "author": "Kubota, A., Takeda, Y., Yi, K. et al.", "year": "2025", "referenceId": 14493, "publicationType": 4, "geologicAgeId": 12, "locationName": "Nakagawa, Hokkaido (north)", "country": "JAPAN", "bodyOfWater": "Pacific Ocean & Sea of Japan", "description": "rich amber concentrations in Early Cretaceous deep sea deposits", "environment": "pelagic", "publish": true, "ageDescription": "Early Cretaceous (116\u2013114 Ma).", "numTsunamiEvents": 0}}, {"type": "Feature", "id": "3124", "geometry": {"type": "Point", "coordinates": [-79.414, 35.152]}, "properties": {"id": 3124, "author": "Ganis, G.R., Willoughby, R.H., Cicimurri, D.J., Whittecar, G.R. and Hageman, S.J.", "year": "2025", "referenceId": 14507, "publicationType": 4, "event": "Chesapeake Bay Impact Crater", "geologicAgeId": 14, "locationName": "North Carolina, USA", "country": "USA", "bodyOfWater": "Atlantic Ocean", "description": "Beds interpreted as Eocene bolide-generated impact and tsunami deposits", "publish": true, "ageDescription": "Eocene", "numTsunamiEvents": 0}}]}